,Area_m2,School_Walk_Min,Subway_Count,School_Count_Near,Mart_Count,Price_Hwansan,House_Age,Life_Infra_Score,Pharm_Parking_Sum,House_Type_Multi_Family,House_Type_Multi_Unit,House_Type_Row_House,House_Type_Single_House,House_Type_Villa,Rent_Type_Jeonse,Orientation_East,Orientation_South,Orientation_West
0,34.19,27,0,0,0,24380.0,9.0,43,5.0,False,False,False,False,True,False,True,False,False
1,34.19,14,0,2,1,24380.0,9.0,33,2.0,False,False,False,False,True,False,False,False,False
2,18.0,27,0,0,0,8050.0,9.0,43,5.0,False,False,False,False,True,False,True,False,False
3,30.69,27,0,0,0,21275.0,9.0,43,5.0,False,False,False,False,True,True,True,False,False
4,70.653,27,0,0,0,4715.0,8.0,43,5.0,False,False,False,False,True,False,True,False,False
5,25.77,50,0,0,1,6440.0,8.0,26,0.0,False,False,False,False,True,False,True,False,False
6,24.57,50,0,0,1,7015.0,8.0,26,0.0,False,False,False,False,True,False,True,False,False
7,18.0,27,0,0,0,12650.0,9.0,43,5.0,False,False,False,False,True,False,True,False,False
8,24.43,27,0,0,0,20700.0,9.0,43,5.0,False,False,False,False,True,True,True,False,False
9,24.43,27,0,0,0,20700.0,9.0,43,5.0,False,False,False,False,True,True,True,False,False
10,32.51,27,0,0,0,11845.0,5.0,43,5.0,False,False,False,False,True,False,True,False,False
11,21.35,27,0,0,0,11500.0,10.0,43,5.0,False,False,False,False,True,True,True,False,False
12,26.79,50,0,0,1,5060.0,13.0,26,0.0,False,False,False,False,True,False,True,False,False
13,24.88,27,0,0,0,15640.0,9.0,43,5.0,False,False,False,False,True,False,True,False,False
14,23.45,27,0,0,0,17480.0,9.0,43,5.0,False,False,False,False,True,True,True,False,False
15,19.11,27,0,0,0,8050.0,10.0,43,5.0,False,False,False,False,True,False,True,False,False
16,21.07,27,0,0,0,11465.5,10.0,43,5.0,False,False,False,False,True,True,True,False,False
17,21.99,27,0,0,0,12075.0,10.0,43,5.0,False,False,False,False,True,True,True,False,False
18,40.28,27,0,0,0,15525.0,5.0,43,5.0,False,False,False,False,True,False,True,False,False
19,21.07,27,0,0,0,10867.5,10.0,43,5.0,False,False,False,False,True,True,True,False,False
20,21.07,27,0,0,0,10867.5,10.0,43,5.0,False,False,False,False,True,True,True,False,False
21,35.67,27,0,0,0,20125.0,10.0,43,5.0,False,False,False,False,True,True,True,False,False
22,42.61,27,0,0,0,5520.0,8.0,43,5.0,False,False,False,False,True,False,True,False,False
23,38.87,27,0,0,0,8050.0,5.0,43,5.0,False,False,False,False,True,False,True,False,False
24,21.35,27,0,0,0,12075.0,10.0,43,5.0,False,False,False,False,True,True,True,False,False
25,21.35,27,0,0,0,12075.0,10.0,43,5.0,False,False,False,False,True,True,True,False,False
26,15.09,14,0,1,0,5200.0,12.0,12,0.0,False,True,False,False,False,False,True,False,False
27,47.7,14,0,1,0,20000.0,11.0,12,0.0,False,True,False,False,False,True,False,False,True
28,23.05,17,0,1,0,10000.0,4.0,25,0.0,False,True,False,False,False,False,False,False,False
29,15.6,19,0,0,0,6000.0,8.0,5,0.0,False,True,False,False,False,False,False,False,False
30,36.13,23,0,0,0,16500.0,7.0,11,0.0,False,True,False,False,False,False,True,False,False
31,47.7,14,0,1,0,18000.0,11.0,12,0.0,False,True,False,False,False,False,False,False,True
32,21.715,14,0,1,0,7000.0,12.0,12,0.0,False,True,False,False,False,False,True,False,False
33,23.28,23,0,0,0,5200.0,11.0,11,0.0,False,True,False,False,False,False,False,False,False
34,14.04,14,0,1,0,4500.0,12.0,12,0.0,False,True,False,False,False,False,True,False,False
35,13.2,17,0,1,0,3700.0,14.0,25,0.0,False,True,False,False,False,False,True,False,False
36,22.06,14,0,1,0,7000.0,12.0,12,0.0,False,True,False,False,False,False,True,False,False
37,15.09,14,0,1,0,4700.0,12.0,12,0.0,False,True,False,False,False,False,True,False,False
38,12.96,14,0,1,0,4255.0,12.0,12,0.0,False,True,False,False,False,False,True,False,False
39,14.13,23,0,0,0,11500.0,2.0,11,0.0,False,True,False,False,False,True,False,False,False
40,15.09,14,0,1,0,5405.0,12.0,12,0.0,False,True,False,False,False,False,True,False,False
41,15.6,19,0,0,0,7015.0,8.0,5,0.0,False,True,False,False,False,False,False,False,False
42,37.43,14,0,1,0,14720.0,3.0,12,0.0,False,True,False,False,False,False,False,False,True
43,25.19,14,0,1,0,8855.0,11.0,12,0.0,False,True,False,False,False,False,False,False,True
44,33.61,23,0,0,0,3064.75,2.0,11,0.0,False,True,False,False,False,False,False,False,False
45,14.51,14,0,2,1,11040.0,4.0,33,2.0,False,False,True,False,False,False,False,False,False
46,14.51,14,0,2,1,11040.0,4.0,33,2.0,False,False,True,False,False,False,False,False,False
47,22.06,14,0,1,0,8050.0,12.0,12,0.0,False,True,False,False,False,False,True,False,False
48,22.06,14,0,1,0,8050.0,12.0,12,0.0,False,True,False,False,False,False,True,False,False
49,36.13,23,0,0,0,19550.0,7.0,11,0.0,False,True,False,False,False,True,True,False,False
50,12.4,14,0,1,0,5175.0,12.0,12,0.0,False,False,True,False,False,False,True,False,False
51,15.6,19,0,0,0,7130.0,8.0,5,0.0,False,True,False,False,False,False,False,False,False
52,19.29,14,0,1,0,18400.0,3.0,12,0.0,False,True,False,False,False,True,False,False,True
53,17.5,14,0,1,0,8050.0,11.0,12,0.0,False,True,False,False,False,False,False,False,True
54,20.65,14,0,1,0,5175.0,11.0,12,0.0,False,True,False,False,False,False,False,False,True
55,15.89,14,0,1,0,5405.0,12.0,12,0.0,False,True,False,False,False,False,True,False,False
56,12.4,14,0,1,0,4830.0,12.0,12,0.0,False,True,False,False,False,False,True,False,False
57,17.5,14,0,1,0,6095.0,11.0,12,0.0,False,True,False,False,False,False,False,False,True
58,17.5,14,0,1,0,6095.0,11.0,12,0.0,False,True,False,False,False,False,False,False,True
59,36.06,23,0,0,0,3437.35,7.0,11,0.0,False,True,False,False,False,False,True,False,False
60,27.68,17,0,1,0,11270.0,4.0,25,0.0,False,True,False,False,False,False,False,False,False
61,17.0,23,0,0,0,6095.0,11.0,11,0.0,False,True,False,False,False,False,True,False,False
62,88.95,17,0,1,0,21160.0,4.0,25,0.0,False,True,False,False,False,False,False,False,False
63,23.05,17,0,1,0,10925.0,4.0,25,0.0,False,True,False,False,False,False,False,False,False
64,18.36,23,0,0,0,5635.0,11.0,11,0.0,False,True,False,False,False,False,False,False,False
65,15.39,19,0,0,0,6210.0,8.0,5,0.0,False,True,False,False,False,False,False,False,False
66,23.19,23,0,0,0,5405.0,11.0,11,0.0,False,True,False,False,False,False,False,False,False
67,36.13,23,0,0,0,19550.0,7.0,11,0.0,False,True,False,False,False,True,True,False,False
68,36.05,23,0,0,0,20700.0,2.0,11,0.0,False,True,False,False,False,True,False,False,False
69,21.715,14,0,1,0,7590.000000000001,12.0,12,0.0,False,True,False,False,False,False,True,False,False
70,21.715,14,0,1,0,7590.000000000001,12.0,12,0.0,False,True,False,False,False,False,True,False,False
71,29.98,17,0,1,0,9775.0,4.0,25,0.0,False,True,False,False,False,False,False,False,False
72,16.48,14,0,2,1,11615.0,4.0,33,2.0,False,False,True,False,False,False,False,False,False
73,14.54,14,0,2,1,9200.0,4.0,33,2.0,False,False,True,False,False,False,False,False,False
74,20.67,14,0,1,0,11270.0,3.0,12,0.0,False,True,False,False,False,False,False,False,True
75,13.3,17,0,1,0,4255.0,14.0,25,0.0,False,True,False,False,False,False,True,False,False
76,15.09,14,0,1,0,4945.0,14.0,12,0.0,False,True,False,False,False,False,False,False,True
77,13.6,14,0,1,0,6900.0,13.0,12,0.0,False,True,False,False,False,False,False,False,True
78,20.67,14,0,1,0,12995.0,3.0,12,0.0,False,True,False,False,False,False,False,False,True
79,38.85,23,0,0,0,15697.5,11.0,11,0.0,False,True,False,False,False,True,False,False,False
80,25.97,14,0,1,0,7245.0,11.0,12,0.0,False,True,False,False,False,False,False,False,True
81,13.42,17,0,1,0,4140.0,14.0,25,0.0,False,True,False,False,False,False,True,False,False
82,38.85,23,0,0,0,15697.5,11.0,11,0.0,False,True,False,False,False,True,False,False,False
83,18.59,23,0,0,0,10350.0,2.0,11,0.0,False,True,False,False,False,False,False,False,False
84,17.5,14,0,1,0,7360.0,11.0,12,0.0,False,True,False,False,False,False,False,False,True
85,14.61,14,0,1,0,5175.0,12.0,12,0.0,False,True,False,False,False,False,True,False,False
86,38.85,19,0,0,0,18400.0,3.0,5,0.0,False,True,False,False,False,False,False,False,False
87,23.19,23,0,0,0,5635.0,11.0,11,0.0,False,True,False,False,False,False,False,False,False
88,20.705,14,0,1,0,7590.000000000001,12.0,12,0.0,False,True,False,False,False,False,True,False,False
89,21.715,14,0,1,0,7590.000000000001,12.0,12,0.0,False,True,False,False,False,False,True,False,False
90,47.7,14,0,1,0,17825.0,11.0,12,0.0,False,True,False,False,False,True,False,False,True
91,21.715,14,0,1,0,7590.000000000001,12.0,12,0.0,False,True,False,False,False,False,True,False,False
92,37.43,14,0,1,0,16445.0,3.0,12,0.0,False,True,False,False,False,False,False,False,True
93,21.48,23,0,0,0,4255.0,28.0,11,0.0,False,True,False,False,False,False,False,False,False
94,21.21,14,0,1,0,7590.000000000001,12.0,12,0.0,False,True,False,False,False,False,True,False,False
95,14.51,14,0,2,1,11040.0,4.0,33,2.0,False,False,True,False,False,False,False,False,False
96,42.25,17,0,1,0,14375.0,12.0,25,0.0,False,True,False,False,False,True,False,False,False
97,42.25,17,0,1,0,14375.0,12.0,25,0.0,False,True,False,False,False,True,False,False,False
98,20.64,19,0,0,0,12650.0,3.0,5,0.0,False,True,False,False,False,False,False,False,False
99,17.0,23,0,0,0,5520.0,11.0,11,0.0,False,True,False,False,False,False,True,False,False
100,13.0,14,0,1,0,4945.0,14.0,12,0.0,False,True,False,False,False,False,False,False,True
101,20.64,19,0,0,0,12650.0,3.0,5,0.0,False,True,False,False,False,False,False,False,False
102,20.64,19,0,0,0,12650.0,3.0,5,0.0,False,True,False,False,False,False,False,False,False
103,47.475,17,0,1,0,19550.0,13.0,25,0.0,False,True,False,False,False,True,False,False,False
104,37.43,14,0,1,0,14720.0,3.0,12,0.0,False,True,False,False,False,False,False,False,True
105,50.89,14,0,1,0,19550.0,11.0,12,0.0,False,True,False,False,False,True,False,False,True
106,50.89,14,0,1,0,19550.0,11.0,12,0.0,False,True,False,False,False,True,False,False,True
107,15.39,19,0,0,0,6210.0,8.0,5,0.0,False,True,False,False,False,False,False,False,False
108,23.21,19,0,0,0,12190.0,3.0,5,0.0,False,True,False,False,False,False,False,False,False
109,19.7272,17,0,1,0,17250.0,6.0,25,0.0,False,True,False,False,False,True,False,False,False
110,21.715,14,0,1,0,7590.000000000001,12.0,12,0.0,False,True,False,False,False,False,True,False,False
111,20.65,14,0,1,0,9200.0,11.0,12,0.0,False,True,False,False,False,True,False,False,True
112,19.3984,17,0,1,0,11500.0,6.0,25,0.0,False,True,False,False,False,False,False,False,False
113,19.3984,17,0,1,0,14950.0,6.0,25,0.0,False,True,False,False,False,True,False,False,False
114,19.3984,17,0,1,0,14950.0,6.0,25,0.0,False,True,False,False,False,True,False,False,False
115,19.3984,17,0,1,0,10350.0,6.0,25,0.0,False,True,False,False,False,False,False,False,False
116,14.09,14,0,1,0,6900.0,13.0,12,0.0,False,True,False,False,False,False,False,False,True
117,16.39,14,0,2,1,10695.0,4.0,33,2.0,False,False,True,False,False,False,False,False,False
118,44.52,17,0,1,0,15065.0,4.0,25,0.0,False,True,False,False,False,False,False,False,False
119,44.52,17,0,1,0,15065.0,4.0,25,0.0,False,True,False,False,False,False,False,False,False
120,30.3,17,0,1,0,18360.0,6.0,25,0.0,False,False,False,False,True,True,False,False,False
121,35.09,23,0,0,0,5349.9,7.0,11,0.0,False,False,False,False,True,False,True,False,False
122,25.19,14,0,1,0,6120.0,11.0,12,0.0,False,False,False,False,True,False,False,False,True
123,13.0,14,0,1,0,4386.0,14.0,12,0.0,False,False,False,False,True,False,False,False,True
124,17.5,14,0,1,0,5814.0,11.0,12,0.0,False,False,False,False,True,False,False,False,True
125,21.43,14,0,1,0,5304.0,11.0,12,0.0,False,False,False,False,True,False,False,False,True
126,14.09,14,0,1,0,7140.0,13.0,12,0.0,False,False,False,False,True,True,False,False,True
127,14.09,14,0,1,0,6630.0,13.0,12,0.0,False,False,False,False,True,True,False,False,True
128,14.09,14,0,1,0,7140.0,13.0,12,0.0,False,False,False,False,True,True,False,False,True
129,15.09,14,0,1,0,4386.0,14.0,12,0.0,False,False,False,False,True,False,False,False,True
130,38.85,23,0,0,0,13260.0,11.0,11,0.0,False,False,False,False,True,True,False,False,False
131,21.21,14,0,1,0,13300.0,12.0,12,0.0,False,False,False,False,True,False,True,False,False
132,14.09,14,0,1,0,6800.0,13.0,12,0.0,False,False,False,False,True,True,False,False,True
133,14.61,14,0,1,0,6500.0,13.0,12,0.0,False,False,False,False,True,True,False,False,True
134,45.67,19,0,0,0,21900.0,6.0,5,0.0,False,False,False,False,True,True,False,False,False
135,45.67,19,0,0,0,21900.0,6.0,5,0.0,False,False,False,False,True,True,False,False,False
136,25.97,14,0,1,0,10500.0,11.0,12,0.0,False,False,False,False,True,True,False,False,True
137,48.26,19,0,0,0,9000.0,6.0,5,0.0,False,False,False,False,True,False,False,False,False
138,44.8,19,0,0,0,18000.0,6.0,5,0.0,False,False,False,False,True,True,False,False,False
139,14.09,14,0,1,0,6500.0,13.0,12,0.0,False,False,False,False,True,True,False,False,True
140,36.06,23,0,0,0,3453.0,7.0,11,0.0,False,False,False,False,True,False,True,False,False
141,47.51,19,0,0,0,18000.0,6.0,5,0.0,False,False,False,False,True,True,False,False,False
142,38.98,19,0,0,0,17000.0,6.0,5,0.0,False,False,False,False,True,True,False,False,False
143,38.98,19,0,0,0,9500.0,6.0,5,0.0,False,False,False,False,True,False,False,False,False
144,42.1,19,0,0,0,8000.0,6.0,5,0.0,False,False,False,False,True,False,False,False,False
145,48.26,19,0,0,0,20000.0,6.0,5,0.0,False,False,False,False,True,True,False,False,False
146,38.98,19,0,0,0,17000.0,6.0,5,0.0,False,False,False,False,True,True,False,False,False
147,48.26,19,0,0,0,20000.0,6.0,5,0.0,False,False,False,False,True,True,False,False,False
148,17.5,14,0,1,0,8900.0,11.0,12,0.0,False,False,False,False,True,True,False,False,True
149,22.06,14,0,1,0,10000.0,12.0,12,0.0,False,False,False,False,True,True,True,False,False
150,47.475,17,0,1,0,14500.0,13.0,25,0.0,False,False,False,False,True,True,False,False,False
151,15.6,19,0,0,0,5300.0,8.0,5,0.0,False,False,False,False,True,False,False,False,False
152,13.47,17,0,1,0,3300.0,14.0,25,0.0,False,False,False,False,True,False,True,False,False
153,12.4,14,0,1,0,6000.0,12.0,12,0.0,False,False,False,False,True,True,True,False,False
154,14.09,14,0,1,0,7000.0,13.0,12,0.0,False,False,False,False,True,True,False,False,True
155,25.19,14,0,1,0,6000.0,11.0,12,0.0,False,False,False,False,True,False,False,False,True
156,20.8,17,0,1,0,13000.0,6.0,25,0.0,False,False,False,False,True,True,False,False,False
157,25.01,17,0,1,0,15500.0,6.0,25,0.0,False,False,False,False,True,True,False,False,False
158,16.03,14,0,1,0,7000.0,13.0,12,0.0,False,False,False,False,True,True,False,False,True
159,18.8,17,0,1,0,12000.0,6.0,25,0.0,False,False,False,False,True,True,False,False,False
160,14.61,14,0,1,0,7000.0,13.0,12,0.0,False,False,False,False,True,True,False,False,True
161,18.8,17,0,1,0,12000.0,6.0,25,0.0,False,False,False,False,True,True,False,False,False
162,32.37,19,0,0,0,3000.0,8.0,5,0.0,False,False,False,False,True,True,False,False,False
163,18.01,17,0,1,0,10000.0,6.0,25,0.0,False,False,False,False,True,True,False,False,False
164,20.14,17,0,1,0,12000.0,6.0,25,0.0,False,False,False,False,True,True,False,False,False
165,36.13,23,0,0,0,15000.0,7.0,11,0.0,False,False,False,False,True,True,True,False,False
166,18.8,17,0,1,0,12000.0,6.0,25,0.0,False,False,False,False,True,True,False,False,False
167,47.475,17,0,1,0,13500.0,13.0,25,0.0,False,False,False,False,True,True,False,False,False
168,47.475,17,0,1,0,13500.0,13.0,25,0.0,False,False,False,False,True,True,False,False,False
169,36.12,23,0,0,0,3553.0,7.0,11,0.0,False,False,False,False,True,False,True,False,False
170,15.6,19,0,0,0,5500.0,8.0,5,0.0,False,False,False,False,True,False,False,False,False
171,19.7272,17,0,1,0,12000.0,6.0,25,0.0,False,False,False,False,True,True,False,False,False
172,19.7272,17,0,1,0,11500.0,6.0,25,0.0,False,False,False,False,True,True,False,False,False
173,19.7272,17,0,1,0,11500.0,6.0,25,0.0,False,False,False,False,True,True,False,False,False
174,21.48,23,0,0,0,3100.0,28.0,11,0.0,False,False,False,False,True,False,False,False,False
175,17.0,23,0,0,0,5500.0,11.0,11,0.0,False,False,False,False,True,False,True,False,False
176,26.02,50,0,0,1,4590.0,13.0,26,0.0,False,False,False,False,True,False,True,False,False
177,17.37,27,0,0,0,5406.0,9.0,43,5.0,False,False,False,False,True,False,True,False,False
178,19.11,27,0,0,0,5000.0,10.0,43,5.0,False,False,False,False,True,False,True,False,False
179,21.99,27,0,0,0,9450.0,10.0,43,5.0,False,False,False,False,True,True,True,False,False
180,41.71,27,0,0,0,17850.0,10.0,43,5.0,False,False,False,False,True,True,True,False,False
181,44.0,27,0,0,0,18900.0,9.0,43,5.0,False,False,False,False,True,True,True,False,False
182,41.71,27,0,0,0,17850.0,10.0,43,5.0,False,False,False,False,True,True,True,False,False
183,40.75,27,0,0,0,16800.0,10.0,43,5.0,False,False,False,False,True,True,True,False,False
184,19.59,27,0,0,0,10000.0,10.0,43,5.0,False,False,False,False,True,True,True,False,False
185,23.27,27,0,0,0,10500.0,10.0,43,5.0,False,False,False,False,True,True,True,False,False
186,18.66,27,0,0,0,12600.0,9.0,43,5.0,False,False,False,False,True,True,True,False,False
187,25.02,27,0,0,0,12600.0,9.0,43,5.0,False,False,False,False,True,True,True,False,False
188,41.71,27,0,0,0,17800.0,10.0,43,5.0,False,False,False,False,True,True,True,False,False
189,34.19,27,0,0,0,18900.0,9.0,43,5.0,False,False,False,False,True,True,True,False,False
190,54.8,27,0,0,0,20400.0,9.0,43,5.0,False,False,False,False,True,True,True,False,False
191,14.14,27,0,0,0,8400.0,9.0,43,5.0,False,False,False,False,True,True,True,False,False
192,24.98,27,0,0,0,13000.0,9.0,43,5.0,False,False,False,False,True,True,True,False,False
193,24.57,50,0,0,1,10000.0,8.0,26,0.0,False,False,False,False,True,True,True,False,False
194,24.88,27,0,0,0,15500.0,9.0,43,5.0,False,False,False,False,True,True,True,False,False
195,54.8,27,0,0,0,20000.0,9.0,43,5.0,False,False,False,False,True,True,True,False,False
196,24.88,27,0,0,0,7500.0,9.0,43,5.0,False,False,False,False,True,False,True,False,False
197,23.99,27,0,0,0,11000.0,9.0,43,5.0,False,False,False,False,True,True,True,False,False
198,18.0,27,0,0,0,7000.0,9.0,43,5.0,False,False,False,False,True,False,True,False,False
199,45.4,50,0,0,1,1000.0,13.0,26,0.0,False,False,False,False,True,True,True,False,False
200,19.59,27,0,0,0,9000.0,10.0,43,5.0,False,False,False,False,True,True,True,False,False
201,21.07,27,0,0,0,9500.0,10.0,43,5.0,False,False,False,False,True,True,True,False,False
202,44.98,50,0,0,1,7000.0,13.0,26,0.0,False,False,False,False,True,False,True,False,False
203,20.67,14,0,1,0,10800.0,3.0,12,0.0,False,False,False,False,True,False,False,False,True
204,36.06,23,0,0,0,5875.2,7.0,11,0.0,False,False,False,False,True,False,True,False,False
205,16.45,14,0,2,1,10584.0,4.0,33,2.0,False,False,False,False,True,False,False,False,False
206,22.86,17,0,1,0,9720.0,4.0,25,0.0,False,False,False,False,True,False,False,False,False
207,13.42,17,0,1,0,3671.9999999999995,14.0,25,0.0,False,False,False,False,True,False,True,False,False
208,13.6,14,0,1,0,5832.0,13.0,12,0.0,False,False,False,False,True,False,False,False,True
209,15.6,19,0,0,0,5832.0,8.0,5,0.0,False,False,False,False,True,False,False,False,False
210,25.01,17,0,1,0,18360.0,6.0,25,0.0,False,False,False,False,True,True,False,False,False
211,21.48,23,0,0,0,3564.0,28.0,11,0.0,False,False,False,False,True,False,False,False,False
212,21.48,23,0,0,0,3564.0,28.0,11,0.0,False,False,False,False,True,False,False,False,False
213,13.3,17,0,1,0,3780.0,14.0,25,0.0,False,False,False,False,True,False,True,False,False
214,21.715,14,0,1,0,7020.0,12.0,12,0.0,False,False,False,False,True,False,True,False,False
215,35.09,23,0,0,0,5897.88,7.0,11,0.0,False,False,False,False,True,False,True,False,False
216,15.09,14,0,1,0,4680.0,12.0,12,0.0,False,False,False,False,True,False,True,False,False
217,23.21,19,0,0,0,15600.0,4.0,5,0.0,False,False,False,False,True,True,False,False,False
218,23.21,19,0,0,0,15600.0,4.0,5,0.0,False,False,False,False,True,True,False,False,False
219,14.09,14,0,1,0,5616.0,13.0,12,0.0,False,False,False,False,True,False,False,False,True
220,13.6,14,0,1,0,3016.0,13.0,12,0.0,False,False,False,False,True,False,False,False,True
221,14.09,14,0,1,0,5928.0,13.0,12,0.0,False,False,False,False,True,False,False,False,True
222,13.38,14,0,1,0,5200.0,12.0,12,0.0,False,False,False,False,True,True,True,False,False
223,13.38,14,0,1,0,5200.0,12.0,12,0.0,False,False,False,False,True,True,True,False,False
224,17.3762,17,0,1,0,16120.0,6.0,25,0.0,False,False,False,False,True,True,False,False,False
225,28.84,14,0,1,0,8320.0,11.0,12,0.0,False,False,False,False,True,True,False,False,True
226,21.715,14,0,1,0,6864.0,12.0,12,0.0,False,False,False,False,True,False,True,False,False
227,23.21,19,0,0,0,15600.0,4.0,5,0.0,False,False,False,False,True,True,False,False,False
228,23.21,19,0,0,0,15600.0,4.0,5,0.0,False,False,False,False,True,True,False,False,False
229,18.36,23,0,0,0,4888.0,11.0,11,0.0,False,False,False,False,True,False,False,False,False
230,38.66,19,0,0,0,14040.0,4.0,5,0.0,False,False,False,False,True,False,False,False,False
231,48.26,19,0,0,0,4110.08,6.0,5,0.0,False,False,False,False,True,False,False,False,False
232,19.3984,17,0,1,0,14560.0,6.0,25,0.0,False,False,False,False,True,True,False,False,False
233,21.21,14,0,1,0,6760.0,12.0,12,0.0,False,False,False,False,True,False,True,False,False
234,20.705,14,0,1,0,6760.0,12.0,12,0.0,False,False,False,False,True,False,True,False,False
235,21.715,14,0,1,0,6760.0,12.0,12,0.0,False,False,False,False,True,False,True,False,False
236,18.36,23,0,0,0,4888.0,11.0,11,0.0,False,False,False,False,True,False,False,False,False
237,42.25,17,0,1,0,13000.0,12.0,25,0.0,False,False,False,False,True,True,False,False,False
238,21.715,14,0,1,0,6968.0,12.0,12,0.0,False,False,False,False,True,False,True,False,False
239,21.21,14,0,1,0,13832.0,12.0,12,0.0,False,False,False,False,True,False,True,False,False
240,19.7272,17,0,1,0,15600.0,6.0,25,0.0,False,False,False,False,True,True,False,False,False
241,19.7272,17,0,1,0,15600.0,6.0,25,0.0,False,False,False,False,True,True,False,False,False
242,38.98,19,0,0,0,17680.0,6.0,5,0.0,False,False,False,False,True,True,False,False,False
243,19.7272,17,0,1,0,15600.0,6.0,25,0.0,False,False,False,False,True,True,False,False,False
244,22.06,14,0,1,0,10400.0,12.0,12,0.0,False,False,False,False,True,True,True,False,False
245,38.59,17,0,1,0,13520.0,12.0,25,0.0,False,False,False,False,True,True,False,False,False
246,25.01,17,0,1,0,18720.0,6.0,25,0.0,False,False,False,False,True,True,False,False,False
247,20.705,14,0,1,0,6552.0,12.0,12,0.0,False,False,False,False,True,False,True,False,False
248,13.2,17,0,1,0,3744.0,14.0,25,0.0,False,False,False,False,True,False,True,False,False
249,18.8,17,0,1,0,12480.0,6.0,25,0.0,False,False,False,False,True,True,False,False,False
250,38.66,19,0,0,0,14040.0,4.0,5,0.0,False,False,False,False,True,False,False,False,False
251,19.08,19,0,0,0,10920.0,4.0,5,0.0,False,False,False,False,True,False,False,False,False
252,19.08,19,0,0,0,10920.0,4.0,5,0.0,False,False,False,False,True,False,False,False,False
253,17.54,19,0,0,0,9048.0,4.0,5,0.0,False,False,False,False,True,False,False,False,False
254,19.08,19,0,0,0,8632.0,4.0,5,0.0,False,False,False,False,True,False,False,False,False
255,19.08,19,0,0,0,10400.0,4.0,5,0.0,False,False,False,False,True,False,False,False,False
256,19.08,19,0,0,0,15600.0,4.0,5,0.0,False,False,False,False,True,True,False,False,False
257,19.08,19,0,0,0,15600.0,4.0,5,0.0,False,False,False,False,True,True,False,False,False
258,16.03,14,0,1,0,5720.0,13.0,12,0.0,False,False,False,False,True,False,False,False,True
259,20.705,14,0,1,0,6760.0,12.0,12,0.0,False,False,False,False,True,False,True,False,False
260,17.54,19,0,0,0,10400.0,4.0,5,0.0,False,False,False,False,True,False,False,False,False
261,19.7272,17,0,1,0,13520.0,6.0,25,0.0,False,False,False,False,True,False,False,False,False
262,17.95,19,0,0,0,9360.0,4.0,5,0.0,False,False,False,False,True,False,False,False,False
263,23.21,19,0,0,0,18720.0,4.0,5,0.0,False,False,False,False,True,True,False,False,False
264,21.715,14,0,1,0,6240.0,12.0,12,0.0,False,False,False,False,True,False,True,False,False
265,14.76,14,0,1,0,4472.0,14.0,12,0.0,False,False,False,False,True,False,False,False,True
266,17.95,19,0,0,0,9360.0,4.0,5,0.0,False,False,False,False,True,False,False,False,False
267,21.715,14,0,1,0,6552.0,12.0,12,0.0,False,False,False,False,True,False,True,False,False
268,14.09,14,0,1,0,5200.0,13.0,12,0.0,False,False,False,False,True,False,False,False,True
269,19.7272,17,0,1,0,13520.0,6.0,25,0.0,False,False,False,False,True,False,False,False,False
270,18.57,17,0,1,0,13000.0,6.0,25,0.0,False,False,False,False,True,True,False,False,False
271,18.01,17,0,1,0,10400.0,6.0,25,0.0,False,False,False,False,True,True,False,False,False
272,36.13,23,0,0,0,16380.0,7.0,11,0.0,False,False,False,False,True,True,True,False,False
273,49.56,17,0,1,0,4294.16,5.0,25,0.0,False,False,False,False,True,False,False,False,False
274,42.76,17,0,1,0,3685.76,5.0,25,0.0,False,False,False,False,True,False,False,False,False
275,22.44,17,0,1,0,13000.0,4.0,25,0.0,False,False,False,False,True,False,False,False,False
276,42.76,17,0,1,0,3789.76,5.0,25,0.0,False,False,False,False,True,False,False,False,False
277,22.44,17,0,1,0,12998.96,4.0,25,0.0,False,False,False,False,True,False,False,False,False
278,38.85,23,0,0,0,13520.0,11.0,11,0.0,False,False,False,False,True,True,False,False,False
279,22.44,17,0,1,0,16640.0,4.0,25,0.0,False,False,False,False,True,True,False,False,False
280,22.86,17,0,1,0,13520.0,4.0,25,0.0,False,False,False,False,True,False,False,False,False
281,22.86,17,0,1,0,14040.0,4.0,25,0.0,False,False,False,False,True,False,False,False,False
282,19.3984,17,0,1,0,14560.0,6.0,25,0.0,False,False,False,False,True,True,False,False,False
283,20.14,17,0,1,0,14040.0,6.0,25,0.0,False,False,False,False,True,True,False,False,False
284,22.86,17,0,1,0,12480.0,4.0,25,0.0,False,False,False,False,True,False,False,False,False
285,22.86,17,0,1,0,14560.0,4.0,25,0.0,False,False,False,False,True,True,False,False,False
286,56.1,17,0,1,0,17680.0,12.0,25,0.0,False,False,False,False,True,True,False,False,False
287,22.86,17,0,1,0,16640.0,4.0,25,0.0,False,False,False,False,True,True,False,False,False
288,22.86,17,0,1,0,14040.0,4.0,25,0.0,False,False,False,False,True,False,False,False,False
289,22.86,17,0,1,0,13520.0,4.0,25,0.0,False,False,False,False,True,False,False,False,False
290,22.86,17,0,1,0,14560.0,4.0,25,0.0,False,False,False,False,True,True,False,False,False
291,22.44,17,0,1,0,10400.0,4.0,25,0.0,False,False,False,False,True,False,False,False,False
292,22.86,17,0,1,0,9360.0,4.0,25,0.0,False,False,False,False,True,False,False,False,False
293,52.31,19,0,0,0,13212.16,6.0,5,0.0,False,False,False,False,True,False,False,False,False
294,22.86,17,0,1,0,13000.0,4.0,25,0.0,False,False,False,False,True,False,False,False,False
295,27.1,17,0,1,0,16640.0,4.0,25,0.0,False,False,False,False,True,True,False,False,False
296,27.1,17,0,1,0,16640.0,4.0,25,0.0,False,False,False,False,True,True,False,False,False
297,22.86,17,0,1,0,14560.0,4.0,25,0.0,False,False,False,False,True,False,False,False,False
298,13.38,14,0,1,0,3432.0,12.0,12,0.0,False,False,False,False,True,False,True,False,False
299,28.33,17,0,1,0,19760.0,4.0,25,0.0,False,False,False,False,True,True,False,False,False
300,23.05,17,0,1,0,9360.0,4.0,25,0.0,False,False,False,False,True,False,False,False,False
301,44.52,17,0,1,0,21840.0,4.0,25,0.0,False,False,False,False,True,True,False,False,False
302,28.33,17,0,1,0,19760.0,4.0,25,0.0,False,False,False,False,True,True,False,False,False
303,19.3984,17,0,1,0,14040.0,6.0,25,0.0,False,False,False,False,True,False,False,False,False
304,44.52,17,0,1,0,21840.0,4.0,25,0.0,False,False,False,False,True,True,False,False,False
305,22.86,17,0,1,0,16640.0,4.0,25,0.0,False,False,False,False,True,True,False,False,False
306,44.52,17,0,1,0,20800.0,4.0,25,0.0,False,False,False,False,True,True,False,False,False
307,22.86,17,0,1,0,15600.0,4.0,25,0.0,False,False,False,False,True,True,False,False,False
308,22.44,17,0,1,0,14560.0,4.0,25,0.0,False,False,False,False,True,True,False,False,False
309,22.44,17,0,1,0,16640.0,4.0,25,0.0,False,False,False,False,True,True,False,False,False
310,22.44,17,0,1,0,16640.0,4.0,25,0.0,False,False,False,False,True,True,False,False,False
311,22.44,17,0,1,0,14560.0,4.0,25,0.0,False,False,False,False,True,True,False,False,False
312,22.44,17,0,1,0,16640.0,4.0,25,0.0,False,False,False,False,True,True,False,False,False
313,19.3984,17,0,1,0,13104.0,6.0,25,0.0,False,False,False,False,True,True,False,False,False
314,12.96,14,0,1,0,3432.0,12.0,12,0.0,False,False,False,False,True,False,True,False,False
315,27.68,17,0,1,0,8840.0,4.0,25,0.0,False,False,False,False,True,False,False,False,False
316,16.45,14,0,2,1,8008.000000000001,4.0,33,2.0,False,False,False,False,True,False,False,False,False
317,37.8,17,0,1,0,12480.0,12.0,25,0.0,False,False,False,False,True,True,False,False,False
318,16.39,14,0,2,1,8112.0,4.0,33,2.0,False,False,False,False,True,False,False,False,False
319,19.59,27,0,0,0,10400.0,10.0,43,5.0,False,False,False,False,True,True,True,False,False
320,54.8,27,0,0,0,21840.0,9.0,43,5.0,False,False,False,False,True,True,True,False,False
321,21.99,27,0,0,0,10920.0,10.0,43,5.0,False,False,False,False,True,True,True,False,False
322,18.66,27,0,0,0,12480.0,9.0,43,5.0,False,False,False,False,True,True,True,False,False
323,26.94,50,0,0,1,4992.0,8.0,26,0.0,False,False,False,False,True,False,True,False,False
324,40.75,27,0,0,0,18304.0,10.0,43,5.0,False,False,False,False,True,True,True,False,False
325,26.79,50,0,0,1,4680.0,13.0,26,0.0,False,False,False,False,True,False,True,False,False
326,19.11,27,0,0,0,5408.0,10.0,43,5.0,False,False,False,False,True,False,True,False,False
327,49.1,50,0,0,1,6240.0,13.0,26,0.0,False,False,False,False,True,False,True,False,False
328,35.67,27,0,0,0,18564.0,10.0,43,5.0,False,False,False,False,True,True,True,False,False
329,19.11,27,0,0,0,5408.0,10.0,43,5.0,False,False,False,False,True,False,True,False,False
330,19.59,27,0,0,0,10920.0,10.0,43,5.0,False,False,False,False,True,True,True,False,False
331,19.59,27,0,0,0,10400.0,10.0,43,5.0,False,False,False,False,True,True,True,False,False
332,19.59,27,0,0,0,10400.0,10.0,43,5.0,False,False,False,False,True,True,True,False,False
333,19.59,27,0,0,0,10920.0,10.0,43,5.0,False,False,False,False,True,True,True,False,False
334,19.59,27,0,0,0,10400.0,10.0,43,5.0,False,False,False,False,True,True,True,False,False
335,19.59,27,0,0,0,10400.0,10.0,43,5.0,False,False,False,False,True,True,True,False,False
336,54.8,27,0,0,0,13832.0,9.0,43,5.0,False,False,False,False,True,False,True,False,False
337,49.25,50,0,0,1,7280.0,13.0,26,0.0,False,False,False,False,True,False,True,False,False
338,46.68,50,0,0,1,6240.0,13.0,26,0.0,False,False,False,False,True,False,True,False,False
339,21.99,27,0,0,0,9360.0,10.0,43,5.0,False,False,False,False,True,True,True,False,False
340,21.99,27,0,0,0,10920.0,10.0,43,5.0,False,False,False,False,True,True,True,False,False
341,35.67,27,0,0,0,18564.0,10.0,43,5.0,False,False,False,False,True,True,True,False,False
342,21.99,27,0,0,0,10920.0,10.0,43,5.0,False,False,False,False,True,True,True,False,False
343,40.943,27,0,0,0,2828.8,8.0,43,5.0,False,False,False,False,True,False,True,False,False
344,24.88,27,0,0,0,13104.0,9.0,43,5.0,False,False,False,False,True,False,True,False,False
345,24.88,27,0,0,0,13104.0,9.0,43,5.0,False,False,False,False,True,False,True,False,False
346,21.67,27,0,0,0,11440.0,10.0,43,5.0,False,False,False,False,True,True,True,False,False
347,21.99,27,0,0,0,11466.0,10.0,43,5.0,False,False,False,False,True,True,True,False,False
348,21.07,27,0,0,0,10810.8,10.0,43,5.0,False,False,False,False,True,True,True,False,False
349,24.88,27,0,0,0,13416.0,9.0,43,5.0,False,False,False,False,True,False,True,False,False
350,14.14,27,0,0,0,6215.0,9.0,43,5.0,False,False,False,False,True,False,True,False,False
351,14.14,27,0,0,0,6215.0,9.0,43,5.0,False,False,False,False,True,False,True,False,False
352,21.07,27,0,0,0,11746.35,10.0,43,5.0,False,False,False,False,True,True,True,False,False
353,19.44,50,0,0,1,5085.0,8.0,26,0.0,False,False,False,False,True,False,True,False,False
354,19.44,50,0,0,1,5085.0,8.0,26,0.0,False,False,False,False,True,False,True,False,False
355,18.0,27,0,0,0,7345.0,9.0,43,5.0,False,False,False,False,True,False,True,False,False
356,18.66,27,0,0,0,13608.0,9.0,43,5.0,False,False,False,False,True,True,True,False,False
357,24.98,27,0,0,0,17280.0,9.0,43,5.0,False,False,False,False,True,True,True,False,False
358,37.93,27,0,0,0,11124.0,5.0,43,5.0,False,False,False,False,True,False,True,False,False
359,30.69,27,0,0,0,19980.0,9.0,43,5.0,False,False,False,False,True,True,True,False,False
360,41.71,27,0,0,0,18360.0,10.0,43,5.0,False,False,False,False,True,True,True,False,False
361,24.98,27,0,0,0,14688.0,9.0,43,5.0,False,False,False,False,True,True,True,False,False
362,23.45,27,0,0,0,14904.0,9.0,43,5.0,False,False,False,False,True,False,True,False,False
363,44.0,27,0,0,0,21060.0,9.0,43,5.0,False,False,False,False,True,True,True,False,False
364,34.19,27,0,0,0,20412.0,9.0,43,5.0,False,False,False,False,True,True,True,False,False
365,30.69,27,0,0,0,19872.0,9.0,43,5.0,False,False,False,False,True,False,True,False,False
366,18.66,27,0,0,0,12960.0,9.0,43,5.0,False,False,False,False,True,True,True,False,False
367,25.02,27,0,0,0,14580.0,9.0,43,5.0,False,False,False,False,True,True,True,False,False
368,44.98,50,0,0,1,7344.0,13.0,26,0.0,False,False,False,False,True,False,True,False,False
369,30.69,27,0,0,0,14580.0,9.0,43,5.0,False,False,False,False,True,False,True,False,False
370,23.45,27,0,0,0,15660.0,9.0,43,5.0,False,False,False,False,True,True,True,False,False
371,21.99,27,0,0,0,10800.0,10.0,43,5.0,False,False,False,False,True,True,True,False,False
372,43.8,27,0,0,0,21600.0,9.0,43,5.0,False,False,False,False,True,True,True,False,False
373,24.88,27,0,0,0,11340.0,9.0,43,5.0,False,False,False,False,True,False,True,False,False
374,24.43,27,0,0,0,18900.0,9.0,43,5.0,False,False,False,False,True,True,True,False,False
375,56.199,27,0,0,0,5940.0,8.0,43,5.0,False,False,False,False,True,False,True,False,False
376,24.88,27,0,0,0,14040.0,9.0,43,5.0,False,False,False,False,True,False,True,False,False
377,21.94,50,0,0,1,4536.0,13.0,26,0.0,False,False,False,False,True,False,True,False,False
378,21.35,27,0,0,0,5616.0,10.0,43,5.0,False,False,False,False,True,False,True,False,False
379,19.11,27,0,0,0,9720.0,10.0,43,5.0,False,False,False,False,True,False,True,False,False
380,49.1,50,0,0,1,6588.0,13.0,26,0.0,False,False,False,False,True,False,True,False,False
381,23.01,27,0,0,0,12960.0,10.0,43,5.0,False,False,False,False,True,True,True,False,False
382,23.27,27,0,0,0,11880.0,10.0,43,5.0,False,False,False,False,True,True,True,False,False
383,40.75,27,0,0,0,19224.0,10.0,43,5.0,False,False,False,False,True,True,True,False,False
384,23.99,27,0,0,0,14040.0,9.0,43,5.0,False,False,False,False,True,True,True,False,False
385,19.11,27,0,0,0,10767.6,10.0,43,5.0,False,False,False,False,True,True,True,False,False
386,21.35,27,0,0,0,10773.0,10.0,43,5.0,False,False,False,False,True,True,True,False,False
387,23.01,27,0,0,0,11340.0,10.0,43,5.0,False,False,False,False,True,True,True,False,False
388,21.99,27,0,0,0,11340.0,10.0,43,5.0,False,False,False,False,True,True,True,False,False
389,24.69,27,0,0,0,18900.0,9.0,43,5.0,False,False,False,False,True,True,True,False,False
390,56.348,27,0,0,0,11038.68,8.0,43,5.0,False,False,False,False,True,False,True,False,False
391,18.0,27,0,0,0,13500.0,9.0,43,5.0,False,False,False,False,True,True,True,False,False
392,21.99,27,0,0,0,11340.0,10.0,43,5.0,False,False,False,False,True,True,True,False,False
393,21.99,27,0,0,0,11340.0,10.0,43,5.0,False,False,False,False,True,True,True,False,False
394,22.24,27,0,0,0,16200.0,9.0,43,5.0,False,False,False,False,True,True,True,False,False
395,20.65,23,0,0,0,6780.0,11.0,11,0.0,False,False,False,False,True,False,True,False,False
396,29.52,14,0,1,0,8475.0,11.0,12,0.0,False,False,False,False,True,False,False,False,True
397,17.5,14,0,1,0,7006.0,11.0,12,0.0,False,False,False,False,True,False,False,False,True
398,47.475,17,0,1,0,18080.0,13.0,25,0.0,False,False,False,False,True,True,False,False,False
399,21.36,23,0,0,0,9605.0,2.0,11,0.0,False,False,False,False,True,False,False,False,False
400,20.65,23,0,0,0,8475.0,11.0,11,0.0,False,False,False,False,True,True,True,False,False
401,20.64,19,0,0,0,12430.0,3.0,5,0.0,False,False,False,False,True,False,False,False,False
402,22.06,14,0,1,0,7910.0,12.0,12,0.0,False,False,False,False,True,False,True,False,False
403,19.3984,17,0,1,0,10735.0,6.0,25,0.0,False,False,False,False,True,False,False,False,False
404,19.3984,17,0,1,0,10170.0,6.0,25,0.0,False,False,False,False,True,False,False,False,False
405,23.21,19,0,0,0,12430.0,3.0,5,0.0,False,False,False,False,True,True,False,False,False
406,23.28,23,0,0,0,5876.0,11.0,11,0.0,False,False,False,False,True,False,False,False,False
407,23.68,19,0,0,0,12430.0,3.0,5,0.0,False,False,False,False,True,False,False,False,False
408,23.21,19,0,0,0,11300.0,4.0,5,0.0,False,False,False,False,True,False,False,False,False
409,15.6,19,0,0,0,6667.0,8.0,5,0.0,False,False,False,False,True,False,False,False,False
410,13.6,14,0,1,0,7345.0,13.0,12,0.0,False,False,False,False,True,False,False,False,True
411,25.97,14,0,1,0,11074.0,11.0,12,0.0,False,False,False,False,True,False,False,False,True
412,50.89,14,0,1,0,19888.0,11.0,12,0.0,False,False,False,False,True,True,False,False,True
413,50.89,14,0,1,0,19888.0,11.0,12,0.0,False,False,False,False,True,True,False,False,True
414,16.03,14,0,1,0,7910.0,13.0,12,0.0,False,False,False,False,True,False,False,False,True
415,16.03,14,0,1,0,4859.0,13.0,12,0.0,False,False,False,False,True,False,False,False,True
416,14.73,14,0,1,0,4859.0,14.0,12,0.0,False,False,False,False,True,False,False,False,True
417,47.7,14,0,1,0,19888.0,11.0,12,0.0,False,False,False,False,True,True,False,False,True
418,15.6,19,0,0,0,6328.0,8.0,5,0.0,False,False,False,False,True,False,False,False,False
419,16.03,14,0,1,0,7910.0,13.0,12,0.0,False,False,False,False,True,True,False,False,True
420,13.6,14,0,1,0,7232.0,13.0,12,0.0,False,False,False,False,True,False,False,False,True
421,47.7,14,0,1,0,18645.0,11.0,12,0.0,False,False,False,False,True,True,False,False,True
422,15.6,19,0,0,0,6441.0,8.0,5,0.0,False,False,False,False,True,False,False,False,False
423,23.28,23,0,0,0,5876.0,11.0,11,0.0,False,False,False,False,True,False,False,False,False
424,20.65,23,0,0,0,5650.0,11.0,11,0.0,False,False,False,False,True,False,True,False,False
425,15.39,19,0,0,0,5424.0,8.0,5,0.0,False,False,False,False,True,False,False,False,False
426,23.52,23,0,0,0,7345.0,11.0,11,0.0,False,False,False,False,True,False,True,False,False
427,13.6,14,0,1,0,7232.0,13.0,12,0.0,False,False,False,False,True,False,False,False,True
428,47.08,19,0,0,0,8410.59,6.0,5,0.0,False,False,False,False,True,False,False,False,False
429,18.9459,17,0,1,0,11300.0,6.0,25,0.0,False,False,False,False,True,True,False,False,False
430,20.705,14,0,1,0,7128.0,12.0,12,0.0,False,False,False,False,True,False,True,False,False
431,20.705,14,0,1,0,7128.0,12.0,12,0.0,False,False,False,False,True,False,True,False,False
432,13.2,17,0,1,0,3780.0,14.0,25,0.0,False,False,False,False,True,False,True,False,False
433,22.06,14,0,1,0,7560.0,12.0,12,0.0,False,False,False,False,True,False,True,False,False
434,22.86,17,0,1,0,10260.0,4.0,25,0.0,False,False,False,False,True,False,False,False,False
435,22.86,17,0,1,0,10260.0,4.0,25,0.0,False,False,False,False,True,False,False,False,False
436,12.96,14,0,1,0,3887.9999999999995,12.0,12,0.0,False,False,False,False,True,False,True,False,False
437,21.715,14,0,1,0,6912.0,12.0,12,0.0,False,False,False,False,True,False,True,False,False
438,21.715,14,0,1,0,7128.0,12.0,12,0.0,False,False,False,False,True,False,True,False,False
439,21.21,14,0,1,0,7128.0,12.0,12,0.0,False,False,False,False,True,False,True,False,False
440,17.54,19,0,0,0,10260.0,4.0,5,0.0,False,False,False,False,True,False,False,False,False
441,14.61,14,0,1,0,6912.0,13.0,12,0.0,False,False,False,False,True,False,False,False,True
442,19.08,19,0,0,0,9180.0,4.0,5,0.0,False,False,False,False,True,False,False,False,False
443,21.21,14,0,1,0,7128.0,12.0,12,0.0,False,False,False,False,True,False,True,False,False
444,21.21,14,0,1,0,7128.0,12.0,12,0.0,False,False,False,False,True,False,True,False,False
445,21.715,14,0,1,0,7128.0,12.0,12,0.0,False,False,False,False,True,False,True,False,False
446,12.96,14,0,1,0,3887.9999999999995,12.0,12,0.0,False,False,False,False,True,False,True,False,False
447,20.705,14,0,1,0,7128.0,12.0,12,0.0,False,False,False,False,True,False,True,False,False
448,15.6,19,0,0,0,5832.0,8.0,5,0.0,False,False,False,False,True,False,False,False,False
449,21.715,14,0,1,0,7128.0,12.0,12,0.0,False,False,False,False,True,False,True,False,False
450,17.5,14,0,1,0,6696.0,11.0,12,0.0,False,False,False,False,True,False,False,False,True
451,11.46,14,0,1,0,4320.0,12.0,12,0.0,False,False,False,False,True,False,True,False,False
452,17.54,19,0,0,0,8640.0,4.0,5,0.0,False,False,False,False,True,False,False,False,False
453,21.21,14,0,1,0,7128.0,12.0,12,0.0,False,False,False,False,True,False,True,False,False
454,21.43,14,0,1,0,4428.0,11.0,12,0.0,False,False,False,False,True,False,False,False,True
455,17.5,14,0,1,0,6696.0,11.0,12,0.0,False,False,False,False,True,False,False,False,True
456,21.715,14,0,1,0,7128.0,12.0,12,0.0,False,False,False,False,True,False,True,False,False
457,42.25,17,0,1,0,12960.0,12.0,25,0.0,False,False,False,False,True,True,False,False,False
458,18.8,17,0,1,0,9180.0,6.0,25,0.0,False,False,False,False,True,False,False,False,False
459,36.56,23,0,0,0,6058.8,7.0,11,0.0,False,False,False,False,True,False,True,False,False
460,17.0,23,0,0,0,5184.0,11.0,11,0.0,False,False,False,False,True,False,True,False,False
461,20.65,14,0,1,0,9072.0,11.0,12,0.0,False,False,False,False,True,True,False,False,True
462,20.67,14,0,1,0,10260.0,3.0,12,0.0,False,False,False,False,True,False,False,False,True
463,23.19,23,0,0,0,4860.0,11.0,11,0.0,False,False,False,False,True,False,False,False,False
464,88.95,17,0,1,0,23760.0,4.0,25,0.0,False,False,False,False,True,False,False,False,False
465,88.95,17,0,1,0,23760.0,4.0,25,0.0,False,False,False,False,True,False,False,False,False
466,22.44,17,0,1,0,12960.0,4.0,25,0.0,False,False,False,False,True,True,False,False,False
467,20.67,14,0,1,0,10260.0,3.0,12,0.0,False,False,False,False,True,False,False,False,True
468,47.08,19,0,0,0,6791.04,6.0,5,0.0,False,False,False,False,True,False,False,False,False
469,19.32,23,0,0,0,5400.0,11.0,11,0.0,False,False,False,False,True,False,True,False,False
470,19.08,19,0,0,0,9720.0,4.0,5,0.0,False,False,False,False,True,False,False,False,False
471,47.475,17,0,1,0,9720.0,13.0,25,0.0,False,False,False,False,True,False,False,False,False
472,20.67,14,0,1,0,11880.0,3.0,12,0.0,False,False,False,False,True,False,False,False,True
473,14.09,14,0,1,0,6912.0,13.0,12,0.0,False,False,False,False,True,False,False,False,True
474,44.52,17,0,1,0,18360.0,4.0,25,0.0,False,False,False,False,True,True,False,False,False
475,20.705,14,0,1,0,7128.0,12.0,12,0.0,False,False,False,False,True,False,True,False,False
476,25.97,14,0,1,0,6372.0,11.0,12,0.0,False,False,False,False,True,False,False,False,True
477,34.31,14,0,1,0,17280.0,3.0,12,0.0,False,False,False,False,True,False,False,False,True
478,13.42,17,0,1,0,3780.0,14.0,25,0.0,False,False,False,False,True,False,True,False,False
479,23.37,14,0,1,0,11340.0,3.0,12,0.0,False,False,False,False,True,False,False,False,True
480,23.37,14,0,1,0,11664.0,3.0,12,0.0,False,False,False,False,True,False,False,False,True
481,20.67,14,0,1,0,11880.0,3.0,12,0.0,False,False,False,False,True,True,False,False,True
482,20.14,17,0,1,0,12960.0,6.0,25,0.0,False,False,False,False,True,True,False,False,False
483,21.715,14,0,1,0,7128.0,12.0,12,0.0,False,False,False,False,True,False,True,False,False
484,11.46,14,0,1,0,3780.0,12.0,12,0.0,False,False,False,False,True,False,True,False,False
485,42.16,19,0,0,0,21600.0,3.0,5,0.0,False,False,False,False,True,True,False,False,False
486,25.01,17,0,1,0,14580.0,6.0,25,0.0,False,False,False,False,True,False,False,False,False
487,19.3984,17,0,1,0,17280.0,6.0,25,0.0,False,False,False,False,True,True,False,False,False
488,21.715,14,0,1,0,7128.0,12.0,12,0.0,False,False,False,False,True,False,True,False,False
489,47.475,17,0,1,0,17280.0,13.0,25,0.0,False,False,False,False,True,True,False,False,False
490,17.95,19,0,0,0,10800.0,4.0,5,0.0,False,False,False,False,True,False,False,False,False
491,19.3984,17,0,1,0,9720.0,6.0,25,0.0,False,False,False,False,True,False,False,False,False
492,46.14,14,0,1,0,18036.0,11.0,12,0.0,False,False,False,False,True,True,False,False,True
493,19.3984,17,0,1,0,11880.0,6.0,25,0.0,False,False,False,False,True,True,False,False,False
494,17.44,14,0,1,0,15120.0,3.0,12,0.0,False,False,False,False,True,True,False,False,True
495,20.705,14,0,1,0,7128.0,12.0,12,0.0,False,False,False,False,True,False,True,False,False
496,29.52,14,0,1,0,7992.0,11.0,12,0.0,False,False,False,False,True,False,False,False,True
497,47.7,14,0,1,0,15984.0,11.0,12,0.0,False,False,False,False,True,True,False,False,True
498,38.85,19,0,0,0,17280.0,3.0,5,0.0,False,False,False,False,True,False,False,False,False
499,23.21,19,0,0,0,13500.0,3.0,5,0.0,False,False,False,False,True,False,False,False,False
500,34.36,14,0,1,0,19980.0,3.0,12,0.0,False,False,False,False,True,True,False,False,True
501,23.21,19,0,0,0,11448.0,3.0,5,0.0,False,False,False,False,True,False,False,False,False
502,15.39,19,0,0,0,5616.0,8.0,5,0.0,False,False,False,False,True,False,False,False,False
503,37.43,14,0,1,0,13500.0,3.0,12,0.0,False,False,False,False,True,False,False,False,True
504,37.43,14,0,1,0,15120.0,3.0,12,0.0,False,False,False,False,True,False,False,False,True
505,23.21,19,0,0,0,15660.0,3.0,5,0.0,False,False,False,False,True,True,False,False,False
506,24.05,14,0,1,0,18360.0,3.0,12,0.0,False,False,False,False,True,True,False,False,True
507,20.67,14,0,1,0,14580.0,3.0,12,0.0,False,False,False,False,True,True,False,False,True
508,24.05,14,0,1,0,17820.0,3.0,12,0.0,False,False,False,False,True,True,False,False,True
509,19.29,14,0,1,0,17280.0,3.0,12,0.0,False,False,False,False,True,True,False,False,True
510,19.29,14,0,1,0,17280.0,3.0,12,0.0,False,False,False,False,True,True,False,False,True
511,30.3,17,0,1,0,18360.0,6.0,25,0.0,False,False,False,False,True,True,False,False,False
512,30.3,17,0,1,0,19440.0,6.0,25,0.0,False,False,False,False,True,True,False,False,False
513,36.12,23,0,0,0,4938.84,7.0,11,0.0,False,False,False,False,True,False,True,False,False
514,23.05,17,0,1,0,9720.0,4.0,25,0.0,False,False,False,False,True,False,False,False,False
515,17.54,19,0,0,0,8640.0,4.0,5,0.0,False,False,False,False,True,False,False,False,False
516,19.08,19,0,0,0,10800.0,4.0,5,0.0,False,False,False,False,True,False,False,False,False
517,27.1,17,0,1,0,17280.0,4.0,25,0.0,False,False,False,False,True,True,False,False,False
518,19.3984,17,0,1,0,10800.0,6.0,25,0.0,False,False,False,False,True,False,False,False,False
519,25.97,14,0,1,0,6372.0,11.0,12,0.0,False,False,False,False,True,False,False,False,True
520,27.68,17,0,1,0,10260.0,4.0,25,0.0,False,False,False,False,True,False,False,False,False
521,23.21,19,0,0,0,10800.0,4.0,5,0.0,False,False,False,False,True,False,False,False,False
522,20.65,23,0,0,0,6780.0,11.0,11,0.0,False,False,False,False,True,False,True,False,False
523,29.52,14,0,1,0,8475.0,11.0,12,0.0,False,False,False,False,True,False,False,False,True
524,17.5,14,0,1,0,7006.0,11.0,12,0.0,False,False,False,False,True,False,False,False,True
525,47.475,17,0,1,0,18080.0,13.0,25,0.0,False,False,False,False,True,True,False,False,False
526,21.36,23,0,0,0,9605.0,2.0,11,0.0,False,False,False,False,True,False,False,False,False
527,20.65,23,0,0,0,8475.0,11.0,11,0.0,False,False,False,False,True,True,True,False,False
528,20.64,19,0,0,0,12430.0,3.0,5,0.0,False,False,False,False,True,False,False,False,False
529,22.06,14,0,1,0,7910.0,12.0,12,0.0,False,False,False,False,True,False,True,False,False
530,19.3984,17,0,1,0,10735.0,6.0,25,0.0,False,False,False,False,True,False,False,False,False
531,19.3984,17,0,1,0,10170.0,6.0,25,0.0,False,False,False,False,True,False,False,False,False
532,23.21,19,0,0,0,12430.0,3.0,5,0.0,False,False,False,False,True,True,False,False,False
533,23.28,23,0,0,0,5876.0,11.0,11,0.0,False,False,False,False,True,False,False,False,False
534,23.68,19,0,0,0,12430.0,3.0,5,0.0,False,False,False,False,True,False,False,False,False
535,23.21,19,0,0,0,11300.0,4.0,5,0.0,False,False,False,False,True,False,False,False,False
536,15.6,19,0,0,0,6667.0,8.0,5,0.0,False,False,False,False,True,False,False,False,False
537,13.6,14,0,1,0,7345.0,13.0,12,0.0,False,False,False,False,True,False,False,False,True
538,25.97,14,0,1,0,11074.0,11.0,12,0.0,False,False,False,False,True,False,False,False,True
539,50.89,14,0,1,0,19888.0,11.0,12,0.0,False,False,False,False,True,True,False,False,True
540,50.89,14,0,1,0,19888.0,11.0,12,0.0,False,False,False,False,True,True,False,False,True
541,16.03,14,0,1,0,7910.0,13.0,12,0.0,False,False,False,False,True,False,False,False,True
542,16.03,14,0,1,0,4859.0,13.0,12,0.0,False,False,False,False,True,False,False,False,True
543,14.73,14,0,1,0,4859.0,14.0,12,0.0,False,False,False,False,True,False,False,False,True
544,47.7,14,0,1,0,19888.0,11.0,12,0.0,False,False,False,False,True,True,False,False,True
545,15.6,19,0,0,0,6328.0,8.0,5,0.0,False,False,False,False,True,False,False,False,False
546,16.03,14,0,1,0,7910.0,13.0,12,0.0,False,False,False,False,True,True,False,False,True
547,13.6,14,0,1,0,7232.0,13.0,12,0.0,False,False,False,False,True,False,False,False,True
548,47.7,14,0,1,0,18645.0,11.0,12,0.0,False,False,False,False,True,True,False,False,True
549,15.6,19,0,0,0,6441.0,8.0,5,0.0,False,False,False,False,True,False,False,False,False
550,23.28,23,0,0,0,5876.0,11.0,11,0.0,False,False,False,False,True,False,False,False,False
551,20.65,23,0,0,0,5650.0,11.0,11,0.0,False,False,False,False,True,False,True,False,False
552,15.39,19,0,0,0,5424.0,8.0,5,0.0,False,False,False,False,True,False,False,False,False
553,23.52,23,0,0,0,7345.0,11.0,11,0.0,False,False,False,False,True,False,True,False,False
554,13.6,14,0,1,0,7232.0,13.0,12,0.0,False,False,False,False,True,False,False,False,True
555,47.08,19,0,0,0,8410.59,6.0,5,0.0,False,False,False,False,True,False,False,False,False
556,18.9459,17,0,1,0,11300.0,6.0,25,0.0,False,False,False,False,True,True,False,False,False
557,20.705,14,0,1,0,7128.0,12.0,12,0.0,False,False,False,False,True,False,True,False,False
558,20.705,14,0,1,0,7128.0,12.0,12,0.0,False,False,False,False,True,False,True,False,False
559,13.2,17,0,1,0,3780.0,14.0,25,0.0,False,False,False,False,True,False,True,False,False
560,22.06,14,0,1,0,7560.0,12.0,12,0.0,False,False,False,False,True,False,True,False,False
561,22.86,17,0,1,0,10260.0,4.0,25,0.0,False,False,False,False,True,False,False,False,False
562,22.86,17,0,1,0,10260.0,4.0,25,0.0,False,False,False,False,True,False,False,False,False
563,12.96,14,0,1,0,3887.9999999999995,12.0,12,0.0,False,False,False,False,True,False,True,False,False
564,21.715,14,0,1,0,6912.0,12.0,12,0.0,False,False,False,False,True,False,True,False,False
565,21.715,14,0,1,0,7128.0,12.0,12,0.0,False,False,False,False,True,False,True,False,False
566,21.21,14,0,1,0,7128.0,12.0,12,0.0,False,False,False,False,True,False,True,False,False
567,17.54,19,0,0,0,10260.0,4.0,5,0.0,False,False,False,False,True,False,False,False,False
568,14.61,14,0,1,0,6912.0,13.0,12,0.0,False,False,False,False,True,False,False,False,True
569,19.08,19,0,0,0,9180.0,4.0,5,0.0,False,False,False,False,True,False,False,False,False
570,21.21,14,0,1,0,7128.0,12.0,12,0.0,False,False,False,False,True,False,True,False,False
571,21.21,14,0,1,0,7128.0,12.0,12,0.0,False,False,False,False,True,False,True,False,False
572,21.715,14,0,1,0,7128.0,12.0,12,0.0,False,False,False,False,True,False,True,False,False
573,12.96,14,0,1,0,3887.9999999999995,12.0,12,0.0,False,False,False,False,True,False,True,False,False
574,20.705,14,0,1,0,7128.0,12.0,12,0.0,False,False,False,False,True,False,True,False,False
575,15.6,19,0,0,0,5832.0,8.0,5,0.0,False,False,False,False,True,False,False,False,False
576,21.715,14,0,1,0,7128.0,12.0,12,0.0,False,False,False,False,True,False,True,False,False
577,17.5,14,0,1,0,6696.0,11.0,12,0.0,False,False,False,False,True,False,False,False,True
578,11.46,14,0,1,0,4320.0,12.0,12,0.0,False,False,False,False,True,False,True,False,False
579,17.54,19,0,0,0,8640.0,4.0,5,0.0,False,False,False,False,True,False,False,False,False
580,21.21,14,0,1,0,7128.0,12.0,12,0.0,False,False,False,False,True,False,True,False,False
581,21.43,14,0,1,0,4428.0,11.0,12,0.0,False,False,False,False,True,False,False,False,True
582,17.5,14,0,1,0,6696.0,11.0,12,0.0,False,False,False,False,True,False,False,False,True
583,21.715,14,0,1,0,7128.0,12.0,12,0.0,False,False,False,False,True,False,True,False,False
584,42.25,17,0,1,0,12960.0,12.0,25,0.0,False,False,False,False,True,True,False,False,False
585,18.8,17,0,1,0,9180.0,6.0,25,0.0,False,False,False,False,True,False,False,False,False
586,36.56,23,0,0,0,6058.8,7.0,11,0.0,False,False,False,False,True,False,True,False,False
587,17.0,23,0,0,0,5184.0,11.0,11,0.0,False,False,False,False,True,False,True,False,False
588,20.65,14,0,1,0,9072.0,11.0,12,0.0,False,False,False,False,True,True,False,False,True
589,20.67,14,0,1,0,10260.0,3.0,12,0.0,False,False,False,False,True,False,False,False,True
590,23.19,23,0,0,0,4860.0,11.0,11,0.0,False,False,False,False,True,False,False,False,False
591,88.95,17,0,1,0,23760.0,4.0,25,0.0,False,False,False,False,True,False,False,False,False
592,88.95,17,0,1,0,23760.0,4.0,25,0.0,False,False,False,False,True,False,False,False,False
593,21.21,14,0,1,0,7590.000000000001,12.0,12,0.0,False,False,False,False,True,False,True,False,False
594,27.1,17,0,1,0,13800.0,4.0,25,0.0,False,False,False,False,True,True,False,False,False
595,27.1,17,0,1,0,11500.0,4.0,25,0.0,False,False,False,False,True,False,False,False,False
596,47.475,17,0,1,0,18400.0,13.0,25,0.0,False,False,False,False,True,True,False,False,False
597,24.05,14,0,1,0,19550.0,3.0,12,0.0,False,False,False,False,True,True,False,False,True
598,29.52,14,0,1,0,8970.0,11.0,12,0.0,False,False,False,False,True,False,False,False,True
599,15.6,19,0,0,0,6900.0,8.0,5,0.0,False,False,False,False,True,False,False,False,False
600,15.6,19,0,0,0,6670.0,8.0,5,0.0,False,False,False,False,True,False,False,False,False
601,21.715,14,0,1,0,7590.000000000001,12.0,12,0.0,False,False,False,False,True,False,True,False,False
602,14.09,14,0,1,0,7360.0,13.0,12,0.0,False,False,False,False,True,False,False,False,True
603,13.63,17,0,1,0,4255.0,14.0,25,0.0,False,False,False,False,True,False,True,False,False
604,25.97,14,0,1,0,8625.0,11.0,12,0.0,False,False,False,False,True,False,False,False,True
605,15.6,19,0,0,0,7015.0,8.0,5,0.0,False,False,False,False,True,False,False,False,False
606,25.97,14,0,1,0,11500.0,11.0,12,0.0,False,False,False,False,True,False,False,False,True
607,29.52,14,0,1,0,8625.0,11.0,12,0.0,False,False,False,False,True,False,False,False,True
608,23.52,23,0,0,0,6900.0,11.0,11,0.0,False,False,False,False,True,False,True,False,False
609,12.96,14,0,1,0,4255.0,12.0,12,0.0,False,False,False,False,True,False,True,False,False
610,17.5,14,0,1,0,7360.0,11.0,12,0.0,False,False,False,False,True,False,False,False,True
611,24.42,23,0,0,0,6900.0,11.0,11,0.0,False,False,False,False,True,False,True,False,False
612,12.4,14,0,1,0,4830.0,12.0,12,0.0,False,False,False,False,True,False,True,False,False
613,25.19,14,0,1,0,8050.0,11.0,12,0.0,False,False,False,False,True,False,False,False,True
614,22.86,17,0,1,0,10695.0,4.0,25,0.0,False,False,False,False,True,False,False,False,False
615,14.09,14,0,1,0,7360.0,13.0,12,0.0,False,False,False,False,True,False,False,False,True
616,21.18,23,0,0,0,5520.0,11.0,11,0.0,False,False,False,False,True,False,True,False,False
617,38.85,23,0,0,0,15697.5,11.0,11,0.0,False,False,False,False,True,True,False,False,False
618,14.61,14,0,1,0,7475.0,13.0,12,0.0,False,False,False,False,True,False,False,False,True
619,15.6,19,0,0,0,6900.0,8.0,5,0.0,False,False,False,False,True,False,False,False,False
620,38.85,23,0,0,0,15697.5,11.0,11,0.0,False,False,False,False,True,True,False,False,False
621,27.1,17,0,1,0,10350.0,4.0,25,0.0,False,False,False,False,True,False,False,False,False
622,13.6,14,0,1,0,7360.0,13.0,12,0.0,False,False,False,False,True,False,False,False,True
623,16.03,14,0,1,0,8050.0,13.0,12,0.0,False,False,False,False,True,False,False,False,True
624,17.5,14,0,1,0,7360.0,11.0,12,0.0,False,False,False,False,True,False,False,False,True
625,23.21,19,0,0,0,16675.0,3.0,5,0.0,False,False,False,False,True,True,False,False,False
626,16.48,14,0,2,1,10961.0,4.0,33,2.0,False,False,False,False,True,False,False,False,False
627,46.14,14,0,1,0,19775.0,11.0,12,0.0,False,False,False,False,True,True,False,False,True
628,17.5,14,0,1,0,7910.0,11.0,12,0.0,False,False,False,False,True,False,False,False,True
629,17.5,14,0,1,0,7910.0,11.0,12,0.0,False,False,False,False,True,False,False,False,True
630,19.3984,17,0,1,0,10170.0,6.0,25,0.0,False,False,False,False,True,False,False,False,False
631,20.705,14,0,1,0,7458.0,12.0,12,0.0,False,False,False,False,True,False,True,False,False
632,20.705,14,0,1,0,7458.0,12.0,12,0.0,False,False,False,False,True,False,True,False,False
633,20.705,14,0,1,0,7458.0,12.0,12,0.0,False,False,False,False,True,False,True,False,False
634,22.86,17,0,1,0,11300.0,4.0,25,0.0,False,False,False,False,True,False,False,False,False
635,22.86,17,0,1,0,11074.0,4.0,25,0.0,False,False,False,False,True,False,False,False,False
636,16.45,14,0,2,1,11074.0,4.0,33,2.0,False,False,False,False,True,False,False,False,False
637,46.59,19,0,0,0,5828.54,6.0,5,0.0,False,False,False,False,True,False,False,False,False
638,18.01,17,0,1,0,11300.0,6.0,25,0.0,False,False,False,False,True,True,False,False,False
639,15.09,14,0,1,0,4859.0,14.0,12,0.0,False,False,False,False,True,False,False,False,True
640,14.54,14,0,2,1,9040.0,4.0,33,2.0,False,False,False,False,True,False,False,False,False
641,22.06,14,0,1,0,7910.0,12.0,12,0.0,False,False,False,False,True,False,True,False,False
642,21.715,14,0,1,0,7458.0,12.0,12,0.0,False,False,False,False,True,False,True,False,False
643,15.6,19,0,0,0,6667.0,8.0,5,0.0,False,False,False,False,True,False,False,False,False
644,21.43,14,0,1,0,6102.0,11.0,12,0.0,False,False,False,False,True,False,False,False,True
645,24.05,14,0,1,0,19210.0,3.0,12,0.0,False,False,False,False,True,True,False,False,True
646,24.05,14,0,1,0,19210.0,3.0,12,0.0,False,False,False,False,True,True,False,False,True
647,21.21,14,0,1,0,7458.0,12.0,12,0.0,False,False,False,False,True,False,True,False,False
648,21.43,14,0,1,0,5085.0,11.0,12,0.0,False,False,False,False,True,False,False,False,True
649,48.26,19,0,0,0,3842.0,6.0,5,0.0,False,False,False,False,True,False,False,False,False
650,34.31,14,0,1,0,15820.0,3.0,12,0.0,False,False,False,False,True,False,False,False,True
651,25.19,14,0,1,0,8701.0,11.0,12,0.0,False,False,False,False,True,False,False,False,True
652,13.6,14,0,1,0,7232.0,13.0,12,0.0,False,False,False,False,True,False,False,False,True
653,14.76,14,0,1,0,4859.0,14.0,12,0.0,False,False,False,False,True,False,False,False,True
654,20.67,14,0,1,0,15255.0,3.0,12,0.0,False,False,False,False,True,True,False,False,True
655,16.45,14,0,2,1,11074.0,4.0,33,2.0,False,False,False,False,True,False,False,False,False
656,23.19,23,0,0,0,5537.0,11.0,11,0.0,False,False,False,False,True,False,False,False,False
657,15.09,14,0,1,0,4859.0,14.0,12,0.0,False,False,False,False,True,False,False,False,True
658,19.3984,17,0,1,0,14690.0,6.0,25,0.0,False,False,False,False,True,True,False,False,False
659,21.715,14,0,1,0,7458.0,12.0,12,0.0,False,False,False,False,True,False,True,False,False
660,12.4,14,0,1,0,4746.0,12.0,12,0.0,False,False,False,False,True,False,True,False,False
661,12.4,14,0,1,0,4746.0,12.0,12,0.0,False,False,False,False,True,False,True,False,False
662,16.45,14,0,2,1,9718.0,4.0,33,2.0,False,False,False,False,True,False,False,False,False
663,17.5,14,0,1,0,5876.0,11.0,12,0.0,False,False,False,False,True,False,False,False,True
664,19.7272,17,0,1,0,15255.0,6.0,25,0.0,False,False,False,False,True,True,False,False,False
665,18.01,17,0,1,0,11300.0,6.0,25,0.0,False,False,False,False,True,True,False,False,False
666,18.57,17,0,1,0,14125.0,6.0,25,0.0,False,False,False,False,True,True,False,False,False
667,19.3984,17,0,1,0,14238.0,6.0,25,0.0,False,False,False,False,True,True,False,False,False
668,23.05,17,0,1,0,10170.0,4.0,25,0.0,False,False,False,False,True,False,False,False,False
669,18.9459,17,0,1,0,13560.0,6.0,25,0.0,False,False,False,False,True,True,False,False,False
670,23.19,23,0,0,0,5311.0,11.0,11,0.0,False,False,False,False,True,False,False,False,False
671,19.3984,17,0,1,0,10170.0,6.0,25,0.0,False,False,False,False,True,False,False,False,False
672,20.67,14,0,1,0,10735.0,3.0,12,0.0,False,False,False,False,True,False,False,False,True
673,20.14,17,0,1,0,13560.0,6.0,25,0.0,False,False,False,False,True,True,False,False,False
674,19.08,19,0,0,0,15820.0,4.0,5,0.0,False,False,False,False,True,True,False,False,False
675,19.7272,17,0,1,0,14690.0,6.0,25,0.0,False,False,False,False,True,True,False,False,False
676,17.44,14,0,1,0,15820.0,3.0,12,0.0,False,False,False,False,True,True,False,False,True
677,23.44,23,0,0,0,5876.0,11.0,11,0.0,False,False,False,False,True,False,False,False,False
678,20.67,14,0,1,0,15255.0,3.0,12,0.0,False,False,False,False,True,True,False,False,True
679,24.05,14,0,1,0,18645.0,3.0,12,0.0,False,False,False,False,True,True,False,False,True
680,34.36,14,0,1,0,20905.0,3.0,12,0.0,False,False,False,False,True,True,False,False,True
681,34.31,14,0,1,0,15820.0,3.0,12,0.0,False,False,False,False,True,False,False,False,True
682,20.67,14,0,1,0,12430.0,3.0,12,0.0,False,False,False,False,True,False,False,False,True
683,20.67,14,0,1,0,12317.0,3.0,12,0.0,False,False,False,False,True,False,False,False,True
684,23.37,14,0,1,0,12204.0,3.0,12,0.0,False,False,False,False,True,False,False,False,True
685,19.29,14,0,1,0,18080.0,3.0,12,0.0,False,False,False,False,True,True,False,False,True
686,18.9459,17,0,1,0,14690.0,6.0,25,0.0,False,False,False,False,True,True,False,False,False
687,17.3762,17,0,1,0,17515.0,6.0,25,0.0,False,False,False,False,True,True,False,False,False
688,19.7272,17,0,1,0,15820.0,6.0,25,0.0,False,False,False,False,True,True,False,False,False
689,19.3984,17,0,1,0,11300.0,6.0,25,0.0,False,False,False,False,True,True,False,False,False
690,18.9459,17,0,1,0,12430.0,6.0,25,0.0,False,False,False,False,True,True,False,False,False
691,19.7272,17,0,1,0,14125.0,6.0,25,0.0,False,False,False,False,True,False,False,False,False
692,17.6614,17,0,1,0,16837.0,6.0,25,0.0,False,False,False,False,True,True,False,False,False
693,19.3984,17,0,1,0,10735.0,6.0,25,0.0,False,False,False,False,True,False,False,False,False
694,19.3984,17,0,1,0,16950.0,6.0,25,0.0,False,False,False,False,True,True,False,False,False
695,19.7272,17,0,1,0,16950.0,6.0,25,0.0,False,False,False,False,True,True,False,False,False
696,19.3984,17,0,1,0,12430.0,6.0,25,0.0,False,False,False,False,True,True,False,False,False
697,19.3984,17,0,1,0,14690.0,6.0,25,0.0,False,False,False,False,True,True,False,False,False
698,19.7272,17,0,1,0,16385.0,6.0,25,0.0,False,False,False,False,True,True,False,False,False
699,19.3984,17,0,1,0,11300.0,6.0,25,0.0,False,False,False,False,True,False,False,False,False
700,19.3984,17,0,1,0,10170.0,6.0,25,0.0,False,False,False,False,True,False,False,False,False
701,19.3984,17,0,1,0,9944.0,6.0,25,0.0,False,False,False,False,True,False,False,False,False
702,19.3984,17,0,1,0,10170.0,6.0,25,0.0,False,False,False,False,True,False,False,False,False
703,19.7272,17,0,1,0,16950.0,6.0,25,0.0,False,False,False,False,True,True,False,False,False
704,19.3984,17,0,1,0,13560.0,6.0,25,0.0,False,False,False,False,True,True,False,False,False
705,19.3984,17,0,1,0,10170.0,6.0,25,0.0,False,False,False,False,True,False,False,False,False
706,19.3984,17,0,1,0,14238.0,6.0,25,0.0,False,False,False,False,True,True,False,False,False
707,22.86,17,0,1,0,14690.0,4.0,25,0.0,False,False,False,False,True,True,False,False,False
708,22.86,17,0,1,0,16950.0,4.0,25,0.0,False,False,False,False,True,True,False,False,False
709,22.86,17,0,1,0,5650.0,4.0,25,0.0,False,False,False,False,True,True,False,False,False
710,22.86,17,0,1,0,12995.0,4.0,25,0.0,False,False,False,False,True,False,False,False,False
711,28.33,17,0,1,0,12091.0,4.0,25,0.0,False,False,False,False,True,False,False,False,False
712,22.86,17,0,1,0,14690.0,4.0,25,0.0,False,False,False,False,True,True,False,False,False
713,22.86,17,0,1,0,10735.0,4.0,25,0.0,False,False,False,False,True,False,False,False,False
714,28.79,17,0,1,0,12430.0,4.0,25,0.0,False,False,False,False,True,False,False,False,False
715,22.86,17,0,1,0,10170.0,4.0,25,0.0,False,False,False,False,True,False,False,False,False
716,22.86,17,0,1,0,10170.0,4.0,25,0.0,False,False,False,False,True,False,False,False,False
717,22.86,17,0,1,0,14690.0,4.0,25,0.0,False,False,False,False,True,True,False,False,False
718,28.79,17,0,1,0,15820.0,4.0,25,0.0,False,False,False,False,True,True,False,False,False
719,22.86,17,0,1,0,10735.0,4.0,25,0.0,False,False,False,False,True,False,False,False,False
720,22.86,17,0,1,0,14690.0,4.0,25,0.0,False,False,False,False,True,False,False,False,False
721,22.86,17,0,1,0,14690.0,4.0,25,0.0,False,False,False,False,True,True,False,False,False
722,22.86,17,0,1,0,15820.0,4.0,25,0.0,False,False,False,False,True,False,False,False,False
723,28.33,17,0,1,0,16385.0,4.0,25,0.0,False,False,False,False,True,True,False,False,False
724,22.86,17,0,1,0,14690.0,4.0,25,0.0,False,False,False,False,True,True,False,False,False
725,22.86,17,0,1,0,14690.0,4.0,25,0.0,False,False,False,False,True,True,False,False,False
726,22.86,17,0,1,0,11300.0,4.0,25,0.0,False,False,False,False,True,False,False,False,False
727,38.85,19,0,0,0,18080.0,3.0,5,0.0,False,False,False,False,True,False,False,False,False
728,24.05,14,0,1,0,19210.0,3.0,12,0.0,False,False,False,False,True,True,False,False,True
729,37.43,14,0,1,0,15820.0,3.0,12,0.0,False,False,False,False,True,False,False,False,True
730,23.21,19,0,0,0,12430.0,3.0,5,0.0,False,False,False,False,True,True,False,False,False
731,23.21,19,0,0,0,16385.0,3.0,5,0.0,False,False,False,False,True,True,False,False,False
732,23.37,14,0,1,0,11865.0,3.0,12,0.0,False,False,False,False,True,False,False,False,True
733,37.43,14,0,1,0,14125.0,3.0,12,0.0,False,False,False,False,True,False,False,False,True
734,20.67,14,0,1,0,12430.0,3.0,12,0.0,False,False,False,False,True,True,False,False,True
735,20.67,14,0,1,0,10735.0,3.0,12,0.0,False,False,False,False,True,False,False,False,True
736,88.95,17,0,1,0,24860.0,4.0,25,0.0,False,False,False,False,True,False,False,False,False
737,23.21,19,0,0,0,12430.0,3.0,5,0.0,False,False,False,False,True,True,False,False,False
738,13.2,17,0,1,0,4068.0,14.0,25,0.0,False,False,False,False,True,False,True,False,False
739,23.21,19,0,0,0,11978.0,3.0,5,0.0,False,False,False,False,True,False,False,False,False
740,18.9459,17,0,1,0,14690.0,6.0,25,0.0,False,False,False,False,True,True,False,False,False
741,23.37,14,0,1,0,12204.0,3.0,12,0.0,False,False,False,False,True,False,False,False,True
742,14.09,14,0,1,0,4972.0,13.0,12,0.0,False,False,False,False,True,False,False,False,True
743,38.85,23,0,0,0,15424.5,11.0,11,0.0,False,False,False,False,True,True,False,False,False
744,18.36,23,0,0,0,5311.0,11.0,11,0.0,False,False,False,False,True,False,False,False,False
745,36.13,23,0,0,0,17515.0,7.0,11,0.0,False,False,False,False,True,True,True,False,False
746,28.84,14,0,1,0,8927.0,11.0,12,0.0,False,False,False,False,True,False,False,False,True
747,21.715,14,0,1,0,7458.0,12.0,12,0.0,False,False,False,False,True,False,True,False,False
748,48.26,19,0,0,0,3898.5,6.0,5,0.0,False,False,False,False,True,False,False,False,False
749,12.96,14,0,1,0,4520.0,12.0,12,0.0,False,False,False,False,True,False,True,False,False
750,29.14,23,0,0,0,10509.0,11.0,11,0.0,False,False,False,False,True,False,True,False,False
751,29.14,23,0,0,0,10509.0,11.0,11,0.0,False,False,False,False,True,False,True,False,False
752,50.89,14,0,1,0,19210.0,11.0,12,0.0,False,False,False,False,True,True,False,False,True
753,50.89,14,0,1,0,19210.0,11.0,12,0.0,False,False,False,False,True,True,False,False,True
754,15.39,19,0,0,0,6102.0,8.0,5,0.0,False,False,False,False,True,False,False,False,False
755,25.97,14,0,1,0,6893.0,11.0,12,0.0,False,False,False,False,True,False,False,False,True
756,16.56,14,0,1,0,5085.0,12.0,12,0.0,False,False,False,False,True,False,True,False,False
757,19.3984,17,0,1,0,14690.0,6.0,25,0.0,False,False,False,False,True,True,False,False,False
758,25.97,14,0,1,0,8475.0,11.0,12,0.0,False,False,False,False,True,False,False,False,True
759,29.52,14,0,1,0,8475.0,11.0,12,0.0,False,False,False,False,True,False,False,False,True
760,19.7272,17,0,1,0,15820.0,6.0,25,0.0,False,False,False,False,True,True,False,False,False
761,22.86,17,0,1,0,14690.0,4.0,25,0.0,False,False,False,False,True,True,False,False,False
762,22.86,17,0,1,0,14690.0,4.0,25,0.0,False,False,False,False,True,True,False,False,False
763,22.44,17,0,1,0,14125.0,4.0,25,0.0,False,False,False,False,True,False,False,False,False
764,19.7272,17,0,1,0,15820.0,6.0,25,0.0,False,False,False,False,True,True,False,False,False
765,12.81,14,0,1,0,3954.9999999999995,12.0,12,0.0,False,False,False,False,True,False,True,False,False
766,12.81,14,0,1,0,3954.9999999999995,12.0,12,0.0,False,False,False,False,True,False,True,False,False
767,22.86,17,0,1,0,14690.0,4.0,25,0.0,False,False,False,False,True,True,False,False,False
768,11.46,14,0,1,0,4294.0,12.0,12,0.0,False,False,False,False,True,False,True,False,False
769,17.5,14,0,1,0,7006.0,11.0,12,0.0,False,False,False,False,True,False,False,False,True
770,20.14,17,0,1,0,14125.0,6.0,25,0.0,False,False,False,False,True,True,False,False,False
771,22.86,17,0,1,0,14690.0,4.0,25,0.0,False,False,False,False,True,False,False,False,False
772,59.87,17,0,1,0,17515.0,12.0,25,0.0,False,False,False,False,True,False,False,False,False
773,22.86,17,0,1,0,13560.0,4.0,25,0.0,False,False,False,False,True,True,False,False,False
774,19.3984,17,0,1,0,13560.0,6.0,25,0.0,False,False,False,False,True,True,False,False,False
775,22.86,17,0,1,0,11300.0,4.0,25,0.0,False,False,False,False,True,False,False,False,False
776,19.3984,17,0,1,0,11300.0,6.0,25,0.0,False,False,False,False,True,True,False,False,False
777,22.86,17,0,1,0,14690.0,4.0,25,0.0,False,False,False,False,True,True,False,False,False
778,22.86,17,0,1,0,14690.0,4.0,25,0.0,False,False,False,False,True,True,False,False,False
779,28.33,17,0,1,0,16385.0,4.0,25,0.0,False,False,False,False,True,True,False,False,False
780,22.86,17,0,1,0,14690.0,4.0,25,0.0,False,False,False,False,True,True,False,False,False
781,15.39,19,0,0,0,6102.0,8.0,5,0.0,False,False,False,False,True,False,False,False,False
782,18.8,17,0,1,0,12430.0,6.0,25,0.0,False,False,False,False,True,True,False,False,False
783,22.86,17,0,1,0,14690.0,4.0,25,0.0,False,False,False,False,True,True,False,False,False
784,22.86,17,0,1,0,12995.0,4.0,25,0.0,False,False,False,False,True,False,False,False,False
785,20.14,17,0,1,0,13560.0,6.0,25,0.0,False,False,False,False,True,True,False,False,False
786,28.33,17,0,1,0,13560.0,4.0,25,0.0,False,False,False,False,True,False,False,False,False
787,28.33,17,0,1,0,12091.0,4.0,25,0.0,False,False,False,False,True,False,False,False,False
788,24.42,23,0,0,0,6215.0,11.0,11,0.0,False,False,False,False,True,False,True,False,False
789,58.54,19,0,0,0,14387.16,6.0,5,0.0,False,False,False,False,True,False,False,False,False
790,22.8,23,0,0,0,12430.0,2.0,11,0.0,False,False,False,False,True,True,False,False,False
791,47.08,19,0,0,0,6766.4400000000005,6.0,5,0.0,False,False,False,False,True,False,False,False,False
792,28.79,17,0,1,0,15820.0,4.0,25,0.0,False,False,False,False,True,True,False,False,False
793,22.86,17,0,1,0,10170.0,4.0,25,0.0,False,False,False,False,True,False,False,False,False
794,28.79,17,0,1,0,15820.0,4.0,25,0.0,False,False,False,False,True,True,False,False,False
795,28.79,17,0,1,0,12430.0,4.0,25,0.0,False,False,False,False,True,False,False,False,False
796,28.79,17,0,1,0,15820.0,4.0,25,0.0,False,False,False,False,True,True,False,False,False
797,44.52,17,0,1,0,16950.0,4.0,25,0.0,False,False,False,False,True,True,False,False,False
798,44.52,17,0,1,0,16950.0,4.0,25,0.0,False,False,False,False,True,True,False,False,False
799,14.13,23,0,0,0,9605.0,2.0,11,0.0,False,False,False,False,True,False,False,False,False
800,14.13,23,0,0,0,9605.0,2.0,11,0.0,False,False,False,False,True,False,False,False,False
801,20.64,19,0,0,0,12430.0,3.0,5,0.0,False,False,False,False,True,False,False,False,False
802,20.64,19,0,0,0,12430.0,3.0,5,0.0,False,False,False,False,True,True,False,False,False
803,20.64,19,0,0,0,12430.0,3.0,5,0.0,False,False,False,False,True,True,False,False,False
804,18.59,23,0,0,0,10170.0,2.0,11,0.0,False,False,False,False,True,False,False,False,False
805,19.7272,17,0,1,0,10170.0,6.0,25,0.0,False,False,False,False,True,False,False,False,False
806,22.86,17,0,1,0,10735.0,4.0,25,0.0,False,False,False,False,True,False,False,False,False
807,38.59,17,0,1,0,13978.1,12.0,25,0.0,False,False,False,False,True,True,False,False,False
808,18.72,19,0,0,0,11074.0,3.0,5,0.0,False,False,False,False,True,False,False,False,False
809,18.72,19,0,0,0,11074.0,3.0,5,0.0,False,False,False,False,True,False,False,False,False
810,18.59,23,0,0,0,11300.0,2.0,11,0.0,False,False,False,False,True,False,False,False,False
811,22.86,17,0,1,0,11300.0,4.0,25,0.0,False,False,False,False,True,False,False,False,False
812,22.8,23,0,0,0,12430.0,2.0,11,0.0,False,False,False,False,True,True,False,False,False
813,22.8,23,0,0,0,12430.0,2.0,11,0.0,False,False,False,False,True,True,False,False,False
814,25.39,23,0,0,0,11865.0,2.0,11,0.0,False,False,False,False,True,False,False,False,False
815,21.36,23,0,0,0,11865.0,2.0,11,0.0,False,False,False,False,True,False,False,False,False
816,18.59,23,0,0,0,9605.0,2.0,11,0.0,False,False,False,False,True,False,False,False,False
817,18.59,23,0,0,0,11300.0,2.0,11,0.0,False,False,False,False,True,False,False,False,False
818,37.51,23,0,0,0,20340.0,2.0,11,0.0,False,False,False,False,True,True,False,False,False
819,25.39,23,0,0,0,13560.0,2.0,11,0.0,False,False,False,False,True,True,False,False,False
820,31.56,23,0,0,0,15820.0,2.0,11,0.0,False,False,False,False,True,True,False,False,False
821,36.05,23,0,0,0,20340.0,2.0,11,0.0,False,False,False,False,True,True,False,False,False
822,37.51,23,0,0,0,20340.0,2.0,11,0.0,False,False,False,False,True,True,False,False,False
823,18.59,23,0,0,0,9605.0,2.0,11,0.0,False,False,False,False,True,False,False,False,False
824,25.39,23,0,0,0,11865.0,2.0,11,0.0,False,False,False,False,True,False,False,False,False
825,25.39,23,0,0,0,11865.0,2.0,11,0.0,False,False,False,False,True,False,False,False,False
826,19.7272,17,0,1,0,10170.0,6.0,25,0.0,False,False,False,False,True,False,False,False,False
827,19.3984,17,0,1,0,10170.0,6.0,25,0.0,False,False,False,False,True,False,False,False,False
828,35.24,23,0,0,0,5876.0,28.0,11,0.0,False,False,False,False,True,False,False,False,False
829,25.39,23,0,0,0,13560.0,2.0,11,0.0,False,False,False,False,True,True,False,False,False
830,20.67,14,0,1,0,11300.0,3.0,12,0.0,False,False,False,False,True,False,False,False,True
831,20.67,14,0,1,0,11300.0,3.0,12,0.0,False,False,False,False,True,False,False,False,True
832,23.05,17,0,1,0,10170.0,4.0,25,0.0,False,False,False,False,True,False,False,False,False
833,19.3984,17,0,1,0,10170.0,6.0,25,0.0,False,False,False,False,True,False,False,False,False
834,21.18,23,0,0,0,6780.0,11.0,11,0.0,False,False,False,False,True,False,True,False,False
835,19.3984,17,0,1,0,9944.0,6.0,25,0.0,False,False,False,False,True,False,False,False,False
836,29.14,23,0,0,0,14690.0,11.0,11,0.0,False,False,False,False,True,True,True,False,False
837,13.2,17,0,1,0,4181.0,14.0,25,0.0,False,False,False,False,True,False,True,False,False
838,20.0,106,0,0,1,4400.0,25.0,36,3.0,True,False,False,False,False,False,False,False,True
839,27.0,18,0,1,0,5300.0,14.0,37,3.0,True,False,False,False,False,False,False,False,True
840,23.8,28,0,0,1,4500.0,25.0,38,12.0,True,False,False,False,False,False,False,False,True
841,26.0,84,0,0,0,4800.0,25.0,4,0.0,True,False,False,False,False,False,False,False,True
842,23.0,84,0,0,0,4600.0,26.0,4,0.0,True,False,False,False,False,False,False,False,True
843,57.0,106,0,0,1,7500.0,27.0,36,3.0,True,False,False,False,False,False,False,False,True
844,21.0,18,0,1,0,3000.0,24.0,37,3.0,True,False,False,False,False,False,True,False,False
845,22.0,106,0,0,1,2000.0,25.0,36,3.0,True,False,False,False,False,False,False,True,False
849,21.0,27,0,4,1,3200.0,25.0,20,0.0,True,False,False,False,False,False,False,False,False
850,26.0,14,0,2,1,3500.0,25.0,33,2.0,False,False,False,True,False,False,True,False,False
851,21.0,27,0,4,1,4500.0,25.0,20,0.0,True,False,False,False,False,False,False,False,False
855,20.0,18,0,1,0,3500.0,14.0,37,3.0,True,False,False,False,False,False,False,False,True
856,20.0,14,0,2,1,4300.0,27.0,33,2.0,False,False,False,True,False,False,True,False,False
857,20.0,22,0,1,1,4100.0,25.0,36,4.0,False,False,False,True,False,False,False,False,True
858,26.0,106,0,0,1,4500.0,27.0,36,3.0,True,False,False,False,False,False,True,False,False
859,20.0,106,0,0,1,4600.0,26.0,36,3.0,False,False,False,True,False,False,False,False,True
860,28.0,22,0,1,1,5000.0,27.0,36,4.0,True,False,False,False,False,False,False,False,True
861,22.86,14,0,2,1,3900.0,25.0,33,2.0,False,False,False,True,False,False,True,False,False
862,40.0,106,0,0,1,6200.0,25.0,36,3.0,True,False,False,False,False,False,False,False,True
863,22.86,14,0,2,1,3900.0,25.0,33,2.0,True,False,False,False,False,False,True,False,False
864,28.0,28,0,0,1,5000.0,26.0,38,12.0,True,False,False,False,False,False,False,False,True
865,23.0,106,0,0,1,4900.0,24.0,36,3.0,True,False,False,False,False,False,False,True,False
866,26.4,106,0,0,1,3400.0,27.0,36,3.0,False,False,False,True,False,False,False,False,True
867,23.0,14,0,2,1,2000.0,25.0,33,2.0,True,False,False,False,False,False,True,False,False
868,26.0,102,0,1,0,4200.0,26.0,33,1.0,True,False,False,False,False,False,True,False,False
869,25.0,14,0,2,1,4500.0,26.0,33,2.0,True,False,False,False,False,False,True,False,False
870,26.0,18,0,1,0,1600.0,25.0,37,3.0,True,False,False,False,False,False,False,False,True
871,22.0,22,0,1,1,4400.0,27.0,36,4.0,True,False,False,False,False,False,False,False,True
873,22.0,28,0,0,1,4100.0,26.0,38,12.0,True,False,False,False,False,False,False,False,True
874,20.0,106,0,0,1,3100.0,14.0,36,3.0,True,False,False,False,False,False,False,True,False
875,22.0,22,0,1,1,4400.0,27.0,36,4.0,True,False,False,False,False,False,False,False,True
877,20.0,14,0,2,1,4700.0,27.0,33,2.0,True,False,False,False,False,False,True,False,False
878,22.0,106,0,0,1,2900.0,25.0,36,3.0,True,False,False,False,False,False,False,True,False
879,24.0,22,0,1,1,4600.0,25.0,36,4.0,True,False,False,False,False,False,False,False,True
880,24.0,106,0,0,1,4900.0,26.0,36,3.0,True,False,False,False,False,False,False,False,True
882,26.0,106,0,0,1,4900.0,26.0,36,3.0,True,False,False,False,False,False,False,False,True
883,23.0,27,0,4,1,3800.0,25.0,20,0.0,False,False,False,True,False,False,False,False,False
884,20.0,106,0,0,1,3300.0,16.0,36,3.0,True,False,False,False,False,False,False,False,True
885,22.0,106,0,0,1,4700.0,25.0,36,3.0,True,False,False,False,False,False,False,False,True
886,22.0,106,0,0,1,4000.0,26.0,36,3.0,False,False,False,True,False,False,False,True,False
887,30.0,18,0,1,0,5300.0,14.0,37,3.0,True,False,False,False,False,False,False,False,True
888,24.0,28,0,0,1,4500.0,25.0,38,12.0,True,False,False,False,False,False,False,False,True
889,25.0,18,0,1,0,4800.0,26.0,37,3.0,True,False,False,False,False,False,False,False,True
890,26.0,106,0,0,1,2000.0,25.0,36,3.0,False,False,False,True,False,False,False,False,True
891,45.0,18,0,1,0,7500.0,28.0,37,3.0,True,False,False,False,False,False,True,False,False
892,29.59,28,0,0,1,4800.0,26.0,38,12.0,True,False,False,False,False,False,False,False,True
893,20.0,18,0,1,0,4100.0,24.0,37,3.0,True,False,False,False,False,False,False,False,True
895,22.0,106,0,0,1,3500.0,25.0,36,3.0,False,False,False,True,False,False,False,False,True
896,26.0,28,0,0,1,4800.0,25.0,38,12.0,False,False,False,True,False,False,False,False,True
897,24.34,106,0,0,1,4500.0,25.0,36,3.0,True,False,False,False,False,False,False,True,False
898,22.0,14,0,2,1,1100.0,14.0,33,2.0,False,False,False,True,False,False,True,False,False
899,26.0,18,0,1,0,5500.0,26.0,37,3.0,True,False,False,False,False,False,False,False,True
900,24.0,18,0,1,0,6000.0,25.0,37,3.0,True,False,False,False,False,False,True,False,False
901,27.0,14,0,2,1,4700.0,28.0,33,2.0,False,False,False,True,False,False,True,False,False
902,23.0,106,0,0,1,4600.0,14.0,36,3.0,False,False,False,True,False,False,False,False,True
903,21.0,18,0,1,0,4600.0,26.0,37,3.0,True,False,False,False,False,False,False,False,True
904,44.0,18,0,1,0,4800.0,27.0,37,3.0,True,False,False,False,False,False,False,False,True
905,48.0,14,0,2,1,7000.0,27.0,33,2.0,True,False,False,False,False,False,True,False,False
906,23.1,14,0,2,1,4900.0,14.0,33,2.0,True,False,False,False,False,False,True,False,False
907,26.0,106,0,0,1,4900.0,26.0,36,3.0,True,False,False,False,False,False,False,False,True
908,22.0,14,0,2,1,2900.0,26.0,33,2.0,True,False,False,False,False,False,True,False,False
909,24.0,18,0,1,0,5000.0,25.0,37,3.0,True,False,False,False,False,False,False,False,True
910,30.0,18,0,1,0,4800.0,26.0,37,3.0,True,False,False,False,False,False,True,False,False
911,27.0,14,0,2,1,3400.0,26.0,33,2.0,True,False,False,False,False,False,True,False,False
912,23.0,106,0,0,1,5100.0,25.0,36,3.0,True,False,False,False,False,False,False,False,True
913,23.0,84,0,0,0,5000.0,25.0,4,0.0,True,False,False,False,False,False,False,False,True
914,19.0,106,0,0,1,3200.0,14.0,36,3.0,True,False,False,False,False,False,False,True,False
915,22.0,22,0,1,1,4500.0,24.0,36,4.0,True,False,False,False,False,False,False,False,True
916,40.0,42,0,0,0,7200.0,4.0,11,0.0,True,False,False,False,False,False,False,False,False
917,50.0,14,0,2,1,3500.0,28.0,33,2.0,True,False,False,False,False,False,True,False,False
918,20.0,14,0,2,1,4100.0,26.0,33,2.0,True,False,False,False,False,False,True,False,False
919,22.0,28,0,0,1,4300.0,25.0,38,12.0,True,False,False,False,False,False,False,False,True
920,25.0,22,0,1,1,5500.0,22.0,36,4.0,True,False,False,False,False,False,False,False,True
922,26.0,22,0,1,1,4800.0,25.0,36,4.0,True,False,False,False,False,False,False,False,True
923,23.0,106,0,0,1,4100.0,27.0,36,3.0,True,False,False,False,False,False,False,False,True
924,28.4,28,0,0,1,5000.0,23.0,38,12.0,True,False,False,False,False,False,False,False,True
925,24.0,14,0,2,1,5100.0,26.0,33,2.0,True,False,False,False,False,False,True,False,False
926,25.0,22,0,1,1,5500.0,14.0,36,4.0,True,False,False,False,False,False,False,False,True
927,25.0,14,0,2,1,4900.0,14.0,33,2.0,True,False,False,False,False,False,True,False,False
928,16.5,27,0,4,1,3400.0,23.0,20,0.0,True,False,False,False,False,False,False,False,False
929,24.0,28,0,0,1,4800.0,25.0,38,12.0,True,False,False,False,False,False,False,False,True
930,29.14,18,0,1,0,4800.0,27.0,37,3.0,True,False,False,False,False,False,False,False,True
931,21.76,27,0,4,1,2600.0,24.0,20,0.0,True,False,False,False,False,False,False,False,False
932,21.0,106,0,0,1,4600.0,26.0,36,3.0,True,False,False,False,False,False,False,False,True
933,20.85,106,0,0,1,3000.0,25.0,36,3.0,True,False,False,False,False,False,False,False,True
934,23.0,84,0,0,0,4600.0,26.0,4,0.0,True,False,False,False,False,False,False,False,True
935,21.0,22,0,1,1,1500.0,28.0,36,4.0,True,False,False,False,False,False,False,False,True
936,21.0,22,0,1,1,4700.0,25.0,36,4.0,True,False,False,False,False,False,False,False,True
937,26.4,14,0,2,1,5100.0,26.0,33,2.0,False,False,False,True,False,False,True,False,False
938,23.0,18,0,1,0,4400.0,25.0,37,3.0,True,False,False,False,False,False,False,False,True
939,24.0,14,0,2,1,5200.0,26.0,33,2.0,True,False,False,False,False,False,True,False,False
940,30.0,18,0,1,0,5300.0,14.0,37,3.0,True,False,False,False,False,False,False,False,True
941,23.0,27,0,4,1,4000.0,25.0,20,0.0,False,False,False,True,False,False,False,False,False
942,50.0,22,0,1,1,7600.0,22.0,36,4.0,True,False,False,False,False,False,False,False,True
943,21.0,106,0,0,1,4100.0,25.0,36,3.0,True,False,False,False,False,False,False,False,True
944,24.0,14,0,2,1,5500.0,14.0,33,2.0,True,False,False,False,False,False,True,False,False
945,27.0,14,0,2,1,4600.0,26.0,33,2.0,True,False,False,False,False,False,True,False,False
946,26.0,18,0,1,0,5000.0,25.0,37,3.0,True,False,False,False,False,False,False,False,True
947,240.8,106,0,0,1,5000.0,25.0,36,3.0,False,False,False,True,False,False,True,False,False
948,31.03,27,0,4,1,4300.0,22.0,20,0.0,False,False,False,True,False,False,False,False,False
952,31.0,27,0,4,1,4700.0,22.0,20,0.0,True,False,False,False,False,False,False,False,False
954,29.0,18,0,1,0,4700.0,27.0,37,3.0,True,False,False,False,False,False,False,False,True
955,28.88,106,0,0,1,4800.0,26.0,36,3.0,True,False,False,False,False,False,False,False,True
956,26.0,28,0,0,1,4400.0,26.0,38,12.0,True,False,False,False,False,False,False,False,True
958,22.0,106,0,0,1,4800.0,25.0,36,3.0,True,False,False,False,False,False,False,False,True
959,18.0,22,0,1,1,4800.0,24.0,36,4.0,True,False,False,False,False,False,False,False,True
960,28.0,106,0,0,1,5400.0,25.0,36,3.0,True,False,False,False,False,False,False,True,False
961,20.0,18,0,1,0,4000.0,24.0,37,3.0,True,False,False,False,False,False,False,False,True
962,25.0,84,0,0,0,3700.0,25.0,4,0.0,True,False,False,False,False,False,False,False,True
964,37.0,18,0,1,0,6600.0,24.0,37,3.0,True,False,False,False,False,False,False,False,True
965,26.0,18,0,1,0,5000.0,25.0,37,3.0,False,False,False,True,False,False,False,False,True
966,26.0,18,0,1,0,4000.0,26.0,37,3.0,True,False,False,False,False,False,False,False,True
967,22.0,14,0,2,1,4500.0,25.0,33,2.0,True,False,False,False,False,False,True,False,False
968,28.0,22,0,1,1,4800.0,25.0,36,4.0,True,False,False,False,False,False,False,False,True
969,20.0,22,0,1,1,4400.0,27.0,36,4.0,True,False,False,False,False,False,False,False,True
970,26.4,84,0,0,0,5500.0,25.0,4,0.0,False,False,False,True,False,False,False,False,True
972,19.0,106,0,0,1,4700.0,26.0,36,3.0,True,False,False,False,False,False,False,False,True
973,25.76,106,0,0,1,5100.0,25.0,36,3.0,False,False,False,True,False,False,False,False,True
974,20.0,18,0,1,0,4500.0,26.0,37,3.0,True,False,False,False,False,False,False,False,True
975,24.0,18,0,1,0,4400.0,25.0,37,3.0,True,False,False,False,False,False,True,False,False
976,24.0,106,0,0,1,4200.0,27.0,36,3.0,True,False,False,False,False,False,False,False,True
977,26.0,27,0,4,1,4500.0,25.0,20,0.0,True,False,False,False,False,False,False,False,False
978,22.0,28,0,0,1,3900.0,25.0,38,12.0,True,False,False,False,False,False,False,False,True
979,26.0,28,0,0,1,4400.0,26.0,38,12.0,True,False,False,False,False,False,False,False,True
980,21.0,106,0,0,1,4500.0,26.0,36,3.0,True,False,False,False,False,False,False,False,True
981,22.0,106,0,0,1,4600.0,25.0,36,3.0,True,False,False,False,False,False,False,False,True
983,26.0,14,0,2,1,5000.0,26.0,33,2.0,False,False,False,True,False,False,True,False,False
984,39.0,22,0,1,1,5500.0,26.0,36,4.0,False,False,False,True,False,False,False,False,True
985,24.0,18,0,1,0,4600.0,26.0,37,3.0,True,False,False,False,False,False,False,False,True
986,24.41,18,0,1,0,5100.0,26.0,37,3.0,True,False,False,False,False,False,False,False,True
987,30.0,106,0,0,1,4500.0,26.0,36,3.0,True,False,False,False,False,False,False,False,True
988,28.0,18,0,1,0,5000.0,24.0,37,3.0,True,False,False,False,False,False,False,False,True
989,23.1,14,0,2,1,4700.0,26.0,33,2.0,True,False,False,False,False,False,True,False,False
990,24.34,106,0,0,1,4500.0,25.0,36,3.0,True,False,False,False,False,False,False,True,False
992,23.0,106,0,0,1,4000.0,26.0,36,3.0,True,False,False,False,False,False,False,False,True
994,23.0,18,0,1,0,5000.0,14.0,37,3.0,True,False,False,False,False,False,False,False,True
995,22.0,18,0,1,0,4900.0,26.0,37,3.0,False,False,False,True,False,False,False,False,True
996,19.83,42,0,0,0,3500.0,15.0,11,0.0,False,False,False,True,False,False,False,False,False
997,24.0,18,0,1,0,5000.0,14.0,37,3.0,True,False,False,False,False,False,False,False,True
998,28.88,106,0,0,1,4800.0,26.0,36,3.0,True,False,False,False,False,False,False,False,True
999,19.0,106,0,0,1,3900.0,26.0,36,3.0,True,False,False,False,False,False,False,False,True
1000,23.0,18,0,1,0,4700.0,26.0,37,3.0,True,False,False,False,False,False,False,False,True
1001,22.0,18,0,1,0,5300.0,14.0,37,3.0,True,False,False,False,False,False,False,False,True
1002,19.0,106,0,0,1,4200.0,14.0,36,3.0,True,False,False,False,False,False,False,True,False
1003,26.0,106,0,0,1,4700.0,14.0,36,3.0,True,False,False,False,False,False,False,True,False
1004,20.0,106,0,0,1,4500.0,26.0,36,3.0,True,False,False,False,False,False,False,False,True
1005,22.0,14,0,2,1,4600.0,25.0,33,2.0,True,False,False,False,False,False,True,False,False
1006,24.0,106,0,0,1,4500.0,26.0,36,3.0,False,False,False,True,False,False,False,False,True
1007,26.4,14,0,2,1,5000.0,25.0,33,2.0,False,False,False,True,False,False,True,False,False
1008,25.0,27,0,4,1,4500.0,24.0,20,0.0,True,False,False,False,False,False,False,False,False
1009,20.0,18,0,1,0,4000.0,14.0,37,3.0,True,False,False,False,False,False,False,False,True
1010,25.0,22,0,1,1,5500.0,22.0,36,4.0,True,False,False,False,False,False,False,False,True
1011,22.0,106,0,0,1,4700.0,25.0,36,3.0,True,False,False,False,False,False,True,False,False
1012,30.0,28,0,0,1,5000.0,26.0,38,12.0,True,False,False,False,False,False,False,False,True
1013,22.0,14,0,2,1,4900.0,25.0,33,2.0,True,False,False,False,False,False,True,False,False
1014,30.0,22,0,1,1,5500.0,22.0,36,4.0,True,False,False,False,False,False,False,False,True
1015,22.0,18,0,1,0,4800.0,23.0,37,3.0,False,False,False,True,False,False,True,False,False
1016,22.0,14,0,2,1,4500.0,25.0,33,2.0,True,False,False,False,False,False,True,False,False
1017,13.0,14,0,2,1,3900.0,25.0,33,2.0,True,False,False,False,False,False,True,False,False
1018,30.0,22,0,1,1,5500.0,14.0,36,4.0,True,False,False,False,False,False,False,False,True
1019,23.0,18,0,1,0,4800.0,25.0,37,3.0,False,False,False,True,False,False,False,False,True
1020,24.0,22,0,1,1,4500.0,25.0,36,4.0,True,False,False,False,False,False,False,False,True
1021,23.27,14,0,2,1,5200.0,25.0,33,2.0,True,False,False,False,False,False,True,False,False
1022,25.0,22,0,1,1,4800.0,27.0,36,4.0,True,False,False,False,False,False,False,False,True
1023,27.0,22,0,1,1,4500.0,27.0,36,4.0,True,False,False,False,False,False,False,False,True
1024,25.0,106,0,0,1,5200.0,25.0,36,3.0,True,False,False,False,False,False,False,False,True
1025,23.27,14,0,2,1,5200.0,25.0,33,2.0,True,False,False,False,False,False,True,False,False
1028,23.0,18,0,1,0,4800.0,25.0,37,3.0,True,False,False,False,False,False,False,False,True
1029,22.0,106,0,0,1,4800.0,25.0,36,3.0,True,False,False,False,False,False,False,False,True
1031,21.0,27,0,4,1,4500.0,25.0,20,0.0,False,False,False,True,False,False,False,False,False
1032,20.0,18,0,1,0,5100.0,28.0,37,3.0,True,False,False,False,False,False,False,False,True
1033,23.0,106,0,0,1,4400.0,25.0,36,3.0,True,False,False,False,False,False,False,False,True
1034,27.47,106,0,0,1,4800.0,25.0,36,3.0,False,False,False,True,False,False,False,False,True
1035,20.0,18,0,1,0,5100.0,28.0,37,3.0,True,False,False,False,False,False,False,False,True
1036,25.0,106,0,0,1,4600.0,25.0,36,3.0,True,False,False,False,False,False,False,False,True
1038,20.0,27,0,4,1,4500.0,26.0,20,0.0,True,False,False,False,False,False,False,False,False
1039,22.0,14,0,2,1,5100.0,25.0,33,2.0,True,False,False,False,False,False,True,False,False
1040,26.4,84,0,0,0,5300.0,26.0,4,0.0,True,False,False,False,False,False,False,False,True
1041,22.0,106,0,0,1,4700.0,25.0,36,3.0,True,False,False,False,False,False,False,False,True
1042,21.7,27,0,4,1,3000.0,24.0,20,0.0,True,False,False,False,False,False,False,False,False
1043,26.4,106,0,0,1,4600.0,26.0,36,3.0,True,False,False,False,False,False,False,True,False
1044,240.8,106,0,0,1,4500.0,25.0,36,3.0,False,False,False,True,False,False,True,False,False
1045,26.4,14,0,2,1,4900.0,26.0,33,2.0,True,False,False,False,False,False,True,False,False
1046,21.0,18,0,1,0,4600.0,14.0,37,3.0,True,False,False,False,False,False,False,False,True
1048,23.0,84,0,0,0,4600.0,14.0,4,0.0,True,False,False,False,False,False,False,False,True
1049,25.0,18,0,1,0,5100.0,27.0,37,3.0,True,False,False,False,False,False,True,False,False
1050,26.4,14,0,2,1,5500.0,22.0,33,2.0,True,False,False,False,False,False,True,False,False
1051,20.0,22,0,1,1,3900.0,18.0,36,4.0,True,False,False,False,False,False,False,False,True
1052,26.4,106,0,0,1,4800.0,25.0,36,3.0,True,False,False,False,False,False,False,False,True
1053,25.76,106,0,0,1,3000.0,25.0,36,3.0,False,False,False,True,False,False,False,False,True
1054,26.4,106,0,0,1,4500.0,25.0,36,3.0,True,False,False,False,False,False,False,False,True
1055,56.0,28,0,0,1,6500.0,28.0,38,12.0,True,False,False,False,False,False,False,False,True
1057,21.0,27,0,4,1,2600.0,25.0,20,0.0,True,False,False,False,False,False,False,False,False
1058,40.0,27,0,4,1,6500.0,25.0,20,0.0,True,False,False,False,False,False,False,False,False
1059,26.4,84,0,0,0,4700.0,25.0,4,0.0,True,False,False,False,False,False,False,False,True
1060,26.4,18,0,1,0,5000.0,26.0,37,3.0,True,False,False,False,False,False,False,False,True
1062,25.0,14,0,2,1,4000.0,24.0,33,2.0,True,False,False,False,False,False,True,False,False
1063,24.0,28,0,0,1,5100.0,26.0,38,12.0,True,False,False,False,False,False,False,False,True
1064,23.0,18,0,1,0,4300.0,25.0,37,3.0,True,False,False,False,False,False,False,False,True
1065,36.0,106,0,0,1,5500.0,25.0,36,3.0,True,False,False,False,False,False,False,False,True
1066,22.76,106,0,0,1,4900.0,25.0,36,3.0,False,False,False,True,False,False,True,False,False
1068,23.0,106,0,0,1,5000.0,25.0,36,3.0,True,False,False,False,False,False,False,False,True
1069,26.4,106,0,0,1,4500.0,25.0,36,3.0,True,False,False,False,False,False,False,False,True
1070,22.0,14,0,2,1,4600.0,25.0,33,2.0,False,False,False,True,False,False,True,False,False
1071,26.4,106,0,0,1,4800.0,25.0,36,3.0,True,False,False,False,False,False,False,False,True
1072,26.0,106,0,0,1,4500.0,24.0,36,3.0,True,False,False,False,False,False,False,False,True
1073,26.4,106,0,0,1,5400.0,14.0,36,3.0,True,False,False,False,False,False,False,False,True
1074,22.0,106,0,0,1,5000.0,14.0,36,3.0,True,False,False,False,False,False,False,False,True
1077,22.0,106,0,0,1,4300.0,25.0,36,3.0,True,False,False,False,False,False,True,False,False
1078,23.0,84,0,0,0,4600.0,14.0,4,0.0,True,False,False,False,False,False,False,False,True
1079,58.0,106,0,0,1,7000.0,28.0,36,3.0,True,False,False,False,False,False,False,False,True
1080,26.0,106,0,0,1,4700.0,27.0,36,3.0,True,False,False,False,False,False,False,False,True
1081,24.0,14,0,2,1,4000.0,25.0,33,2.0,True,False,False,False,False,False,True,False,False
1082,19.83,18,0,1,0,4800.0,28.0,37,3.0,True,False,False,False,False,False,False,False,True
1083,22.0,18,0,1,0,6500.0,14.0,37,3.0,True,False,False,False,False,False,False,False,True
1084,26.0,18,0,1,0,4900.0,26.0,37,3.0,True,False,False,False,False,False,False,False,True
1085,23.0,18,0,1,0,3800.0,14.0,37,3.0,True,False,False,False,False,False,False,False,True
1086,27.0,18,0,1,0,4100.0,28.0,37,3.0,True,False,False,False,False,False,False,False,True
1087,23.14,102,0,1,0,4500.0,14.0,33,1.0,True,False,False,False,False,False,True,False,False
1088,20.85,106,0,0,1,4500.0,25.0,36,3.0,True,False,False,False,False,False,False,False,True
1090,29.0,18,0,1,0,5200.0,14.0,37,3.0,True,False,False,False,False,False,False,False,True
1091,26.0,28,0,0,1,4400.0,26.0,38,12.0,True,False,False,False,False,False,False,False,True
1092,25.0,18,0,1,0,5000.0,27.0,37,3.0,True,False,False,False,False,False,False,False,True
1094,23.0,14,0,2,1,5200.0,14.0,33,2.0,True,False,False,False,False,False,True,False,False
1096,20.0,84,0,0,0,4700.0,28.0,4,0.0,False,False,False,True,False,False,False,False,True
1098,24.0,106,0,0,1,5000.0,25.0,36,3.0,True,False,False,False,False,False,False,False,True
1099,25.0,84,0,0,0,5500.0,14.0,4,0.0,True,False,False,False,False,False,False,False,True
1102,24.0,22,0,1,1,3800.0,28.0,36,4.0,True,False,False,False,False,False,False,False,True
1103,24.0,22,0,1,1,3800.0,28.0,36,4.0,True,False,False,False,False,False,False,False,True
1104,28.0,18,0,1,0,5500.0,26.0,37,3.0,False,False,False,True,False,False,False,False,True
1105,26.4,84,0,0,0,5500.0,25.0,4,0.0,True,False,False,False,False,False,False,False,True
1106,24.0,18,0,1,0,5500.0,27.0,37,3.0,True,False,False,False,False,False,False,False,True
1107,26.4,84,0,0,0,5400.0,26.0,4,0.0,True,False,False,False,False,False,False,False,True
1108,25.0,106,0,0,1,4200.0,25.0,36,3.0,True,False,False,False,False,False,False,True,False
1109,25.0,106,0,0,1,4600.0,25.0,36,3.0,True,False,False,False,False,False,False,False,True
1110,23.0,106,0,0,1,5100.0,14.0,36,3.0,True,False,False,False,False,False,False,False,True
1111,26.4,14,0,2,1,4500.0,26.0,33,2.0,True,False,False,False,False,False,True,False,False
1112,57.0,28,0,0,1,6000.0,28.0,38,12.0,True,False,False,False,False,False,False,False,True
1113,29.0,18,0,1,0,5100.0,27.0,37,3.0,True,False,False,False,False,False,False,False,True
1114,26.9,27,0,4,1,4500.0,25.0,20,0.0,True,False,False,False,False,False,False,False,False
1115,48.0,14,0,2,1,7100.0,14.0,33,2.0,True,False,False,False,False,False,True,False,False
1116,44.0,18,0,1,0,6800.0,25.0,37,3.0,True,False,False,False,False,False,False,False,True
1117,24.0,18,0,1,0,4600.0,24.0,37,3.0,True,False,False,False,False,False,True,False,False
1118,20.0,18,0,1,0,3700.0,26.0,37,3.0,True,False,False,False,False,False,False,False,True
1119,26.0,14,0,2,1,4400.0,27.0,33,2.0,True,False,False,False,False,False,True,False,False
1121,46.0,14,0,2,1,5500.0,26.0,33,2.0,True,False,False,False,False,False,True,False,False
1122,21.0,27,0,4,1,2600.0,14.0,20,0.0,True,False,False,False,False,False,False,False,False
1123,21.0,28,0,0,1,4800.0,25.0,38,12.0,True,False,False,False,False,False,False,False,True
1124,20.0,27,0,4,1,1800.0,23.0,20,0.0,True,False,False,False,False,False,False,False,False
1126,24.0,106,0,0,1,4400.0,25.0,36,3.0,True,False,False,False,False,False,False,False,True
1127,18.0,106,0,0,1,4000.0,25.0,36,3.0,True,False,False,False,False,False,False,True,False
1128,45.0,18,0,1,0,7500.0,26.0,37,3.0,True,False,False,False,False,False,False,False,True
1129,24.0,18,0,1,0,4100.0,25.0,37,3.0,True,False,False,False,False,False,False,False,True
1130,50.0,106,0,0,1,7500.0,26.0,36,3.0,True,False,False,False,False,False,False,False,True
1131,50.0,18,0,1,0,7100.0,28.0,37,3.0,True,False,False,False,False,False,False,False,True
1133,24.0,28,0,0,1,4500.0,25.0,38,12.0,True,False,False,False,False,False,False,False,True
1134,28.0,27,0,4,1,3000.0,26.0,20,0.0,True,False,False,False,False,False,False,False,False
1135,48.0,14,0,2,1,7300.0,28.0,33,2.0,True,False,False,False,False,False,True,False,False
1136,21.0,18,0,1,0,4600.0,26.0,37,3.0,True,False,False,False,False,False,False,False,True
1137,50.0,18,0,1,0,7300.0,11.0,37,3.0,True,False,False,False,False,False,False,False,True
1138,24.0,106,0,0,1,5000.0,25.0,36,3.0,False,False,False,True,False,False,False,True,False
1139,24.0,18,0,1,0,4700.0,25.0,37,3.0,True,False,False,False,False,False,False,False,True
1140,20.0,106,0,0,1,3900.0,25.0,36,3.0,False,False,False,True,False,False,False,False,True
1141,26.4,14,0,2,1,5000.0,25.0,33,2.0,False,False,False,True,False,False,True,False,False
1142,24.0,106,0,0,1,5100.0,26.0,36,3.0,True,False,False,False,False,False,False,False,True
1143,18.0,14,0,2,1,4100.0,25.0,33,2.0,True,False,False,False,False,False,True,False,False
1144,23.0,106,0,0,1,3600.0,26.0,36,3.0,True,False,False,False,False,False,False,False,True
1145,26.0,14,0,2,1,5000.0,25.0,33,2.0,True,False,False,False,False,False,True,False,False
1146,20.0,18,0,1,0,5300.0,26.0,37,3.0,True,False,False,False,False,False,False,False,True
1147,22.0,27,0,4,1,1000.0,25.0,20,0.0,True,False,False,False,False,False,False,False,False
1148,23.0,106,0,0,1,3600.0,26.0,36,3.0,True,False,False,False,False,False,False,False,True
1149,26.0,106,0,0,1,4600.0,14.0,36,3.0,False,False,False,True,False,False,False,True,False
1150,22.0,28,0,0,1,4500.0,25.0,38,12.0,True,False,False,False,False,False,True,False,False
1151,23.0,106,0,0,1,3600.0,26.0,36,3.0,True,False,False,False,False,False,False,False,True
1152,26.0,106,0,0,1,4400.0,24.0,36,3.0,True,False,False,False,False,False,True,False,False
1153,22.0,18,0,1,0,4800.0,14.0,37,3.0,False,False,False,True,False,False,False,False,True
1154,22.0,106,0,0,1,4000.0,26.0,36,3.0,False,False,False,True,False,False,False,False,True
1155,23.0,14,0,2,1,2100.0,25.0,33,2.0,True,False,False,False,False,False,True,False,False
1156,23.0,106,0,0,1,4900.0,24.0,36,3.0,True,False,False,False,False,False,False,True,False
1157,30.0,27,0,4,1,5500.0,26.0,20,0.0,True,False,False,False,False,False,False,False,False
1158,22.0,22,0,1,1,5100.0,27.0,36,4.0,True,False,False,False,False,False,False,False,True
1159,26.4,14,0,2,1,5100.0,14.0,33,2.0,True,False,False,False,False,False,True,False,False
1160,25.49,18,0,1,0,5300.0,26.0,37,3.0,True,False,False,False,False,False,False,False,True
1161,22.0,14,0,2,1,4500.0,28.0,33,2.0,True,False,False,False,False,False,True,False,False
1162,26.4,18,0,1,0,5000.0,24.0,37,3.0,False,False,False,True,False,False,True,False,False
1163,22.0,18,0,1,0,4800.0,24.0,37,3.0,False,False,False,True,False,False,True,False,False
1164,44.0,18,0,1,0,6500.0,25.0,37,3.0,False,False,False,True,False,False,True,False,False
1165,26.0,106,0,0,1,2000.0,26.0,36,3.0,True,False,False,False,False,False,False,True,False
1167,43.0,106,0,0,1,1500.0,25.0,36,3.0,True,False,False,False,False,False,True,False,False
1168,26.0,18,0,1,0,4000.0,24.0,37,3.0,True,False,False,False,False,False,True,False,False
1169,26.0,27,0,4,1,4300.0,25.0,20,0.0,True,False,False,False,False,False,False,False,False
1172,28.0,106,0,0,1,5200.0,25.0,36,3.0,False,False,False,True,False,False,False,True,False
1173,22.0,18,0,1,0,4100.0,25.0,37,3.0,True,False,False,False,False,False,False,False,True
1174,24.0,28,0,0,1,4800.0,28.0,38,12.0,True,False,False,False,False,False,False,False,True
1176,23.0,106,0,0,1,4700.0,24.0,36,3.0,True,False,False,False,False,False,False,True,False
1177,24.0,18,0,1,0,4800.0,25.0,37,3.0,True,False,False,False,False,False,False,False,True
1178,23.0,106,0,0,1,4700.0,25.0,36,3.0,True,False,False,False,False,False,True,False,False
1179,40.0,106,0,0,1,8000.0,24.0,36,3.0,True,False,False,False,False,False,False,True,False
1180,26.4,14,0,2,1,5100.0,25.0,33,2.0,True,False,False,False,False,False,True,False,False
1181,23.86,22,0,1,1,4800.0,26.0,36,4.0,True,False,False,False,False,False,False,False,True
1182,20.0,14,0,2,1,4400.0,27.0,33,2.0,True,False,False,False,False,False,True,False,False
1183,24.0,28,0,0,1,4800.0,28.0,38,12.0,True,False,False,False,False,False,False,False,True
1184,26.4,106,0,0,1,4600.0,24.0,36,3.0,True,False,False,False,False,False,True,False,False
1185,29.26,18,0,1,0,5200.0,14.0,37,3.0,True,False,False,False,False,False,False,False,True
1187,25.0,106,0,0,1,4400.0,25.0,36,3.0,True,False,False,False,False,False,False,True,False
1188,22.0,106,0,0,1,3500.0,23.0,36,3.0,True,False,False,False,False,False,False,False,True
1189,25.0,18,0,1,0,4800.0,25.0,37,3.0,False,False,False,True,False,False,False,False,True
1190,22.0,18,0,1,0,3300.0,28.0,37,3.0,True,False,False,False,False,False,False,False,True
1191,24.0,22,0,1,1,4800.0,19.0,36,4.0,True,False,False,False,False,False,False,False,True
1192,17.14,14,0,2,1,3900.0,25.0,33,2.0,True,False,False,False,False,False,True,False,False
1193,17.14,14,0,2,1,3900.0,25.0,33,2.0,True,False,False,False,False,False,True,False,False
1194,24.0,14,0,2,1,4900.0,26.0,33,2.0,True,False,False,False,False,False,True,False,False
1195,24.0,106,0,0,1,5200.0,14.0,36,3.0,True,False,False,False,False,False,False,False,True
1196,24.0,106,0,0,1,3800.0,27.0,36,3.0,True,False,False,False,False,False,False,False,True
1197,26.4,22,0,1,1,4800.0,25.0,36,4.0,True,False,False,False,False,False,False,False,True
1198,20.0,106,0,0,1,4500.0,26.0,36,3.0,True,False,False,False,False,False,False,False,True
1199,26.0,106,0,0,1,4800.0,26.0,36,3.0,True,False,False,False,False,False,False,False,True
1200,26.0,106,0,0,1,4800.0,26.0,36,3.0,True,False,False,False,False,False,False,False,True
1201,26.4,14,0,2,1,4700.0,26.0,33,2.0,True,False,False,False,False,False,True,False,False
1202,26.0,18,0,1,0,5500.0,25.0,37,3.0,True,False,False,False,False,False,False,False,True
1203,26.4,106,0,0,1,4100.0,23.0,36,3.0,False,False,False,True,False,False,False,False,True
1204,26.4,106,0,0,1,4400.0,14.0,36,3.0,False,False,False,True,False,False,False,False,True
1205,26.4,106,0,0,1,5200.0,24.0,36,3.0,True,False,False,False,False,False,False,False,True
1207,22.0,22,0,1,1,4700.0,24.0,36,4.0,True,False,False,False,False,False,False,False,True
1208,24.0,18,0,1,0,4800.0,24.0,37,3.0,True,False,False,False,False,False,True,False,False
1209,35.0,14,0,2,1,5500.0,14.0,33,2.0,True,False,False,False,False,False,True,False,False
1210,24.0,18,0,1,0,4100.0,25.0,37,3.0,False,False,False,True,False,False,False,False,True
1212,21.0,106,0,0,1,5200.0,25.0,36,3.0,False,False,False,True,False,False,False,False,True
1213,21.48,27,0,4,1,4000.0,25.0,20,0.0,True,False,False,False,False,False,False,False,False
1215,24.0,22,0,1,1,4800.0,26.0,36,4.0,True,False,False,False,False,False,False,False,True
1216,20.0,27,0,4,1,1100.0,25.0,20,0.0,True,False,False,False,False,False,False,False,False
1217,24.0,14,0,2,1,4800.0,25.0,33,2.0,True,False,False,False,False,False,True,False,False
1218,114.0,106,0,0,1,14000.0,4.0,36,3.0,True,False,False,False,False,False,True,False,False
1219,21.0,28,0,0,1,4400.0,25.0,38,12.0,True,False,False,False,False,False,False,False,True
1220,202.6,106,0,0,1,4700.0,26.0,36,3.0,False,False,False,True,False,False,False,False,True
1221,26.4,14,0,2,1,5500.0,22.0,33,2.0,True,False,False,False,False,False,True,False,False
1222,25.0,18,0,1,0,5000.0,26.0,37,3.0,True,False,False,False,False,False,False,False,True
1223,26.4,18,0,1,0,4900.0,26.0,37,3.0,True,False,False,False,False,False,False,False,True
1224,26.4,18,0,1,0,4900.0,26.0,37,3.0,True,False,False,False,False,False,False,False,True
1225,21.0,18,0,1,0,4800.0,24.0,37,3.0,False,False,False,True,False,False,True,False,False
1226,26.4,106,0,0,1,4500.0,27.0,36,3.0,True,False,False,False,False,False,False,False,True
1227,100.0,22,0,1,1,7000.0,27.0,36,4.0,True,False,False,False,False,False,False,False,True
1228,40.0,18,0,1,0,6600.0,25.0,37,3.0,True,False,False,False,False,False,False,False,True
1229,24.0,14,0,2,1,4000.0,25.0,33,2.0,True,False,False,False,False,False,True,False,False
1230,26.41,18,0,1,0,5100.0,26.0,37,3.0,True,False,False,False,False,False,False,False,True
1231,21.34,14,0,2,1,4700.0,25.0,33,2.0,True,False,False,False,False,False,True,False,False
1232,26.4,106,0,0,1,4100.0,26.0,36,3.0,True,False,False,False,False,False,False,False,True
1233,26.41,18,0,1,0,5100.0,26.0,37,3.0,True,False,False,False,False,False,False,False,True
1234,20.63,28,0,0,1,4800.0,25.0,38,12.0,True,False,False,False,False,False,False,False,True
1235,23.27,14,0,2,1,5200.0,14.0,33,2.0,True,False,False,False,False,False,True,False,False
1236,26.4,22,0,1,1,4600.0,25.0,36,4.0,True,False,False,False,False,False,False,False,True
1237,26.4,106,0,0,1,4700.0,25.0,36,3.0,True,False,False,False,False,False,False,False,True
1238,26.4,106,0,0,1,4700.0,25.0,36,3.0,True,False,False,False,False,False,False,False,True
1239,26.0,14,0,2,1,2000.0,26.0,33,2.0,True,False,False,False,False,False,True,False,False
1240,28.0,18,0,1,0,5000.0,28.0,37,3.0,False,False,False,True,False,False,False,False,True
1241,23.0,106,0,0,1,5100.0,14.0,36,3.0,True,False,False,False,False,False,False,False,True
1242,26.4,18,0,1,0,4500.0,24.0,37,3.0,True,False,False,False,False,False,True,False,False
1243,26.4,106,0,0,1,4600.0,26.0,36,3.0,True,False,False,False,False,False,False,True,False
1244,50.0,14,0,2,1,1000.0,28.0,33,2.0,True,False,False,False,False,False,True,False,False
1245,27.0,18,0,1,0,5000.0,26.0,37,3.0,True,False,False,False,False,False,False,False,True
1246,26.4,14,0,2,1,4800.0,22.0,33,2.0,True,False,False,False,False,False,True,False,False
1247,38.0,27,0,4,1,3500.0,25.0,20,0.0,True,False,False,False,False,False,False,False,False
1248,21.0,18,0,1,0,4800.0,14.0,37,3.0,False,False,False,True,False,False,True,False,False
1249,26.4,106,0,0,1,5200.0,24.0,36,3.0,True,False,False,False,False,False,False,False,True
1251,26.0,14,0,2,1,5100.0,25.0,33,2.0,False,False,False,True,False,False,True,False,False
1252,24.34,106,0,0,1,4500.0,25.0,36,3.0,True,False,False,False,False,False,False,True,False
1253,22.0,18,0,1,0,4600.0,25.0,37,3.0,False,False,False,True,False,False,False,False,True
1254,24.0,22,0,1,1,2000.0,23.0,36,4.0,True,False,False,False,False,False,False,False,True
1255,26.0,106,0,0,1,1100.0,27.0,36,3.0,True,False,False,False,False,False,False,False,True
1256,104.0,28,0,0,1,10000.0,28.0,38,12.0,True,False,False,False,False,False,False,False,True
1257,37.0,106,0,0,1,5500.0,26.0,36,3.0,True,False,False,False,False,False,False,False,True
1258,26.4,14,0,2,1,5100.0,25.0,33,2.0,True,False,False,False,False,False,True,False,False
1259,26.4,14,0,2,1,5500.0,25.0,33,2.0,True,False,False,False,False,False,True,False,False
1260,23.27,14,0,2,1,5200.0,25.0,33,2.0,True,False,False,False,False,False,True,False,False
1261,29.05,28,0,0,1,4800.0,26.0,38,12.0,True,False,False,False,False,False,False,False,True
1263,31.0,27,0,0,0,3500.0,14.0,43,5.0,True,False,False,False,False,False,True,False,False
1265,26.0,106,0,0,1,4100.0,25.0,36,3.0,False,False,False,True,False,False,False,False,True
1266,23.0,106,0,0,1,4400.0,26.0,36,3.0,True,False,False,False,False,False,True,False,False
1267,23.0,18,0,1,0,4800.0,25.0,37,3.0,True,False,False,False,False,False,False,False,True
1268,28.0,22,0,1,1,4100.0,26.0,36,4.0,True,False,False,False,False,False,False,False,True
1269,24.0,106,0,0,1,4800.0,25.0,36,3.0,True,False,False,False,False,False,False,False,True
1270,25.0,22,0,1,1,4700.0,27.0,36,4.0,True,False,False,False,False,False,False,False,True
1271,26.0,106,0,0,1,3400.0,26.0,36,3.0,True,False,False,False,False,False,False,False,True
1272,30.0,28,0,0,1,4800.0,26.0,38,12.0,True,False,False,False,False,False,False,False,True
1273,45.0,27,0,4,1,4500.0,25.0,20,0.0,False,False,False,True,False,False,False,False,False
1275,22.0,22,0,1,1,4000.0,25.0,36,4.0,False,False,False,True,False,False,False,False,True
1276,96.0,27,0,0,0,12500.0,8.0,43,5.0,True,False,False,False,False,False,False,False,True
1277,26.0,14,0,2,1,4800.0,25.0,33,2.0,True,False,False,False,False,False,True,False,False
1278,20.0,14,0,2,1,5100.0,26.0,33,2.0,True,False,False,False,False,False,True,False,False
1279,40.0,18,0,1,0,6500.0,29.0,37,3.0,True,False,False,False,False,False,False,False,True
1280,23.0,14,0,2,1,4200.0,26.0,33,2.0,True,False,False,False,False,False,True,False,False
1281,26.4,14,0,2,1,5000.0,25.0,33,2.0,False,False,False,True,False,False,True,False,False
1282,21.63,14,0,2,1,4300.0,27.0,33,2.0,True,False,False,False,False,False,True,False,False
1283,15.0,22,0,1,1,3700.0,26.0,36,4.0,True,False,False,False,False,False,False,False,True
1285,19.0,42,0,0,0,5500.0,4.0,11,0.0,True,False,False,False,False,False,False,False,False
1286,24.0,28,0,0,1,5100.0,26.0,38,12.0,True,False,False,False,False,False,False,False,True
1287,20.0,22,0,1,1,4300.0,27.0,36,4.0,True,False,False,False,False,False,False,False,True
1288,50.0,18,0,1,0,6500.0,28.0,37,3.0,True,False,False,False,False,False,False,False,True
1289,35.0,106,0,0,1,5000.0,25.0,36,3.0,True,False,False,False,False,False,False,False,True
1291,42.0,14,0,2,1,1200.0,25.0,33,2.0,True,False,False,False,False,False,True,False,False
1292,53.0,22,0,1,1,7000.0,28.0,36,4.0,True,False,False,False,False,False,False,False,True
1293,42.0,14,0,2,1,1200.0,25.0,33,2.0,True,False,False,False,False,False,True,False,False
1295,50.0,106,0,0,1,2000.0,25.0,36,3.0,True,False,False,False,False,False,False,False,True
1297,34.0,27,0,4,1,5700.0,25.0,20,0.0,False,False,False,True,False,False,False,False,False
1298,21.0,106,0,0,1,4000.0,25.0,36,3.0,True,False,False,False,False,False,True,False,False
1299,47.0,106,0,0,1,7500.0,11.0,36,3.0,True,False,False,False,False,False,True,False,False
1300,23.0,27,0,4,1,4800.0,25.0,20,0.0,True,False,False,False,False,False,False,False,False
1302,26.0,28,0,0,1,5000.0,26.0,38,12.0,True,False,False,False,False,False,False,False,True
1303,45.0,22,0,1,1,1000.0,26.0,36,4.0,True,False,False,False,False,False,False,False,True
1305,30.0,14,0,2,1,4600.0,28.0,33,2.0,True,False,False,False,False,False,True,False,False
1308,37.0,18,0,1,0,5500.0,25.0,37,3.0,True,False,False,False,False,False,False,False,True
1309,23.0,28,0,0,1,4500.0,25.0,38,12.0,True,False,False,False,False,False,False,False,True
1310,28.0,22,0,1,1,4400.0,25.0,36,4.0,True,False,False,False,False,False,False,False,True
1312,56.0,106,0,0,1,8000.0,27.0,36,3.0,True,False,False,False,False,False,False,False,True
1313,25.0,106,0,0,1,3000.0,22.0,36,3.0,True,False,False,False,False,False,True,False,False
1314,15.0,22,0,1,1,4100.0,26.0,36,4.0,True,False,False,False,False,False,False,False,True
1315,21.0,27,0,4,1,3300.0,25.0,20,0.0,True,False,False,False,False,False,False,False,False
1316,24.0,14,0,2,1,3800.0,25.0,33,2.0,True,False,False,False,False,False,True,False,False
1317,20.0,106,0,0,1,1700.0,25.0,36,3.0,True,False,False,False,False,False,False,True,False
1318,25.0,14,0,2,1,5100.0,25.0,33,2.0,True,False,False,False,False,False,True,False,False
1319,45.0,22,0,1,1,1000.0,14.0,36,4.0,False,False,False,True,False,False,False,False,True
1320,22.0,18,0,1,0,3700.0,23.0,37,3.0,True,False,False,False,False,False,True,False,False
1321,43.0,106,0,0,1,5500.0,21.0,36,3.0,True,False,False,False,False,False,True,False,False
1322,42.0,106,0,0,1,5300.0,26.0,36,3.0,True,False,False,False,False,False,True,False,False
1323,27.0,106,0,0,1,4800.0,26.0,36,3.0,True,False,False,False,False,False,False,False,True
1326,57.0,106,0,0,1,7000.0,27.0,36,3.0,True,False,False,False,False,False,False,True,False
1327,23.0,106,0,0,1,3000.0,25.0,36,3.0,True,False,False,False,False,False,False,False,True
1328,24.0,18,0,1,0,5500.0,25.0,37,3.0,True,False,False,False,False,False,True,False,False
1329,56.0,27,0,4,1,8500.0,28.0,20,0.0,True,False,False,False,False,False,False,False,False
1330,37.0,106,0,0,1,6200.0,26.0,36,3.0,True,False,False,False,False,False,False,False,True
1332,24.0,28,0,0,1,3400.0,27.0,38,12.0,True,False,False,False,False,False,False,False,True
1333,25.0,106,0,0,1,5000.0,25.0,36,3.0,True,False,False,False,False,False,True,False,False
1334,26.4,22,0,1,1,4600.0,25.0,36,4.0,True,False,False,False,False,False,False,False,True
1335,29.7,14,0,2,1,3600.0,26.0,33,2.0,True,False,False,False,False,False,True,False,False
1336,24.0,14,0,2,1,4500.0,28.0,33,2.0,True,False,False,False,False,False,True,False,False
1337,20.0,27,0,4,1,3800.0,24.0,20,0.0,True,False,False,False,False,False,False,False,False
1338,22.0,42,0,0,0,2500.0,4.0,11,0.0,True,False,False,False,False,False,False,False,False
1339,24.0,106,0,0,1,4300.0,26.0,36,3.0,True,False,False,False,False,False,False,False,True
1340,22.0,18,0,1,0,3900.0,14.0,37,3.0,True,False,False,False,False,False,True,False,False
1341,22.0,27,0,4,1,2000.0,25.0,20,0.0,True,False,False,False,False,False,False,False,False
1342,24.0,28,0,0,1,4600.0,14.0,38,12.0,True,False,False,False,False,False,False,False,True
1344,33.0,22,0,1,1,4800.0,14.0,36,4.0,True,False,False,False,False,False,False,False,True
1345,25.0,28,0,0,1,4600.0,26.0,38,12.0,True,False,False,False,False,False,False,False,True
1346,27.34,106,0,0,1,4800.0,26.0,36,3.0,True,False,False,False,False,False,False,False,True
1347,20.0,18,0,1,0,4600.0,28.0,37,3.0,True,False,False,False,False,False,False,False,True
1348,17.0,27,0,4,1,900.0,23.0,20,0.0,True,False,False,False,False,False,False,False,False
1349,97.0,22,0,1,1,8800.0,25.0,36,4.0,True,False,False,False,False,False,False,False,True
1350,26.0,106,0,0,1,4200.0,25.0,36,3.0,True,False,False,False,False,False,False,False,True
1352,17.0,27,0,4,1,3600.0,23.0,20,0.0,True,False,False,False,False,False,False,False,False
1353,20.0,18,0,1,0,3300.0,28.0,37,3.0,True,False,False,False,False,False,False,False,True
1354,23.0,106,0,0,1,4800.0,25.0,36,3.0,True,False,False,False,False,False,False,True,False
1355,15.0,22,0,1,1,4500.0,26.0,36,4.0,True,False,False,False,False,False,False,False,True
1357,29.0,106,0,0,1,4600.0,26.0,36,3.0,True,False,False,False,False,False,False,False,True
1358,16.0,22,0,1,1,4100.0,26.0,36,4.0,True,False,False,False,False,False,False,False,True
1359,29.0,28,0,0,1,4100.0,25.0,38,12.0,True,False,False,False,False,False,False,False,True
1360,27.0,106,0,0,1,4300.0,26.0,36,3.0,True,False,False,False,False,False,False,False,True
1361,20.0,106,0,0,1,3500.0,25.0,36,3.0,True,False,False,False,False,False,False,True,False
1362,26.0,106,0,0,1,3300.0,26.0,36,3.0,True,False,False,False,False,False,False,False,True
1363,24.0,22,0,1,1,4500.0,26.0,36,4.0,True,False,False,False,False,False,False,False,True
1364,21.0,106,0,0,1,4800.0,14.0,36,3.0,True,False,False,False,False,False,False,False,True
1365,24.0,106,0,0,1,4900.0,25.0,36,3.0,True,False,False,False,False,False,False,False,True
1366,33.0,22,0,1,1,4700.0,28.0,36,4.0,True,False,False,False,False,False,False,False,True
1367,21.0,106,0,0,1,4800.0,25.0,36,3.0,True,False,False,False,False,False,False,False,True
1368,28.0,18,0,1,0,4600.0,26.0,37,3.0,True,False,False,False,False,False,True,False,False
1369,65.0,22,0,1,1,600.0,27.0,36,4.0,True,False,False,False,False,False,False,False,True
1371,21.0,28,0,0,1,4800.0,22.0,38,12.0,True,False,False,False,False,False,False,False,True
1372,20.0,14,0,2,1,4500.0,27.0,33,2.0,True,False,False,False,False,False,True,False,False
1373,25.0,106,0,0,1,4000.0,25.0,36,3.0,True,False,False,False,False,False,False,False,True
1374,24.0,18,0,1,0,6000.0,14.0,37,3.0,True,False,False,False,False,False,True,False,False
1375,20.0,84,0,0,0,4800.0,26.0,4,0.0,True,False,False,False,False,False,False,False,True
1376,20.0,18,0,1,0,3900.0,28.0,37,3.0,True,False,False,False,False,False,False,False,True
1377,50.0,106,0,0,1,6600.0,25.0,36,3.0,True,False,False,False,False,False,False,True,False
1378,20.0,106,0,0,1,4900.0,26.0,36,3.0,True,False,False,False,False,False,False,False,True
1380,22.0,18,0,1,0,4900.0,26.0,37,3.0,True,False,False,False,False,False,False,False,True
1381,23.0,18,0,1,0,4800.0,25.0,37,3.0,True,False,False,False,False,False,False,False,True
1382,23.0,18,0,1,0,4900.0,14.0,37,3.0,True,False,False,False,False,False,False,False,True
1383,25.0,18,0,1,0,4900.0,26.0,37,3.0,True,False,False,False,False,False,False,False,True
1384,22.0,106,0,0,1,5100.0,26.0,36,3.0,True,False,False,False,False,False,False,False,True
1385,24.0,22,0,1,1,3800.0,26.0,36,4.0,True,False,False,False,False,False,False,False,True
1386,22.0,28,0,0,1,4600.0,25.0,38,12.0,True,False,False,False,False,False,True,False,False
1387,25.0,106,0,0,1,4800.0,25.0,36,3.0,True,False,False,False,False,False,True,False,False
1388,23.0,106,0,0,1,4600.0,26.0,36,3.0,True,False,False,False,False,False,True,False,False
1391,26.0,18,0,1,0,4700.0,25.0,37,3.0,False,False,False,True,False,False,False,False,True
1392,26.0,14,0,2,1,4500.0,26.0,33,2.0,True,False,False,False,False,False,True,False,False
1393,22.86,14,0,2,1,3900.0,14.0,33,2.0,True,False,False,False,False,False,True,False,False
1394,23.77,28,0,0,1,4500.0,25.0,38,12.0,True,False,False,False,False,False,False,False,True
1395,24.0,28,0,0,1,5100.0,26.0,38,12.0,True,False,False,False,False,False,False,False,True
1396,23.0,22,0,1,1,3700.0,26.0,36,4.0,True,False,False,False,False,False,False,False,True
1397,39.0,27,0,4,1,10500.0,3.0,20,0.0,True,False,False,False,False,False,False,False,False
1398,24.0,18,0,1,0,4300.0,24.0,37,3.0,True,False,False,False,False,False,True,False,False
1399,22.0,18,0,1,0,4600.0,28.0,37,3.0,True,False,False,False,False,False,False,False,True
1400,23.0,22,0,1,1,4600.0,27.0,36,4.0,True,False,False,False,False,False,False,False,True
1402,24.0,106,0,0,1,4700.0,23.0,36,3.0,True,False,False,False,False,False,False,True,False
1403,25.0,106,0,0,1,4300.0,25.0,36,3.0,True,False,False,False,False,False,False,False,True
1405,32.0,27,0,4,1,5000.0,25.0,20,0.0,True,False,False,False,False,False,False,False,False
1406,23.0,106,0,0,1,3300.0,26.0,36,3.0,True,False,False,False,False,False,False,False,True
1407,24.0,106,0,0,1,4500.0,25.0,36,3.0,True,False,False,False,False,False,False,True,False
1408,22.0,14,0,2,1,3300.0,25.0,33,2.0,True,False,False,False,False,False,True,False,False
1409,26.0,106,0,0,1,3400.0,26.0,36,3.0,True,False,False,False,False,False,False,False,True
1410,23.0,106,0,0,1,3800.0,25.0,36,3.0,True,False,False,False,False,False,False,False,True
1411,23.0,84,0,0,0,4500.0,26.0,4,0.0,True,False,False,False,False,False,False,False,True
1412,20.0,28,0,0,1,4500.0,25.0,38,12.0,True,False,False,False,False,False,False,False,True
1413,21.0,106,0,0,1,4600.0,27.0,36,3.0,True,False,False,False,False,False,False,False,True
1414,22.0,22,0,1,1,3800.0,27.0,36,4.0,True,False,False,False,False,False,False,False,True
1415,21.0,106,0,0,1,4600.0,27.0,36,3.0,True,False,False,False,False,False,False,False,True
1416,25.0,106,0,0,1,4300.0,27.0,36,3.0,True,False,False,False,False,False,False,False,True
1418,24.0,18,0,1,0,3700.0,25.0,37,3.0,True,False,False,False,False,False,True,False,False
1419,20.0,106,0,0,1,4800.0,25.0,36,3.0,True,False,False,False,False,False,False,False,True
1420,30.0,14,0,2,1,4500.0,27.0,33,2.0,True,False,False,False,False,False,True,False,False
1421,20.0,27,0,4,1,2500.0,24.0,20,0.0,False,False,False,True,False,False,False,False,False
1422,25.0,106,0,0,1,4400.0,25.0,36,3.0,True,False,False,False,False,False,False,False,True
1423,24.0,18,0,1,0,5500.0,25.0,37,3.0,True,False,False,False,False,False,True,False,False
1424,24.0,84,0,0,0,4900.0,27.0,4,0.0,False,False,False,True,False,False,False,False,True
1426,23.0,27,0,4,1,3300.0,24.0,20,0.0,True,False,False,False,False,False,False,False,False
1427,24.0,106,0,0,1,4500.0,14.0,36,3.0,False,False,False,True,False,False,False,False,True
1428,43.0,27,0,4,1,5000.0,26.0,20,0.0,True,False,False,False,False,False,False,False,False
1429,20.0,14,0,2,1,4100.0,26.0,33,2.0,True,False,False,False,False,False,True,False,False
1430,24.0,106,0,0,1,4000.0,27.0,36,3.0,True,False,False,False,False,False,False,False,True
1431,22.0,14,0,2,1,5100.0,28.0,33,2.0,True,False,False,False,False,False,True,False,False
1433,45.0,27,0,4,1,5500.0,25.0,20,0.0,False,False,False,True,False,False,False,False,False
1436,39.0,18,0,1,0,4600.0,25.0,37,3.0,True,False,False,False,False,False,False,False,True
1437,26.4,106,0,0,1,4300.0,14.0,36,3.0,True,False,False,False,False,False,False,False,True
1438,20.0,14,0,2,1,3900.0,25.0,33,2.0,True,False,False,False,False,False,True,False,False
1439,50.0,18,0,1,0,10000.0,11.0,37,3.0,True,False,False,False,False,False,False,False,True
1440,29.0,18,0,1,0,5100.0,27.0,37,3.0,True,False,False,False,False,False,False,False,True
1441,20.0,106,0,0,1,4000.0,26.0,36,3.0,True,False,False,False,False,False,False,False,True
1442,25.0,27,0,4,1,3500.0,25.0,20,0.0,True,False,False,False,False,False,False,False,False
1443,50.0,28,0,0,1,7500.0,27.0,38,12.0,True,False,False,False,False,False,False,False,True
1444,22.0,14,0,2,1,5100.0,28.0,33,2.0,True,False,False,False,False,False,True,False,False
1445,23.0,106,0,0,1,3700.0,25.0,36,3.0,True,False,False,False,False,False,False,True,False
1446,57.0,28,0,0,1,7000.0,28.0,38,12.0,True,False,False,False,False,False,False,False,True
1447,23.0,18,0,1,0,4000.0,25.0,37,3.0,True,False,False,False,False,False,False,False,True
1448,22.0,22,0,1,1,5000.0,25.0,36,4.0,False,False,False,True,False,False,False,False,True
1449,22.0,22,0,1,1,5000.0,25.0,36,4.0,True,False,False,False,False,False,False,False,True
1450,18.0,106,0,0,1,2600.0,25.0,36,3.0,True,False,False,False,False,False,False,False,True
1451,22.0,106,0,0,1,4800.0,26.0,36,3.0,True,False,False,False,False,False,False,False,True
1452,22.0,106,0,0,1,4800.0,26.0,36,3.0,True,False,False,False,False,False,False,False,True
1453,20.0,106,0,0,1,4500.0,26.0,36,3.0,True,False,False,False,False,False,False,False,True
1454,35.0,18,0,1,0,6500.0,24.0,37,3.0,True,False,False,False,False,False,True,False,False
1455,56.0,22,0,1,1,6500.0,28.0,36,4.0,True,False,False,False,False,False,False,False,True
1456,20.0,22,0,1,1,4300.0,27.0,36,4.0,True,False,False,False,False,False,False,False,True
1457,20.0,22,0,1,1,4300.0,27.0,36,4.0,True,False,False,False,False,False,False,False,True
1458,21.0,28,0,0,1,4600.0,22.0,38,12.0,True,False,False,False,False,False,False,False,True
1459,60.0,14,0,2,1,5100.0,28.0,33,2.0,True,False,False,False,False,False,True,False,False
1460,20.0,22,0,1,1,3900.0,28.0,36,4.0,True,False,False,False,False,False,False,False,True
1461,25.0,18,0,1,0,5000.0,26.0,37,3.0,True,False,False,False,False,False,False,False,True
1462,26.0,27,0,4,1,4500.0,25.0,20,0.0,True,False,False,False,False,False,False,False,False
1463,25.0,28,0,0,1,4600.0,26.0,38,12.0,True,False,False,False,False,False,False,False,True
1464,19.0,106,0,0,1,4100.0,25.0,36,3.0,True,False,False,False,False,False,False,True,False
1465,50.0,18,0,1,0,10000.0,11.0,37,3.0,True,False,False,False,False,False,False,False,True
1466,28.0,22,0,1,1,4200.0,23.0,36,4.0,True,False,False,False,False,False,False,False,True
1468,25.0,106,0,0,1,3900.0,27.0,36,3.0,False,False,False,True,False,False,False,False,True
1469,26.0,18,0,1,0,5500.0,25.0,37,3.0,True,False,False,False,False,False,True,False,False
1470,25.0,106,0,0,1,3900.0,14.0,36,3.0,True,False,False,False,False,False,False,False,True
1472,26.0,106,0,0,1,5200.0,24.0,36,3.0,True,False,False,False,False,False,False,False,True
1473,36.0,106,0,0,1,5500.0,25.0,36,3.0,True,False,False,False,False,False,False,False,True
1474,21.0,106,0,0,1,4200.0,26.0,36,3.0,True,False,False,False,False,False,False,False,True
1475,36.0,106,0,0,1,5500.0,25.0,36,3.0,True,False,False,False,False,False,False,False,True
1476,21.0,106,0,0,1,5200.0,25.0,36,3.0,True,False,False,False,False,False,False,False,True
1477,20.0,27,0,4,1,4000.0,24.0,20,0.0,False,False,False,True,False,False,False,False,False
1478,50.0,28,0,0,1,7000.0,27.0,38,12.0,True,False,False,False,False,False,False,False,True
1479,23.0,18,0,1,0,4700.0,25.0,37,3.0,True,False,False,False,False,False,False,False,True
1480,26.0,28,0,0,1,3800.0,26.0,38,12.0,True,False,False,False,False,False,False,False,True
1481,24.7,28,0,0,1,4600.0,25.0,38,12.0,True,False,False,False,False,False,True,False,False
1482,20.0,14,0,2,1,4500.0,27.0,33,2.0,True,False,False,False,False,False,True,False,False
1483,22.0,18,0,1,0,4900.0,24.0,37,3.0,True,False,False,False,False,False,True,False,False
1484,20.0,106,0,0,1,5000.0,25.0,36,3.0,False,False,False,True,False,False,False,False,True
1485,35.0,22,0,1,1,6500.0,28.0,36,4.0,True,False,False,False,False,False,False,False,True
1486,26.58,28,0,0,1,4900.0,25.0,38,12.0,True,False,False,False,False,False,False,False,True
1487,24.0,14,0,2,1,3800.0,25.0,33,2.0,True,False,False,False,False,False,True,False,False
1489,26.0,106,0,0,1,4500.0,27.0,36,3.0,True,False,False,False,False,False,True,False,False
1490,25.0,106,0,0,1,5200.0,25.0,36,3.0,True,False,False,False,False,False,False,False,True
1491,25.0,106,0,0,1,5200.0,25.0,36,3.0,True,False,False,False,False,False,False,False,True
1494,25.0,18,0,1,0,5300.0,26.0,37,3.0,True,False,False,False,False,False,False,False,True
1495,26.4,22,0,1,1,4600.0,25.0,36,4.0,True,False,False,False,False,False,False,False,True
1496,28.0,18,0,1,0,6000.0,28.0,37,3.0,True,False,False,False,False,False,False,False,True
1497,23.0,106,0,0,1,4100.0,25.0,36,3.0,True,False,False,False,False,False,False,False,True
1498,22.0,18,0,1,0,4700.0,24.0,37,3.0,True,False,False,False,False,False,True,False,False
1499,29.26,18,0,1,0,5000.0,27.0,37,3.0,True,False,False,False,False,False,False,False,True
1500,40.0,18,0,1,0,7800.0,23.0,37,3.0,True,False,False,False,False,False,True,False,False
1501,21.0,106,0,0,1,4200.0,26.0,36,3.0,True,False,False,False,False,False,False,False,True
1502,26.4,22,0,1,1,4500.0,25.0,36,4.0,True,False,False,False,False,False,False,False,True
1503,20.0,18,0,1,0,4900.0,26.0,37,3.0,True,False,False,False,False,False,False,False,True
1504,20.0,22,0,1,1,4300.0,27.0,36,4.0,True,False,False,False,False,False,False,False,True
1505,26.4,22,0,1,1,4700.0,25.0,36,4.0,True,False,False,False,False,False,False,False,True
1506,22.0,28,0,0,1,5200.0,25.0,38,12.0,True,False,False,False,False,False,False,False,True
1508,20.0,106,0,0,1,4000.0,25.0,36,3.0,True,False,False,False,False,False,False,False,True
1509,26.4,18,0,1,0,5500.0,25.0,37,3.0,True,False,False,False,False,False,False,False,True
1510,20.0,27,0,4,1,4400.0,25.0,20,0.0,True,False,False,False,False,False,True,False,False
1511,23.0,106,0,0,1,4300.0,25.0,36,3.0,True,False,False,False,False,False,False,False,True
1512,22.0,106,0,0,1,4500.0,25.0,36,3.0,True,False,False,False,False,False,False,True,False
1513,29.18,106,0,0,1,5200.0,24.0,36,3.0,True,False,False,False,False,False,False,False,True
1514,21.0,106,0,0,1,4500.0,27.0,36,3.0,True,False,False,False,False,False,False,False,True
1515,26.0,106,0,0,1,4500.0,25.0,36,3.0,True,False,False,False,False,False,False,False,True
1516,22.0,18,0,1,0,4700.0,23.0,37,3.0,True,False,False,False,False,False,True,False,False
1517,21.0,106,0,0,1,4500.0,27.0,36,3.0,True,False,False,False,False,False,False,False,True
1518,30.0,28,0,0,1,5000.0,14.0,38,12.0,True,False,False,False,False,False,False,False,True
1519,56.0,106,0,0,1,7000.0,27.0,36,3.0,True,False,False,False,False,False,False,False,True
1520,24.0,106,0,0,1,4500.0,26.0,36,3.0,True,False,False,False,False,False,False,True,False
1525,29.0,106,0,0,1,5000.0,26.0,36,3.0,True,False,False,False,False,False,False,False,True
1526,42.0,22,0,1,1,5500.0,28.0,36,4.0,True,False,False,False,False,False,False,False,True
1527,24.0,106,0,0,1,3300.0,26.0,36,3.0,True,False,False,False,False,False,False,False,True
1528,24.0,106,0,0,1,4600.0,25.0,36,3.0,True,False,False,False,False,False,False,False,True
1529,26.4,14,0,2,1,4600.0,25.0,33,2.0,True,False,False,False,False,False,True,False,False
1531,20.0,18,0,1,0,5000.0,28.0,37,3.0,True,False,False,False,False,False,False,False,True
1532,22.9,28,0,0,1,3900.0,25.0,38,12.0,True,False,False,False,False,False,False,False,True
1533,45.0,18,0,1,0,6500.0,27.0,37,3.0,True,False,False,False,False,False,False,False,True
1535,23.0,22,0,1,1,4400.0,26.0,36,4.0,True,False,False,False,False,False,False,False,True
1536,22.0,22,0,1,1,5000.0,25.0,36,4.0,False,False,False,True,False,False,False,False,True
1537,34.0,14,0,2,1,4500.0,28.0,33,2.0,True,False,False,False,False,False,True,False,False
1539,20.0,14,0,2,1,4900.0,27.0,33,2.0,True,False,False,False,False,False,True,False,False
1540,33.0,14,0,2,1,4800.0,25.0,33,2.0,False,False,False,True,False,False,True,False,False
1542,33.0,14,0,2,1,4800.0,25.0,33,2.0,True,False,False,False,False,False,True,False,False
1543,40.0,14,0,2,1,5700.0,26.0,33,2.0,True,False,False,False,False,False,True,False,False
1544,25.0,18,0,1,0,4600.0,23.0,37,3.0,True,False,False,False,False,False,True,False,False
1545,28.0,106,0,0,1,4600.0,25.0,36,3.0,True,False,False,False,False,False,False,False,True
1546,24.0,18,0,1,0,4500.0,25.0,37,3.0,True,False,False,False,False,False,True,False,False
1547,20.0,106,0,0,1,4000.0,24.0,36,3.0,True,False,False,False,False,False,False,True,False
1548,26.4,106,0,0,1,4500.0,25.0,36,3.0,True,False,False,False,False,False,False,False,True
1549,24.0,106,0,0,1,4500.0,26.0,36,3.0,False,False,False,True,False,False,False,False,True
1550,28.0,27,0,4,1,3800.0,26.0,20,0.0,True,False,False,False,False,False,False,False,False
1551,15.0,114,0,0,0,4700.0,14.0,26,4.0,True,False,False,False,False,False,False,False,True
1552,21.0,27,0,4,1,4100.0,25.0,20,0.0,True,False,False,False,False,False,False,False,False
1553,21.0,27,0,4,1,3700.0,25.0,20,0.0,True,False,False,False,False,False,False,False,False
1554,21.0,27,0,4,1,3700.0,25.0,20,0.0,False,False,False,True,False,False,False,False,False
1555,26.0,106,0,0,1,4500.0,26.0,36,3.0,True,False,False,False,False,False,False,False,True
1556,24.0,106,0,0,1,4100.0,23.0,36,3.0,True,False,False,False,False,False,False,False,True
1557,26.0,106,0,0,1,4400.0,14.0,36,3.0,True,False,False,False,False,False,False,False,True
1558,28.0,18,0,1,0,5500.0,26.0,37,3.0,True,False,False,False,False,False,False,False,True
1559,24.0,22,0,1,1,4700.0,25.0,36,4.0,True,False,False,False,False,False,False,False,True
1560,26.4,106,0,0,1,4800.0,25.0,36,3.0,True,False,False,False,False,False,False,False,True
1561,29.39,22,0,1,1,5100.0,25.0,36,4.0,True,False,False,False,False,False,False,False,True
1562,30.0,18,0,1,0,7000.0,25.0,37,3.0,True,False,False,False,False,False,True,False,False
1563,26.4,106,0,0,1,4700.0,27.0,36,3.0,True,False,False,False,False,False,False,False,True
1565,23.0,106,0,0,1,3000.0,26.0,36,3.0,True,False,False,False,False,False,False,False,True
1566,20.0,14,0,2,1,3200.0,27.0,33,2.0,True,False,False,False,False,False,True,False,False
1567,23.0,106,0,0,1,3900.0,27.0,36,3.0,True,False,False,False,False,False,False,False,True
1568,50.0,22,0,1,1,2000.0,23.0,36,4.0,True,False,False,False,False,False,False,False,True
1569,30.0,27,0,4,1,4000.0,11.0,20,0.0,True,False,False,False,False,False,False,False,False
1570,46.0,22,0,1,1,8000.0,27.0,36,4.0,True,False,False,False,False,False,False,False,True
1572,26.0,18,0,1,0,4600.0,24.0,37,3.0,True,False,False,False,False,False,True,False,False
1573,85.0,50,0,0,1,22000.0,9.0,26,0.0,False,False,False,True,False,False,False,False,True
1574,30.0,22,0,1,1,8000.0,28.0,36,4.0,True,False,False,False,False,False,False,False,True
1576,26.0,106,0,0,1,4500.0,24.0,36,3.0,True,False,False,False,False,False,True,False,False
1577,20.0,14,0,2,1,4200.0,25.0,33,2.0,True,False,False,False,False,False,True,False,False
1578,22.0,22,0,1,1,4800.0,25.0,36,4.0,True,False,False,False,False,False,False,False,True
1579,40.0,106,0,0,1,6000.0,26.0,36,3.0,True,False,False,False,False,False,False,False,True
1580,20.0,106,0,0,1,3900.0,24.0,36,3.0,False,False,False,True,False,False,False,True,False
1581,24.34,106,0,0,1,4500.0,25.0,36,3.0,True,False,False,False,False,False,False,True,False
1582,24.0,106,0,0,1,4500.0,25.0,36,3.0,True,False,False,False,False,False,False,True,False
1583,28.0,22,0,1,1,4100.0,23.0,36,4.0,True,False,False,False,False,False,False,False,True
1584,26.4,22,0,1,1,3300.0,25.0,36,4.0,True,False,False,False,False,False,False,False,True
1585,26.0,22,0,1,1,2000.0,23.0,36,4.0,True,False,False,False,False,False,False,False,True
1586,26.0,14,0,2,1,5000.0,25.0,33,2.0,True,False,False,False,False,False,True,False,False
1587,26.0,14,0,2,1,4500.0,22.0,33,2.0,True,False,False,False,False,False,True,False,False
1588,21.0,27,0,4,1,2700.0,25.0,20,0.0,False,False,False,True,False,False,False,False,False
1589,20.0,84,0,0,0,5300.0,26.0,4,0.0,True,False,False,False,False,False,False,False,True
1590,27.47,106,0,0,1,4000.0,25.0,36,3.0,False,False,False,True,False,False,False,False,True
1591,20.0,22,0,1,1,4800.0,26.0,36,4.0,True,False,False,False,False,False,False,False,True
1592,48.0,106,0,0,1,700.0,23.0,36,3.0,True,False,False,False,False,False,False,False,True
1595,24.0,106,0,0,1,2500.0,25.0,36,3.0,True,False,False,False,False,False,False,True,False
1597,25.0,84,0,0,0,5500.0,25.0,4,0.0,True,False,False,False,False,False,False,False,True
1599,23.0,106,0,0,1,4500.0,26.0,36,3.0,True,False,False,False,False,False,False,False,True
1600,26.0,22,0,1,1,4500.0,26.0,36,4.0,True,False,False,False,False,False,False,False,True
1601,24.0,18,0,1,0,4700.0,25.0,37,3.0,True,False,False,False,False,False,False,False,True
1603,26.0,14,0,2,1,4000.0,25.0,33,2.0,True,False,False,False,False,False,True,False,False
1604,20.0,18,0,1,0,4500.0,26.0,37,3.0,False,False,False,True,False,False,False,False,True
1605,21.0,106,0,0,1,5200.0,25.0,36,3.0,True,False,False,False,False,False,False,False,True
1606,26.4,106,0,0,1,4500.0,26.0,36,3.0,True,False,False,False,False,False,False,False,True
1607,21.44,28,0,0,1,3500.0,26.0,38,12.0,True,False,False,False,False,False,False,False,True
1608,32.0,106,0,0,1,5200.0,23.0,36,3.0,True,False,False,False,False,False,False,False,True
1610,20.0,22,0,1,1,4900.0,26.0,36,4.0,True,False,False,False,False,False,False,False,True
1611,50.0,27,0,4,1,5500.0,26.0,20,0.0,True,False,False,False,False,False,False,False,False
1612,26.0,14,0,2,1,5500.0,25.0,33,2.0,True,False,False,False,False,False,True,False,False
1613,113.0,18,0,1,0,11500.0,27.0,37,3.0,True,False,False,False,False,False,False,False,True
1614,17.0,27,0,4,1,4300.0,23.0,20,0.0,True,False,False,False,False,False,False,False,False
1615,20.0,106,0,0,1,4500.0,25.0,36,3.0,True,False,False,False,False,False,False,False,True
1616,26.0,27,0,4,1,4500.0,25.0,20,0.0,True,False,False,False,False,False,False,False,False
1617,30.0,106,0,0,1,4900.0,25.0,36,3.0,True,False,False,False,False,False,False,False,True
1621,33.0,14,0,2,1,5000.0,28.0,33,2.0,True,False,False,False,False,False,True,False,False
1623,40.0,18,0,1,0,6500.0,25.0,37,3.0,True,False,False,False,False,False,False,False,True
1624,22.0,14,0,2,1,4500.0,25.0,33,2.0,True,False,False,False,False,False,True,False,False
1625,43.0,27,0,4,1,5000.0,25.0,20,0.0,True,False,False,False,False,False,False,False,False
1626,23.0,18,0,1,0,3800.0,25.0,37,3.0,True,False,False,False,False,False,False,False,True
1627,23.0,14,0,2,1,4000.0,25.0,33,2.0,True,False,False,False,False,False,True,False,False
1628,21.0,106,0,0,1,5200.0,25.0,36,3.0,True,False,False,False,False,False,False,False,True
1629,20.0,14,0,2,1,3200.0,27.0,33,2.0,True,False,False,False,False,False,True,False,False
1630,29.0,106,0,0,1,5000.0,26.0,36,3.0,False,False,False,True,False,False,False,False,True
1631,21.0,18,0,1,0,4600.0,26.0,37,3.0,True,False,False,False,False,False,False,False,True
1632,48.0,106,0,0,1,6300.0,26.0,36,3.0,True,False,False,False,False,False,True,False,False
1633,48.0,106,0,0,1,6000.0,14.0,36,3.0,True,False,False,False,False,False,True,False,False
1634,26.0,22,0,1,1,4500.0,26.0,36,4.0,True,False,False,False,False,False,False,False,True
1638,24.0,106,0,0,1,4500.0,25.0,36,3.0,True,False,False,False,False,False,False,True,False
1640,26.0,106,0,0,1,4500.0,25.0,36,3.0,True,False,False,False,False,False,False,False,True
1642,49.0,42,0,0,0,8000.0,4.0,11,0.0,True,False,False,False,False,False,False,False,False
1644,24.0,106,0,0,1,4700.0,25.0,36,3.0,True,False,False,False,False,False,False,True,False
1645,21.0,28,0,0,1,4500.0,25.0,38,12.0,True,False,False,False,False,False,True,False,False
1646,49.0,22,0,1,1,5500.0,26.0,36,4.0,True,False,False,False,False,False,False,False,True
1648,24.0,22,0,1,1,4700.0,25.0,36,4.0,True,False,False,False,False,False,False,False,True
1650,20.0,14,0,2,1,4500.0,27.0,33,2.0,True,False,False,False,False,False,True,False,False
1651,50.0,28,0,0,1,6000.0,27.0,38,12.0,True,False,False,False,False,False,False,False,True
1652,50.0,14,0,2,1,2500.0,28.0,33,2.0,True,False,False,False,False,False,True,False,False
1654,24.0,106,0,0,1,5000.0,25.0,36,3.0,True,False,False,False,False,False,True,False,False
1655,57.0,106,0,0,1,3500.0,28.0,36,3.0,True,False,False,False,False,False,False,False,True
1656,21.0,106,0,0,1,4500.0,25.0,36,3.0,True,False,False,False,False,False,True,False,False
1657,46.0,27,0,4,1,6000.0,28.0,20,0.0,True,False,False,False,False,False,False,False,False
1658,25.0,27,0,4,1,2600.0,25.0,20,0.0,True,False,False,False,False,False,False,False,False
1659,25.0,106,0,0,1,4600.0,25.0,36,3.0,True,False,False,False,False,False,False,False,True
1661,115.0,22,0,1,1,12000.0,27.0,36,4.0,True,False,False,False,False,False,False,False,True
1662,40.0,106,0,0,1,900.0,16.0,36,3.0,False,False,False,True,False,False,False,False,True
1663,21.0,106,0,0,1,3500.0,25.0,36,3.0,True,False,False,False,False,False,False,False,True
1666,26.0,106,0,0,1,2000.0,25.0,36,3.0,True,False,False,False,False,False,True,False,False
1668,26.0,106,0,0,1,4300.0,25.0,36,3.0,True,False,False,False,False,False,False,False,True
1669,26.0,106,0,0,1,3600.0,26.0,36,3.0,True,False,False,False,False,False,False,False,True
1671,29.0,22,0,1,1,5700.0,25.0,36,4.0,True,False,False,False,False,False,False,False,True
1673,24.0,106,0,0,1,2900.0,22.0,36,3.0,True,False,False,False,False,False,True,False,False
1677,60.0,106,0,0,1,6700.0,11.0,36,3.0,True,False,False,False,False,False,True,False,False
1678,25.0,106,0,0,1,1100.0,22.0,36,3.0,False,False,False,True,False,False,True,False,False
1681,50.0,22,0,1,1,7500.0,14.0,36,4.0,True,False,False,False,False,False,False,False,True
1682,40.0,22,0,1,1,6200.0,23.0,36,4.0,True,False,False,False,False,False,False,False,True
1684,20.0,14,0,2,1,4600.0,28.0,33,2.0,True,False,False,False,False,False,True,False,False
1685,24.0,22,0,1,1,4800.0,19.0,36,4.0,True,False,False,False,False,False,False,False,True
1686,36.0,106,0,0,1,5800.0,25.0,36,3.0,False,False,False,True,False,False,False,False,True
1687,22.0,14,0,2,1,2900.0,26.0,33,2.0,True,False,False,False,False,False,True,False,False
1688,50.0,27,0,4,1,5500.0,26.0,20,0.0,True,False,False,False,False,False,False,False,False
1689,23.0,106,0,0,1,4900.0,25.0,36,3.0,True,False,False,False,False,False,True,False,False
1690,30.0,14,0,2,1,5300.0,28.0,33,2.0,True,False,False,False,False,False,True,False,False
1691,22.0,28,0,0,1,4600.0,25.0,38,12.0,True,False,False,False,False,False,False,False,True
1692,20.0,106,0,0,1,4500.0,25.0,36,3.0,True,False,False,False,False,False,False,False,True
1694,40.0,18,0,1,0,6500.0,25.0,37,3.0,True,False,False,False,False,False,True,False,False
1696,21.0,28,0,0,1,4400.0,25.0,38,12.0,True,False,False,False,False,False,False,False,True
1698,22.0,14,0,2,1,4800.0,26.0,33,2.0,True,False,False,False,False,False,True,False,False
1699,26.4,106,0,0,1,4200.0,25.0,36,3.0,True,False,False,False,False,False,False,False,True
1701,49.0,18,0,1,0,6700.0,26.0,37,3.0,True,False,False,False,False,False,True,False,False
1702,21.0,28,0,0,1,4500.0,22.0,38,12.0,True,False,False,False,False,False,False,False,True
1703,55.0,106,0,0,1,5000.0,25.0,36,3.0,True,False,False,False,False,False,False,False,True
1704,26.0,18,0,1,0,5500.0,25.0,37,3.0,True,False,False,False,False,False,True,False,False
1705,98.0,106,0,0,1,3200.0,26.0,36,3.0,True,False,False,False,False,False,True,False,False
1706,20.0,18,0,1,0,2700.0,26.0,37,3.0,True,False,False,False,False,False,False,False,True
1707,23.0,106,0,0,1,4900.0,26.0,36,3.0,True,False,False,False,False,False,False,False,True
1708,69.0,28,0,0,1,8500.0,25.0,38,12.0,True,False,False,False,False,False,False,False,True
1709,60.0,106,0,0,1,6700.0,11.0,36,3.0,True,False,False,False,False,False,True,False,False
1710,58.0,28,0,0,1,7800.0,28.0,38,12.0,True,False,False,False,False,False,False,False,True
1711,83.0,22,0,1,1,5000.0,28.0,36,4.0,False,False,False,True,False,False,False,False,True
1712,25.0,27,0,4,1,4500.0,24.0,20,0.0,True,False,False,False,False,False,False,False,False
1714,57.0,14,0,2,1,7300.0,28.0,33,2.0,True,False,False,False,False,False,True,False,False
1717,21.0,106,0,0,1,2600.0,25.0,36,3.0,True,False,False,False,False,False,False,False,True
1718,29.26,18,0,1,0,5000.0,27.0,37,3.0,True,False,False,False,False,False,False,False,True
1719,24.0,106,0,0,1,4600.0,26.0,36,3.0,True,False,False,False,False,False,False,True,False
1720,20.0,18,0,1,0,4800.0,25.0,37,3.0,False,False,False,True,False,False,True,False,False
1722,26.0,106,0,0,1,4500.0,25.0,36,3.0,True,False,False,False,False,False,False,False,True
1724,22.0,28,0,0,1,3000.0,25.0,38,12.0,True,False,False,False,False,False,False,False,True
1726,26.0,28,0,0,1,3400.0,26.0,38,12.0,True,False,False,False,False,False,False,False,True
1727,20.0,106,0,0,1,4400.0,14.0,36,3.0,True,False,False,False,False,False,False,False,True
1728,30.5,28,0,0,1,4200.0,26.0,38,12.0,True,False,False,False,False,False,False,False,True
1730,22.0,106,0,0,1,4800.0,25.0,36,3.0,True,False,False,False,False,False,True,False,False
1732,23.0,106,0,0,1,4000.0,26.0,36,3.0,True,False,False,False,False,False,True,False,False
1734,16.0,22,0,1,1,3700.0,28.0,36,4.0,True,False,False,False,False,False,False,False,True
1735,24.0,28,0,0,1,4700.0,24.0,38,12.0,True,False,False,False,False,False,False,False,True
1737,24.0,106,0,0,1,4000.0,26.0,36,3.0,True,False,False,False,False,False,False,False,True
1738,22.9,28,0,0,1,3900.0,25.0,38,12.0,True,False,False,False,False,False,False,False,True
1739,34.0,27,0,4,1,5500.0,25.0,20,0.0,False,False,False,True,False,False,False,False,False
1740,24.0,106,0,0,1,1600.0,26.0,36,3.0,True,False,False,False,False,False,False,False,True
1741,20.0,22,0,1,1,4300.0,27.0,36,4.0,True,False,False,False,False,False,False,False,True
1742,22.11,27,0,4,1,3500.0,23.0,20,0.0,True,False,False,False,False,False,False,False,False
1744,20.0,106,0,0,1,3500.0,26.0,36,3.0,True,False,False,False,False,False,False,False,True
1745,27.0,14,0,2,1,4700.0,28.0,33,2.0,True,False,False,False,False,False,True,False,False
1747,45.0,14,0,2,1,6000.0,28.0,33,2.0,True,False,False,False,False,False,True,False,False
1748,25.0,106,0,0,1,3200.0,25.0,36,3.0,True,False,False,False,False,False,True,False,False
1749,23.0,106,0,0,1,4200.0,25.0,36,3.0,True,False,False,False,False,False,False,False,True
1750,38.0,27,0,4,1,6000.0,26.0,20,0.0,False,False,False,True,False,False,False,False,False
1751,23.0,106,0,0,1,3300.0,25.0,36,3.0,True,False,False,False,False,False,False,False,True
1753,22.0,27,0,4,1,3700.0,25.0,20,0.0,True,False,False,False,False,False,False,False,False
1754,24.0,14,0,2,1,4500.0,28.0,33,2.0,True,False,False,False,False,False,True,False,False
1755,25.0,27,0,4,1,4500.0,25.0,20,0.0,True,False,False,False,False,False,False,False,False
1756,20.0,106,0,0,1,4400.0,25.0,36,3.0,True,False,False,False,False,False,False,False,True
1757,20.0,106,0,0,1,4300.0,25.0,36,3.0,True,False,False,False,False,False,False,False,True
1758,24.0,27,0,4,1,3700.0,25.0,20,0.0,True,False,False,False,False,False,False,False,False
1762,24.0,28,0,0,1,5100.0,23.0,38,12.0,True,False,False,False,False,False,False,False,True
1763,23.09,14,0,2,1,4900.0,25.0,33,2.0,True,False,False,False,False,False,True,False,False
1764,21.0,27,0,4,1,3300.0,25.0,20,0.0,True,False,False,False,False,False,False,False,False
1765,103.0,106,0,0,1,4400.0,27.0,36,3.0,True,False,False,False,False,False,False,False,True
1766,28.0,14,0,2,1,4700.0,26.0,33,2.0,True,False,False,False,False,False,True,False,False
1767,31.2,28,0,0,1,4600.0,26.0,38,12.0,True,False,False,False,False,False,False,False,True
1768,26.0,18,0,1,0,4400.0,25.0,37,3.0,True,False,False,False,False,False,True,False,False
1769,44.0,42,0,0,0,3000.0,16.0,11,0.0,True,False,False,False,False,False,False,False,False
1770,18.0,22,0,1,1,4500.0,24.0,36,4.0,True,False,False,False,False,False,False,False,True
1771,23.0,106,0,0,1,3000.0,26.0,36,3.0,True,False,False,False,False,False,False,False,True
1772,18.0,14,0,2,1,4500.0,26.0,33,2.0,True,False,False,False,False,False,True,False,False
1773,24.0,22,0,1,1,4500.0,25.0,36,4.0,True,False,False,False,False,False,False,False,True
1774,21.0,106,0,0,1,5200.0,25.0,36,3.0,True,False,False,False,False,False,False,False,True
