Area_m2,Deposit,Monthly_Rent,School_Walk_Min,Transit_Min,Conv_Count,Subway_Count,Bank_Count,Hosp_Count,Pharm_Count,School_Count_Near,Cafe_Count,Rest_Count,Mart_Count,Parking_Count,Price_Hwansan,House_Age,House_Type_Multi_Family,House_Type_Multi_Unit,House_Type_Row_House,House_Type_Single_House,House_Type_Villa,Rent_Type_Jeonse,Rent_Type_Monthly,Orientation_East,Orientation_South,Orientation_West
34.19,18400.0,59.8,27,11,6,0,3,4,2,0,15,15,0,3.0,24380.0,9.0,False,False,False,False,True,False,True,True,False,False
34.19,18400.0,59.8,14,11,3,0,0,0,1,2,15,15,1,1.0,24380.0,9.0,False,False,False,False,True,False,True,False,False,False
18.0,1725.0,63.25,27,11,6,0,3,4,2,0,15,15,0,3.0,8050.0,9.0,False,False,False,False,True,False,True,True,False,False
30.69,21275.0,0.0,27,11,6,0,3,4,2,0,15,15,0,3.0,21275.0,9.0,False,False,False,False,True,True,False,True,False,False
70.653,1150.0,35.65,27,11,6,0,3,4,2,0,15,15,0,3.0,4715.0,8.0,False,False,False,False,True,False,True,True,False,False
25.77,1150.0,52.9,50,22,2,0,2,2,0,0,5,15,1,0.0,6440.0,8.0,False,False,False,False,True,False,True,True,False,False
24.57,1150.0,58.65,50,22,2,0,2,2,0,0,5,15,1,0.0,7015.0,8.0,False,False,False,False,True,False,True,True,False,False
18.0,10350.0,23.0,27,11,6,0,3,4,2,0,15,15,0,3.0,12650.0,9.0,False,False,False,False,True,False,True,True,False,False
24.43,20700.0,0.0,27,11,6,0,3,4,2,0,15,15,0,3.0,20700.0,9.0,False,False,False,False,True,True,False,True,False,False
24.43,20700.0,0.0,27,11,6,0,3,4,2,0,15,15,0,3.0,20700.0,9.0,False,False,False,False,True,True,False,True,False,False
32.51,345.0,115.0,27,11,6,0,3,4,2,0,15,15,0,3.0,11845.0,5.0,False,False,False,False,True,False,True,True,False,False
21.35,11500.0,0.0,27,11,6,0,3,4,2,0,15,15,0,3.0,11500.0,10.0,False,False,False,False,True,True,False,True,False,False
26.79,575.0,44.85,50,22,2,0,2,2,0,0,5,15,1,0.0,5060.0,13.0,False,False,False,False,True,False,True,True,False,False
24.88,9890.0,57.5,27,11,6,0,3,4,2,0,15,15,0,3.0,15640.0,9.0,False,False,False,False,True,False,True,True,False,False
23.45,17480.0,0.0,27,11,6,0,3,4,2,0,15,15,0,3.0,17480.0,9.0,False,False,False,False,True,True,False,True,False,False
19.11,5750.0,23.0,27,11,6,0,3,4,2,0,15,15,0,3.0,8050.0,10.0,False,False,False,False,True,False,True,True,False,False
21.07,11465.5,0.0,27,11,6,0,3,4,2,0,15,15,0,3.0,11465.5,10.0,False,False,False,False,True,True,False,True,False,False
21.99,12075.0,0.0,27,11,6,0,3,4,2,0,15,15,0,3.0,12075.0,10.0,False,False,False,False,True,True,False,True,False,False
40.28,5750.0,97.75,27,11,6,0,3,4,2,0,15,15,0,3.0,15525.0,5.0,False,False,False,False,True,False,True,True,False,False
21.07,10867.5,0.0,27,11,6,0,3,4,2,0,15,15,0,3.0,10867.5,10.0,False,False,False,False,True,True,False,True,False,False
21.07,10867.5,0.0,27,11,6,0,3,4,2,0,15,15,0,3.0,10867.5,10.0,False,False,False,False,True,True,False,True,False,False
35.67,20125.0,0.0,27,11,6,0,3,4,2,0,15,15,0,3.0,20125.0,10.0,False,False,False,False,True,True,False,True,False,False
42.61,1150.0,43.7,27,11,6,0,3,4,2,0,15,15,0,3.0,5520.0,8.0,False,False,False,False,True,False,True,True,False,False
38.87,1150.0,69.0,27,11,6,0,3,4,2,0,15,15,0,3.0,8050.0,5.0,False,False,False,False,True,False,True,True,False,False
21.35,12075.0,0.0,27,11,6,0,3,4,2,0,15,15,0,3.0,12075.0,10.0,False,False,False,False,True,True,False,True,False,False
21.35,12075.0,0.0,27,11,6,0,3,4,2,0,15,15,0,3.0,12075.0,10.0,False,False,False,False,True,True,False,True,False,False
15.09,1000.0,42.0,14,13,2,0,0,0,0,1,3,7,0,0.0,5200.0,12.0,False,True,False,False,False,False,True,True,False,False
47.7,20000.0,0.0,14,13,2,0,0,0,0,1,3,7,0,0.0,20000.0,11.0,False,True,False,False,False,True,False,False,False,True
23.05,4000.0,60.0,17,18,3,0,0,0,0,1,7,15,0,0.0,10000.0,4.0,False,True,False,False,False,False,True,False,False,False
15.6,1000.0,50.0,19,20,1,0,0,0,0,0,1,3,0,0.0,6000.0,8.0,False,True,False,False,False,False,True,False,False,False
36.13,15000.0,15.0,23,21,2,0,0,0,0,0,3,6,0,0.0,16500.0,7.0,False,True,False,False,False,False,True,True,False,False
47.7,15000.0,30.0,14,13,2,0,0,0,0,1,3,7,0,0.0,18000.0,11.0,False,True,False,False,False,False,True,False,False,True
21.715,1000.0,60.0,14,13,2,0,0,0,0,1,3,7,0,0.0,7000.0,12.0,False,True,False,False,False,False,True,True,False,False
23.28,500.0,47.0,23,21,2,0,0,0,0,0,3,6,0,0.0,5200.0,11.0,False,True,False,False,False,False,True,False,False,False
14.04,1000.0,35.0,14,13,2,0,0,0,0,1,3,7,0,0.0,4500.0,12.0,False,True,False,False,False,False,True,True,False,False
13.2,300.0,34.0,17,18,3,0,0,0,0,1,7,15,0,0.0,3700.0,14.0,False,True,False,False,False,False,True,True,False,False
22.06,1000.0,60.0,14,13,2,0,0,0,0,1,3,7,0,0.0,7000.0,12.0,False,True,False,False,False,False,True,True,False,False
15.09,500.0,42.0,14,13,2,0,0,0,0,1,3,7,0,0.0,4700.0,12.0,False,True,False,False,False,False,True,True,False,False
12.96,575.0,36.8,14,13,2,0,0,0,0,1,3,7,0,0.0,4255.0,12.0,False,True,False,False,False,False,True,True,False,False
14.13,11500.0,0.0,23,21,2,0,0,0,0,0,3,6,0,0.0,11500.0,2.0,False,True,False,False,False,True,False,False,False,False
15.09,575.0,48.3,14,13,2,0,0,0,0,1,3,7,0,0.0,5405.0,12.0,False,True,False,False,False,False,True,True,False,False
15.6,1150.0,58.65,19,20,1,0,0,0,0,0,1,3,0,0.0,7015.0,8.0,False,True,False,False,False,False,True,False,False,False
37.43,9200.0,55.2,14,13,2,0,0,0,0,1,3,7,0,0.0,14720.0,3.0,False,True,False,False,False,False,True,False,False,True
25.19,6900.0,19.55,14,13,2,0,0,0,0,1,3,7,0,0.0,8855.0,11.0,False,True,False,False,False,False,True,False,False,True
33.61,764.75,23.0,23,21,2,0,0,0,0,0,3,6,0,0.0,3064.75,2.0,False,True,False,False,False,False,True,False,False,False
14.51,4600.0,64.4,14,11,3,0,0,0,1,2,15,15,1,1.0,11040.0,4.0,False,False,True,False,False,False,True,False,False,False
14.51,4600.0,64.4,14,11,3,0,0,0,1,2,15,15,1,1.0,11040.0,4.0,False,False,True,False,False,False,True,False,False,False
22.06,1150.0,69.0,14,13,2,0,0,0,0,1,3,7,0,0.0,8050.0,12.0,False,True,False,False,False,False,True,True,False,False
22.06,1150.0,69.0,14,13,2,0,0,0,0,1,3,7,0,0.0,8050.0,12.0,False,True,False,False,False,False,True,True,False,False
36.13,19550.0,0.0,23,21,2,0,0,0,0,0,3,6,0,0.0,19550.0,7.0,False,True,False,False,False,True,False,True,False,False
12.4,575.0,46.0,14,13,2,0,0,0,0,1,3,7,0,0.0,5175.0,12.0,False,False,True,False,False,False,True,True,False,False
15.6,1150.0,59.8,19,20,1,0,0,0,0,0,1,3,0,0.0,7130.0,8.0,False,True,False,False,False,False,True,False,False,False
19.29,18400.0,0.0,14,13,2,0,0,0,0,1,3,7,0,0.0,18400.0,3.0,False,True,False,False,False,True,False,False,False,True
17.5,2300.0,57.5,14,13,2,0,0,0,0,1,3,7,0,0.0,8050.0,11.0,False,True,False,False,False,False,True,False,False,True
20.65,2300.0,28.75,14,13,2,0,0,0,0,1,3,7,0,0.0,5175.0,11.0,False,True,False,False,False,False,True,False,False,True
15.89,575.0,48.3,14,13,2,0,0,0,0,1,3,7,0,0.0,5405.0,12.0,False,True,False,False,False,False,True,True,False,False
12.4,575.0,42.55,14,13,2,0,0,0,0,1,3,7,0,0.0,4830.0,12.0,False,True,False,False,False,False,True,True,False,False
17.5,2300.0,37.95,14,13,2,0,0,0,0,1,3,7,0,0.0,6095.0,11.0,False,True,False,False,False,False,True,False,False,True
17.5,2300.0,37.95,14,13,2,0,0,0,0,1,3,7,0,0.0,6095.0,11.0,False,True,False,False,False,False,True,False,False,True
36.06,447.35,29.9,23,21,2,0,0,0,0,0,3,6,0,0.0,3437.35,7.0,False,True,False,False,False,False,True,True,False,False
27.68,4945.0,63.25,17,18,3,0,0,0,0,1,7,15,0,0.0,11270.0,4.0,False,True,False,False,False,False,True,False,False,False
17.0,345.0,57.5,23,21,2,0,0,0,0,0,3,6,0,0.0,6095.0,11.0,False,True,False,False,False,False,True,True,False,False
88.95,3450.0,177.1,17,18,3,0,0,0,0,1,7,15,0,0.0,21160.0,4.0,False,True,False,False,False,False,True,False,False,False
23.05,4600.0,63.25,17,18,3,0,0,0,0,1,7,15,0,0.0,10925.0,4.0,False,True,False,False,False,False,True,False,False,False
18.36,575.0,50.6,23,21,2,0,0,0,0,0,3,6,0,0.0,5635.0,11.0,False,True,False,False,False,False,True,False,False,False
15.39,1150.0,50.6,19,20,1,0,0,0,0,0,1,3,0,0.0,6210.0,8.0,False,True,False,False,False,False,True,False,False,False
23.19,575.0,48.3,23,21,2,0,0,0,0,0,3,6,0,0.0,5405.0,11.0,False,True,False,False,False,False,True,False,False,False
36.13,19550.0,0.0,23,21,2,0,0,0,0,0,3,6,0,0.0,19550.0,7.0,False,True,False,False,False,True,False,True,False,False
36.05,20700.0,0.0,23,21,2,0,0,0,0,0,3,6,0,0.0,20700.0,2.0,False,True,False,False,False,True,False,False,False,False
21.715,1150.0,64.4,14,13,2,0,0,0,0,1,3,7,0,0.0,7590.000000000001,12.0,False,True,False,False,False,False,True,True,False,False
21.715,1150.0,64.4,14,13,2,0,0,0,0,1,3,7,0,0.0,7590.000000000001,12.0,False,True,False,False,False,False,True,True,False,False
29.98,4945.0,48.3,17,18,3,0,0,0,0,1,7,15,0,0.0,9775.0,4.0,False,True,False,False,False,False,True,False,False,False
16.48,4600.0,70.15,14,11,3,0,0,0,1,2,15,15,1,1.0,11615.0,4.0,False,False,True,False,False,False,True,False,False,False
14.54,2300.0,69.0,14,11,3,0,0,0,1,2,15,15,1,1.0,9200.0,4.0,False,False,True,False,False,False,True,False,False,False
20.67,5750.0,55.2,14,13,2,0,0,0,0,1,3,7,0,0.0,11270.0,3.0,False,True,False,False,False,False,True,False,False,True
13.3,345.0,39.1,17,18,3,0,0,0,0,1,7,15,0,0.0,4255.0,14.0,False,True,False,False,False,False,True,True,False,False
15.09,345.0,46.0,14,13,2,0,0,0,0,1,3,7,0,0.0,4945.0,14.0,False,True,False,False,False,False,True,False,False,True
13.6,1150.0,57.5,14,13,2,0,0,0,0,1,3,7,0,0.0,6900.0,13.0,False,True,False,False,False,False,True,False,False,True
20.67,8050.0,49.45,14,13,2,0,0,0,0,1,3,7,0,0.0,12995.0,3.0,False,True,False,False,False,False,True,False,False,True
38.85,15697.5,0.0,23,21,2,0,0,0,0,0,3,6,0,0.0,15697.5,11.0,False,True,False,False,False,True,False,False,False,False
25.97,1150.0,60.95,14,13,2,0,0,0,0,1,3,7,0,0.0,7245.0,11.0,False,True,False,False,False,False,True,False,False,True
13.42,345.0,37.95,17,18,3,0,0,0,0,1,7,15,0,0.0,4140.0,14.0,False,True,False,False,False,False,True,True,False,False
38.85,15697.5,0.0,23,21,2,0,0,0,0,0,3,6,0,0.0,15697.5,11.0,False,True,False,False,False,True,False,False,False,False
18.59,3450.0,69.0,23,21,2,0,0,0,0,0,3,6,0,0.0,10350.0,2.0,False,True,False,False,False,False,True,False,False,False
17.5,1150.0,62.1,14,13,2,0,0,0,0,1,3,7,0,0.0,7360.0,11.0,False,True,False,False,False,False,True,False,False,True
14.61,575.0,46.0,14,13,2,0,0,0,0,1,3,7,0,0.0,5175.0,12.0,False,True,False,False,False,False,True,True,False,False
38.85,11500.0,69.0,19,20,1,0,0,0,0,0,1,3,0,0.0,18400.0,3.0,False,True,False,False,False,False,True,False,False,False
23.19,575.0,50.6,23,21,2,0,0,0,0,0,3,6,0,0.0,5635.0,11.0,False,True,False,False,False,False,True,False,False,False
20.705,1150.0,64.4,14,13,2,0,0,0,0,1,3,7,0,0.0,7590.000000000001,12.0,False,True,False,False,False,False,True,True,False,False
21.715,1150.0,64.4,14,13,2,0,0,0,0,1,3,7,0,0.0,7590.000000000001,12.0,False,True,False,False,False,False,True,True,False,False
47.7,17825.0,0.0,14,13,2,0,0,0,0,1,3,7,0,0.0,17825.0,11.0,False,True,False,False,False,True,False,False,False,True
21.715,1150.0,64.4,14,13,2,0,0,0,0,1,3,7,0,0.0,7590.000000000001,12.0,False,True,False,False,False,False,True,True,False,False
37.43,11500.0,49.45,14,13,2,0,0,0,0,1,3,7,0,0.0,16445.0,3.0,False,True,False,False,False,False,True,False,False,True
21.48,230.0,40.25,23,21,2,0,0,0,0,0,3,6,0,0.0,4255.0,28.0,False,True,False,False,False,False,True,False,False,False
21.21,1150.0,64.4,14,13,2,0,0,0,0,1,3,7,0,0.0,7590.000000000001,12.0,False,True,False,False,False,False,True,True,False,False
14.51,4600.0,64.4,14,11,3,0,0,0,1,2,15,15,1,1.0,11040.0,4.0,False,False,True,False,False,False,True,False,False,False
42.25,14375.0,0.0,17,18,3,0,0,0,0,1,7,15,0,0.0,14375.0,12.0,False,True,False,False,False,True,False,False,False,False
42.25,14375.0,0.0,17,18,3,0,0,0,0,1,7,15,0,0.0,14375.0,12.0,False,True,False,False,False,True,False,False,False,False
20.64,11500.0,11.5,19,20,1,0,0,0,0,0,1,3,0,0.0,12650.0,3.0,False,True,False,False,False,False,True,False,False,False
17.0,575.0,49.45,23,21,2,0,0,0,0,0,3,6,0,0.0,5520.0,11.0,False,True,False,False,False,False,True,True,False,False
13.0,345.0,46.0,14,13,2,0,0,0,0,1,3,7,0,0.0,4945.0,14.0,False,True,False,False,False,False,True,False,False,True
20.64,9200.0,34.5,19,20,1,0,0,0,0,0,1,3,0,0.0,12650.0,3.0,False,True,False,False,False,False,True,False,False,False
20.64,11500.0,11.5,19,20,1,0,0,0,0,0,1,3,0,0.0,12650.0,3.0,False,True,False,False,False,False,True,False,False,False
47.475,19550.0,0.0,17,18,3,0,0,0,0,1,7,15,0,0.0,19550.0,13.0,False,True,False,False,False,True,False,False,False,False
37.43,9200.0,55.2,14,13,2,0,0,0,0,1,3,7,0,0.0,14720.0,3.0,False,True,False,False,False,False,True,False,False,True
50.89,19550.0,0.0,14,13,2,0,0,0,0,1,3,7,0,0.0,19550.0,11.0,False,True,False,False,False,True,False,False,False,True
50.89,19550.0,0.0,14,13,2,0,0,0,0,1,3,7,0,0.0,19550.0,11.0,False,True,False,False,False,True,False,False,False,True
15.39,1150.0,50.6,19,20,1,0,0,0,0,0,1,3,0,0.0,6210.0,8.0,False,True,False,False,False,False,True,False,False,False
23.21,5750.0,64.4,19,20,1,0,0,0,0,0,1,3,0,0.0,12190.0,3.0,False,True,False,False,False,False,True,False,False,False
19.7272,17250.0,0.0,17,18,3,0,0,0,0,1,7,15,0,0.0,17250.0,6.0,False,True,False,False,False,True,False,False,False,False
21.715,1150.0,64.4,14,13,2,0,0,0,0,1,3,7,0,0.0,7590.000000000001,12.0,False,True,False,False,False,False,True,True,False,False
20.65,9200.0,0.0,14,13,2,0,0,0,0,1,3,7,0,0.0,9200.0,11.0,False,True,False,False,False,True,False,False,False,True
19.3984,8050.0,34.5,17,18,3,0,0,0,0,1,7,15,0,0.0,11500.0,6.0,False,True,False,False,False,False,True,False,False,False
19.3984,14950.0,0.0,17,18,3,0,0,0,0,1,7,15,0,0.0,14950.0,6.0,False,True,False,False,False,True,False,False,False,False
19.3984,14950.0,0.0,17,18,3,0,0,0,0,1,7,15,0,0.0,14950.0,6.0,False,True,False,False,False,True,False,False,False,False
19.3984,5750.0,46.0,17,18,3,0,0,0,0,1,7,15,0,0.0,10350.0,6.0,False,True,False,False,False,False,True,False,False,False
14.09,1150.0,57.5,14,13,2,0,0,0,0,1,3,7,0,0.0,6900.0,13.0,False,True,False,False,False,False,True,False,False,True
16.39,3450.0,72.45,14,11,3,0,0,0,1,2,15,15,1,1.0,10695.0,4.0,False,False,True,False,False,False,True,False,False,False
44.52,14375.0,6.9,17,18,3,0,0,0,0,1,7,15,0,0.0,15065.0,4.0,False,True,False,False,False,False,True,False,False,False
44.52,14375.0,6.9,17,18,3,0,0,0,0,1,7,15,0,0.0,15065.0,4.0,False,True,False,False,False,False,True,False,False,False
30.3,18360.0,0.0,17,18,3,0,0,0,0,1,7,15,0,0.0,18360.0,6.0,False,False,False,False,True,True,False,False,False,False
35.09,4125.9,12.24,23,21,2,0,0,0,0,0,3,6,0,0.0,5349.9,7.0,False,False,False,False,True,False,True,True,False,False
25.19,1020.0,51.0,14,13,2,0,0,0,0,1,3,7,0,0.0,6120.0,11.0,False,False,False,False,True,False,True,False,False,True
13.0,306.0,40.8,14,13,2,0,0,0,0,1,3,7,0,0.0,4386.0,14.0,False,False,False,False,True,False,True,False,False,True
17.5,1020.0,47.94,14,13,2,0,0,0,0,1,3,7,0,0.0,5814.0,11.0,False,False,False,False,True,False,True,False,False,True
21.43,1020.0,42.84,14,13,2,0,0,0,0,1,3,7,0,0.0,5304.0,11.0,False,False,False,False,True,False,True,False,False,True
14.09,7140.0,0.0,14,13,2,0,0,0,0,1,3,7,0,0.0,7140.0,13.0,False,False,False,False,True,True,False,False,False,True
14.09,6630.0,0.0,14,13,2,0,0,0,0,1,3,7,0,0.0,6630.0,13.0,False,False,False,False,True,True,False,False,False,True
14.09,7140.0,0.0,14,13,2,0,0,0,0,1,3,7,0,0.0,7140.0,13.0,False,False,False,False,True,True,False,False,False,True
15.09,306.0,40.8,14,13,2,0,0,0,0,1,3,7,0,0.0,4386.0,14.0,False,False,False,False,True,False,True,False,False,True
38.85,13260.0,0.0,23,21,2,0,0,0,0,0,3,6,0,0.0,13260.0,11.0,False,False,False,False,True,True,False,False,False,False
21.21,10000.0,33.0,14,13,2,0,0,0,0,1,3,7,0,0.0,13300.0,12.0,False,False,False,False,True,False,True,True,False,False
14.09,6800.0,0.0,14,13,2,0,0,0,0,1,3,7,0,0.0,6800.0,13.0,False,False,False,False,True,True,False,False,False,True
14.61,6500.0,0.0,14,13,2,0,0,0,0,1,3,7,0,0.0,6500.0,13.0,False,False,False,False,True,True,False,False,False,True
45.67,21900.0,0.0,19,20,1,0,0,0,0,0,1,3,0,0.0,21900.0,6.0,False,False,False,False,True,True,False,False,False,False
45.67,21900.0,0.0,19,20,1,0,0,0,0,0,1,3,0,0.0,21900.0,6.0,False,False,False,False,True,True,False,False,False,False
25.97,10500.0,0.0,14,13,2,0,0,0,0,1,3,7,0,0.0,10500.0,11.0,False,False,False,False,True,True,False,False,False,True
48.26,1000.0,80.0,19,20,1,0,0,0,0,0,1,3,0,0.0,9000.0,6.0,False,False,False,False,True,False,True,False,False,False
44.8,18000.0,0.0,19,20,1,0,0,0,0,0,1,3,0,0.0,18000.0,6.0,False,False,False,False,True,True,False,False,False,False
14.09,6500.0,0.0,14,13,2,0,0,0,0,1,3,7,0,0.0,6500.0,13.0,False,False,False,False,True,True,False,False,False,True
36.06,353.0,31.0,23,21,2,0,0,0,0,0,3,6,0,0.0,3453.0,7.0,False,False,False,False,True,False,True,True,False,False
47.51,18000.0,0.0,19,20,1,0,0,0,0,0,1,3,0,0.0,18000.0,6.0,False,False,False,False,True,True,False,False,False,False
38.98,17000.0,0.0,19,20,1,0,0,0,0,0,1,3,0,0.0,17000.0,6.0,False,False,False,False,True,True,False,False,False,False
38.98,7000.0,25.0,19,20,1,0,0,0,0,0,1,3,0,0.0,9500.0,6.0,False,False,False,False,True,False,True,False,False,False
42.1,3000.0,50.0,19,20,1,0,0,0,0,0,1,3,0,0.0,8000.0,6.0,False,False,False,False,True,False,True,False,False,False
48.26,20000.0,0.0,19,20,1,0,0,0,0,0,1,3,0,0.0,20000.0,6.0,False,False,False,False,True,True,False,False,False,False
38.98,17000.0,0.0,19,20,1,0,0,0,0,0,1,3,0,0.0,17000.0,6.0,False,False,False,False,True,True,False,False,False,False
48.26,20000.0,0.0,19,20,1,0,0,0,0,0,1,3,0,0.0,20000.0,6.0,False,False,False,False,True,True,False,False,False,False
17.5,8900.0,0.0,14,13,2,0,0,0,0,1,3,7,0,0.0,8900.0,11.0,False,False,False,False,True,True,False,False,False,True
22.06,10000.0,0.0,14,13,2,0,0,0,0,1,3,7,0,0.0,10000.0,12.0,False,False,False,False,True,True,False,True,False,False
47.475,14500.0,0.0,17,18,3,0,0,0,0,1,7,15,0,0.0,14500.0,13.0,False,False,False,False,True,True,False,False,False,False
15.6,500.0,48.0,19,20,1,0,0,0,0,0,1,3,0,0.0,5300.0,8.0,False,False,False,False,True,False,True,False,False,False
13.47,300.0,30.0,17,18,3,0,0,0,0,1,7,15,0,0.0,3300.0,14.0,False,False,False,False,True,False,True,True,False,False
12.4,6000.0,0.0,14,13,2,0,0,0,0,1,3,7,0,0.0,6000.0,12.0,False,False,False,False,True,True,False,True,False,False
14.09,7000.0,0.0,14,13,2,0,0,0,0,1,3,7,0,0.0,7000.0,13.0,False,False,False,False,True,True,False,False,False,True
25.19,1000.0,50.0,14,13,2,0,0,0,0,1,3,7,0,0.0,6000.0,11.0,False,False,False,False,True,False,True,False,False,True
20.8,13000.0,0.0,17,18,3,0,0,0,0,1,7,15,0,0.0,13000.0,6.0,False,False,False,False,True,True,False,False,False,False
25.01,15500.0,0.0,17,18,3,0,0,0,0,1,7,15,0,0.0,15500.0,6.0,False,False,False,False,True,True,False,False,False,False
16.03,7000.0,0.0,14,13,2,0,0,0,0,1,3,7,0,0.0,7000.0,13.0,False,False,False,False,True,True,False,False,False,True
18.8,12000.0,0.0,17,18,3,0,0,0,0,1,7,15,0,0.0,12000.0,6.0,False,False,False,False,True,True,False,False,False,False
14.61,7000.0,0.0,14,13,2,0,0,0,0,1,3,7,0,0.0,7000.0,13.0,False,False,False,False,True,True,False,False,False,True
18.8,12000.0,0.0,17,18,3,0,0,0,0,1,7,15,0,0.0,12000.0,6.0,False,False,False,False,True,True,False,False,False,False
32.37,3000.0,0.0,19,20,1,0,0,0,0,0,1,3,0,0.0,3000.0,8.0,False,False,False,False,True,True,False,False,False,False
18.01,10000.0,0.0,17,18,3,0,0,0,0,1,7,15,0,0.0,10000.0,6.0,False,False,False,False,True,True,False,False,False,False
20.14,12000.0,0.0,17,18,3,0,0,0,0,1,7,15,0,0.0,12000.0,6.0,False,False,False,False,True,True,False,False,False,False
36.13,15000.0,0.0,23,21,2,0,0,0,0,0,3,6,0,0.0,15000.0,7.0,False,False,False,False,True,True,False,True,False,False
18.8,12000.0,0.0,17,18,3,0,0,0,0,1,7,15,0,0.0,12000.0,6.0,False,False,False,False,True,True,False,False,False,False
47.475,13500.0,0.0,17,18,3,0,0,0,0,1,7,15,0,0.0,13500.0,13.0,False,False,False,False,True,True,False,False,False,False
47.475,13500.0,0.0,17,18,3,0,0,0,0,1,7,15,0,0.0,13500.0,13.0,False,False,False,False,True,True,False,False,False,False
36.12,353.0,32.0,23,21,2,0,0,0,0,0,3,6,0,0.0,3553.0,7.0,False,False,False,False,True,False,True,True,False,False
15.6,1000.0,45.0,19,20,1,0,0,0,0,0,1,3,0,0.0,5500.0,8.0,False,False,False,False,True,False,True,False,False,False
19.7272,12000.0,0.0,17,18,3,0,0,0,0,1,7,15,0,0.0,12000.0,6.0,False,False,False,False,True,True,False,False,False,False
19.7272,11500.0,0.0,17,18,3,0,0,0,0,1,7,15,0,0.0,11500.0,6.0,False,False,False,False,True,True,False,False,False,False
19.7272,11500.0,0.0,17,18,3,0,0,0,0,1,7,15,0,0.0,11500.0,6.0,False,False,False,False,True,True,False,False,False,False
21.48,100.0,30.0,23,21,2,0,0,0,0,0,3,6,0,0.0,3100.0,28.0,False,False,False,False,True,False,True,False,False,False
17.0,3000.0,25.0,23,21,2,0,0,0,0,0,3,6,0,0.0,5500.0,11.0,False,False,False,False,True,False,True,True,False,False
26.02,510.0,40.8,50,22,2,0,2,2,0,0,5,15,1,0.0,4590.0,13.0,False,False,False,False,True,False,True,True,False,False
17.37,510.0,48.96,27,11,6,0,3,4,2,0,15,15,0,3.0,5406.0,9.0,False,False,False,False,True,False,True,True,False,False
19.11,1000.0,40.0,27,11,6,0,3,4,2,0,15,15,0,3.0,5000.0,10.0,False,False,False,False,True,False,True,True,False,False
21.99,9450.0,0.0,27,11,6,0,3,4,2,0,15,15,0,3.0,9450.0,10.0,False,False,False,False,True,True,False,True,False,False
41.71,17850.0,0.0,27,11,6,0,3,4,2,0,15,15,0,3.0,17850.0,10.0,False,False,False,False,True,True,False,True,False,False
44.0,18900.0,0.0,27,11,6,0,3,4,2,0,15,15,0,3.0,18900.0,9.0,False,False,False,False,True,True,False,True,False,False
41.71,17850.0,0.0,27,11,6,0,3,4,2,0,15,15,0,3.0,17850.0,10.0,False,False,False,False,True,True,False,True,False,False
40.75,16800.0,0.0,27,11,6,0,3,4,2,0,15,15,0,3.0,16800.0,10.0,False,False,False,False,True,True,False,True,False,False
19.59,10000.0,0.0,27,11,6,0,3,4,2,0,15,15,0,3.0,10000.0,10.0,False,False,False,False,True,True,False,True,False,False
23.27,10500.0,0.0,27,11,6,0,3,4,2,0,15,15,0,3.0,10500.0,10.0,False,False,False,False,True,True,False,True,False,False
18.66,12600.0,0.0,27,11,6,0,3,4,2,0,15,15,0,3.0,12600.0,9.0,False,False,False,False,True,True,False,True,False,False
25.02,12600.0,0.0,27,11,6,0,3,4,2,0,15,15,0,3.0,12600.0,9.0,False,False,False,False,True,True,False,True,False,False
41.71,17800.0,0.0,27,11,6,0,3,4,2,0,15,15,0,3.0,17800.0,10.0,False,False,False,False,True,True,False,True,False,False
34.19,18900.0,0.0,27,11,6,0,3,4,2,0,15,15,0,3.0,18900.0,9.0,False,False,False,False,True,True,False,True,False,False
54.8,20400.0,0.0,27,11,6,0,3,4,2,0,15,15,0,3.0,20400.0,9.0,False,False,False,False,True,True,False,True,False,False
14.14,8400.0,0.0,27,11,6,0,3,4,2,0,15,15,0,3.0,8400.0,9.0,False,False,False,False,True,True,False,True,False,False
24.98,13000.0,0.0,27,11,6,0,3,4,2,0,15,15,0,3.0,13000.0,9.0,False,False,False,False,True,True,False,True,False,False
24.57,10000.0,0.0,50,22,2,0,2,2,0,0,5,15,1,0.0,10000.0,8.0,False,False,False,False,True,True,False,True,False,False
24.88,15500.0,0.0,27,11,6,0,3,4,2,0,15,15,0,3.0,15500.0,9.0,False,False,False,False,True,True,False,True,False,False
54.8,20000.0,0.0,27,11,6,0,3,4,2,0,15,15,0,3.0,20000.0,9.0,False,False,False,False,True,True,False,True,False,False
24.88,2000.0,55.0,27,11,6,0,3,4,2,0,15,15,0,3.0,7500.0,9.0,False,False,False,False,True,False,True,True,False,False
23.99,11000.0,0.0,27,11,6,0,3,4,2,0,15,15,0,3.0,11000.0,9.0,False,False,False,False,True,True,False,True,False,False
18.0,1000.0,60.0,27,11,6,0,3,4,2,0,15,15,0,3.0,7000.0,9.0,False,False,False,False,True,False,True,True,False,False
45.4,1000.0,0.0,50,22,2,0,2,2,0,0,5,15,1,0.0,1000.0,13.0,False,False,False,False,True,True,False,True,False,False
19.59,9000.0,0.0,27,11,6,0,3,4,2,0,15,15,0,3.0,9000.0,10.0,False,False,False,False,True,True,False,True,False,False
21.07,9500.0,0.0,27,11,6,0,3,4,2,0,15,15,0,3.0,9500.0,10.0,False,False,False,False,True,True,False,True,False,False
44.98,2000.0,50.0,50,22,2,0,2,2,0,0,5,15,1,0.0,7000.0,13.0,False,False,False,False,True,False,True,True,False,False
20.67,5400.0,54.0,14,13,2,0,0,0,0,1,3,7,0,0.0,10800.0,3.0,False,False,False,False,True,False,True,False,False,True
36.06,4147.2,17.28,23,21,2,0,0,0,0,0,3,6,0,0.0,5875.2,7.0,False,False,False,False,True,False,True,True,False,False
16.45,4320.0,62.64,14,11,3,0,0,0,1,2,15,15,1,1.0,10584.0,4.0,False,False,False,False,True,False,True,False,False,False
22.86,1080.0,86.4,17,18,3,0,0,0,0,1,7,15,0,0.0,9720.0,4.0,False,False,False,False,True,False,True,False,False,False
13.42,324.0,33.48,17,18,3,0,0,0,0,1,7,15,0,0.0,3671.9999999999995,14.0,False,False,False,False,True,False,True,True,False,False
13.6,2052.0,37.8,14,13,2,0,0,0,0,1,3,7,0,0.0,5832.0,13.0,False,False,False,False,True,False,True,False,False,True
15.6,1080.0,47.52,19,20,1,0,0,0,0,0,1,3,0,0.0,5832.0,8.0,False,False,False,False,True,False,True,False,False,False
25.01,18360.0,0.0,17,18,3,0,0,0,0,1,7,15,0,0.0,18360.0,6.0,False,False,False,False,True,True,False,False,False,False
21.48,0.0,35.64,23,21,2,0,0,0,0,0,3,6,0,0.0,3564.0,28.0,False,False,False,False,True,False,True,False,False,False
21.48,0.0,35.64,23,21,2,0,0,0,0,0,3,6,0,0.0,3564.0,28.0,False,False,False,False,True,False,True,False,False,False
13.3,324.0,34.56,17,18,3,0,0,0,0,1,7,15,0,0.0,3780.0,14.0,False,False,False,False,True,False,True,True,False,False
21.715,1080.0,59.4,14,13,2,0,0,0,0,1,3,7,0,0.0,7020.0,12.0,False,False,False,False,True,False,True,True,False,False
35.09,4385.88,15.12,23,21,2,0,0,0,0,0,3,6,0,0.0,5897.88,7.0,False,False,False,False,True,False,True,True,False,False
15.09,520.0,41.6,14,13,2,0,0,0,0,1,3,7,0,0.0,4680.0,12.0,False,False,False,False,True,False,True,True,False,False
23.21,15600.0,0.0,19,20,1,0,0,0,0,0,1,3,0,0.0,15600.0,4.0,False,False,False,False,True,True,False,False,False,False
23.21,15600.0,0.0,19,20,1,0,0,0,0,0,1,3,0,0.0,15600.0,4.0,False,False,False,False,True,True,False,False,False,False
14.09,1976.0,36.4,14,13,2,0,0,0,0,1,3,7,0,0.0,5616.0,13.0,False,False,False,False,True,False,True,False,False,True
13.6,1976.0,10.4,14,13,2,0,0,0,0,1,3,7,0,0.0,3016.0,13.0,False,False,False,False,True,False,True,False,False,True
14.09,1976.0,39.52,14,13,2,0,0,0,0,1,3,7,0,0.0,5928.0,13.0,False,False,False,False,True,False,True,False,False,True
13.38,5200.0,0.0,14,13,2,0,0,0,0,1,3,7,0,0.0,5200.0,12.0,False,False,False,False,True,True,False,True,False,False
13.38,5200.0,0.0,14,13,2,0,0,0,0,1,3,7,0,0.0,5200.0,12.0,False,False,False,False,True,True,False,True,False,False
17.3762,16120.0,0.0,17,18,3,0,0,0,0,1,7,15,0,0.0,16120.0,6.0,False,False,False,False,True,True,False,False,False,False
28.84,8320.0,0.0,14,13,2,0,0,0,0,1,3,7,0,0.0,8320.0,11.0,False,False,False,False,True,True,False,False,False,True
21.715,1040.0,58.24,14,13,2,0,0,0,0,1,3,7,0,0.0,6864.0,12.0,False,False,False,False,True,False,True,True,False,False
23.21,15600.0,0.0,19,20,1,0,0,0,0,0,1,3,0,0.0,15600.0,4.0,False,False,False,False,True,True,False,False,False,False
23.21,15600.0,0.0,19,20,1,0,0,0,0,0,1,3,0,0.0,15600.0,4.0,False,False,False,False,True,True,False,False,False,False
18.36,520.0,43.68,23,21,2,0,0,0,0,0,3,6,0,0.0,4888.0,11.0,False,False,False,False,True,False,True,False,False,False
38.66,5200.0,88.4,19,20,1,0,0,0,0,0,1,3,0,0.0,14040.0,4.0,False,False,False,False,True,False,True,False,False,False
48.26,678.08,34.32,19,20,1,0,0,0,0,0,1,3,0,0.0,4110.08,6.0,False,False,False,False,True,False,True,False,False,False
19.3984,14560.0,0.0,17,18,3,0,0,0,0,1,7,15,0,0.0,14560.0,6.0,False,False,False,False,True,True,False,False,False,False
21.21,1040.0,57.2,14,13,2,0,0,0,0,1,3,7,0,0.0,6760.0,12.0,False,False,False,False,True,False,True,True,False,False
20.705,1040.0,57.2,14,13,2,0,0,0,0,1,3,7,0,0.0,6760.0,12.0,False,False,False,False,True,False,True,True,False,False
21.715,1040.0,57.2,14,13,2,0,0,0,0,1,3,7,0,0.0,6760.0,12.0,False,False,False,False,True,False,True,True,False,False
18.36,520.0,43.68,23,21,2,0,0,0,0,0,3,6,0,0.0,4888.0,11.0,False,False,False,False,True,False,True,False,False,False
42.25,13000.0,0.0,17,18,3,0,0,0,0,1,7,15,0,0.0,13000.0,12.0,False,False,False,False,True,True,False,False,False,False
21.715,1040.0,59.28,14,13,2,0,0,0,0,1,3,7,0,0.0,6968.0,12.0,False,False,False,False,True,False,True,True,False,False
21.21,10400.0,34.32,14,13,2,0,0,0,0,1,3,7,0,0.0,13832.0,12.0,False,False,False,False,True,False,True,True,False,False
19.7272,15600.0,0.0,17,18,3,0,0,0,0,1,7,15,0,0.0,15600.0,6.0,False,False,False,False,True,True,False,False,False,False
19.7272,15600.0,0.0,17,18,3,0,0,0,0,1,7,15,0,0.0,15600.0,6.0,False,False,False,False,True,True,False,False,False,False
38.98,17680.0,0.0,19,20,1,0,0,0,0,0,1,3,0,0.0,17680.0,6.0,False,False,False,False,True,True,False,False,False,False
19.7272,15600.0,0.0,17,18,3,0,0,0,0,1,7,15,0,0.0,15600.0,6.0,False,False,False,False,True,True,False,False,False,False
22.06,10400.0,0.0,14,13,2,0,0,0,0,1,3,7,0,0.0,10400.0,12.0,False,False,False,False,True,True,False,True,False,False
38.59,13520.0,0.0,17,18,3,0,0,0,0,1,7,15,0,0.0,13520.0,12.0,False,False,False,False,True,True,False,False,False,False
25.01,18720.0,0.0,17,18,3,0,0,0,0,1,7,15,0,0.0,18720.0,6.0,False,False,False,False,True,True,False,False,False,False
20.705,1040.0,55.12,14,13,2,0,0,0,0,1,3,7,0,0.0,6552.0,12.0,False,False,False,False,True,False,True,True,False,False
13.2,312.0,34.32,17,18,3,0,0,0,0,1,7,15,0,0.0,3744.0,14.0,False,False,False,False,True,False,True,True,False,False
18.8,12480.0,0.0,17,18,3,0,0,0,0,1,7,15,0,0.0,12480.0,6.0,False,False,False,False,True,True,False,False,False,False
38.66,5200.0,88.4,19,20,1,0,0,0,0,0,1,3,0,0.0,14040.0,4.0,False,False,False,False,True,False,True,False,False,False
19.08,3120.0,78.0,19,20,1,0,0,0,0,0,1,3,0,0.0,10920.0,4.0,False,False,False,False,True,False,True,False,False,False
19.08,3120.0,78.0,19,20,1,0,0,0,0,0,1,3,0,0.0,10920.0,4.0,False,False,False,False,True,False,True,False,False,False
17.54,2080.0,69.68,19,20,1,0,0,0,0,0,1,3,0,0.0,9048.0,4.0,False,False,False,False,True,False,True,False,False,False
19.08,2080.0,65.52,19,20,1,0,0,0,0,0,1,3,0,0.0,8632.0,4.0,False,False,False,False,True,False,True,False,False,False
19.08,5200.0,52.0,19,20,1,0,0,0,0,0,1,3,0,0.0,10400.0,4.0,False,False,False,False,True,False,True,False,False,False
19.08,15600.0,0.0,19,20,1,0,0,0,0,0,1,3,0,0.0,15600.0,4.0,False,False,False,False,True,True,False,False,False,False
19.08,15600.0,0.0,19,20,1,0,0,0,0,0,1,3,0,0.0,15600.0,4.0,False,False,False,False,True,True,False,False,False,False
16.03,1040.0,46.8,14,13,2,0,0,0,0,1,3,7,0,0.0,5720.0,13.0,False,False,False,False,True,False,True,False,False,True
20.705,1040.0,57.2,14,13,2,0,0,0,0,1,3,7,0,0.0,6760.0,12.0,False,False,False,False,True,False,True,True,False,False
17.54,5200.0,52.0,19,20,1,0,0,0,0,0,1,3,0,0.0,10400.0,4.0,False,False,False,False,True,False,True,False,False,False
19.7272,10400.0,31.2,17,18,3,0,0,0,0,1,7,15,0,0.0,13520.0,6.0,False,False,False,False,True,False,True,False,False,False
17.95,2080.0,72.8,19,20,1,0,0,0,0,0,1,3,0,0.0,9360.0,4.0,False,False,False,False,True,False,True,False,False,False
23.21,18720.0,0.0,19,20,1,0,0,0,0,0,1,3,0,0.0,18720.0,4.0,False,False,False,False,True,True,False,False,False,False
21.715,520.0,57.2,14,13,2,0,0,0,0,1,3,7,0,0.0,6240.0,12.0,False,False,False,False,True,False,True,True,False,False
14.76,312.0,41.6,14,13,2,0,0,0,0,1,3,7,0,0.0,4472.0,14.0,False,False,False,False,True,False,True,False,False,True
17.95,2080.0,72.8,19,20,1,0,0,0,0,0,1,3,0,0.0,9360.0,4.0,False,False,False,False,True,False,True,False,False,False
21.715,1040.0,55.12,14,13,2,0,0,0,0,1,3,7,0,0.0,6552.0,12.0,False,False,False,False,True,False,True,True,False,False
14.09,1040.0,41.6,14,13,2,0,0,0,0,1,3,7,0,0.0,5200.0,13.0,False,False,False,False,True,False,True,False,False,True
19.7272,10400.0,31.2,17,18,3,0,0,0,0,1,7,15,0,0.0,13520.0,6.0,False,False,False,False,True,False,True,False,False,False
18.57,13000.0,0.0,17,18,3,0,0,0,0,1,7,15,0,0.0,13000.0,6.0,False,False,False,False,True,True,False,False,False,False
18.01,10400.0,0.0,17,18,3,0,0,0,0,1,7,15,0,0.0,10400.0,6.0,False,False,False,False,True,True,False,False,False,False
36.13,16380.0,0.0,23,21,2,0,0,0,0,0,3,6,0,0.0,16380.0,7.0,False,False,False,False,True,True,False,True,False,False
49.56,654.16,36.4,17,18,3,0,0,0,0,1,7,15,0,0.0,4294.16,5.0,False,False,False,False,True,False,True,False,False,False
42.76,565.76,31.2,17,18,3,0,0,0,0,1,7,15,0,0.0,3685.76,5.0,False,False,False,False,True,False,True,False,False,False
22.44,10400.0,26.0,17,18,3,0,0,0,0,1,7,15,0,0.0,13000.0,4.0,False,False,False,False,True,False,True,False,False,False
42.76,565.76,32.24,17,18,3,0,0,0,0,1,7,15,0,0.0,3789.76,5.0,False,False,False,False,True,False,True,False,False,False
22.44,10398.96,26.0,17,18,3,0,0,0,0,1,7,15,0,0.0,12998.96,4.0,False,False,False,False,True,False,True,False,False,False
38.85,13520.0,0.0,23,21,2,0,0,0,0,0,3,6,0,0.0,13520.0,11.0,False,False,False,False,True,True,False,False,False,False
22.44,16640.0,0.0,17,18,3,0,0,0,0,1,7,15,0,0.0,16640.0,4.0,False,False,False,False,True,True,False,False,False,False
22.86,10400.0,31.2,17,18,3,0,0,0,0,1,7,15,0,0.0,13520.0,4.0,False,False,False,False,True,False,True,False,False,False
22.86,12480.0,15.6,17,18,3,0,0,0,0,1,7,15,0,0.0,14040.0,4.0,False,False,False,False,True,False,True,False,False,False
19.3984,14560.0,0.0,17,18,3,0,0,0,0,1,7,15,0,0.0,14560.0,6.0,False,False,False,False,True,True,False,False,False,False
20.14,14040.0,0.0,17,18,3,0,0,0,0,1,7,15,0,0.0,14040.0,6.0,False,False,False,False,True,True,False,False,False,False
22.86,8320.0,41.6,17,18,3,0,0,0,0,1,7,15,0,0.0,12480.0,4.0,False,False,False,False,True,False,True,False,False,False
22.86,14560.0,0.0,17,18,3,0,0,0,0,1,7,15,0,0.0,14560.0,4.0,False,False,False,False,True,True,False,False,False,False
56.1,17680.0,0.0,17,18,3,0,0,0,0,1,7,15,0,0.0,17680.0,12.0,False,False,False,False,True,True,False,False,False,False
22.86,16640.0,0.0,17,18,3,0,0,0,0,1,7,15,0,0.0,16640.0,4.0,False,False,False,False,True,True,False,False,False,False
22.86,12480.0,15.6,17,18,3,0,0,0,0,1,7,15,0,0.0,14040.0,4.0,False,False,False,False,True,False,True,False,False,False
22.86,10400.0,31.2,17,18,3,0,0,0,0,1,7,15,0,0.0,13520.0,4.0,False,False,False,False,True,False,True,False,False,False
22.86,14560.0,0.0,17,18,3,0,0,0,0,1,7,15,0,0.0,14560.0,4.0,False,False,False,False,True,True,False,False,False,False
22.44,5200.0,52.0,17,18,3,0,0,0,0,1,7,15,0,0.0,10400.0,4.0,False,False,False,False,True,False,True,False,False,False
22.86,1040.0,83.2,17,18,3,0,0,0,0,1,7,15,0,0.0,9360.0,4.0,False,False,False,False,True,False,True,False,False,False
52.31,12172.16,10.4,19,20,1,0,0,0,0,0,1,3,0,0.0,13212.16,6.0,False,False,False,False,True,False,True,False,False,False
22.86,10400.0,26.0,17,18,3,0,0,0,0,1,7,15,0,0.0,13000.0,4.0,False,False,False,False,True,False,True,False,False,False
27.1,16640.0,0.0,17,18,3,0,0,0,0,1,7,15,0,0.0,16640.0,4.0,False,False,False,False,True,True,False,False,False,False
27.1,16640.0,0.0,17,18,3,0,0,0,0,1,7,15,0,0.0,16640.0,4.0,False,False,False,False,True,True,False,False,False,False
22.86,12480.0,20.8,17,18,3,0,0,0,0,1,7,15,0,0.0,14560.0,4.0,False,False,False,False,True,False,True,False,False,False
13.38,312.0,31.2,14,13,2,0,0,0,0,1,3,7,0,0.0,3432.0,12.0,False,False,False,False,True,False,True,True,False,False
28.33,19760.0,0.0,17,18,3,0,0,0,0,1,7,15,0,0.0,19760.0,4.0,False,False,False,False,True,True,False,False,False,False
23.05,2080.0,72.8,17,18,3,0,0,0,0,1,7,15,0,0.0,9360.0,4.0,False,False,False,False,True,False,True,False,False,False
44.52,21840.0,0.0,17,18,3,0,0,0,0,1,7,15,0,0.0,21840.0,4.0,False,False,False,False,True,True,False,False,False,False
28.33,19760.0,0.0,17,18,3,0,0,0,0,1,7,15,0,0.0,19760.0,4.0,False,False,False,False,True,True,False,False,False,False
19.3984,12480.0,15.6,17,18,3,0,0,0,0,1,7,15,0,0.0,14040.0,6.0,False,False,False,False,True,False,True,False,False,False
44.52,21840.0,0.0,17,18,3,0,0,0,0,1,7,15,0,0.0,21840.0,4.0,False,False,False,False,True,True,False,False,False,False
22.86,16640.0,0.0,17,18,3,0,0,0,0,1,7,15,0,0.0,16640.0,4.0,False,False,False,False,True,True,False,False,False,False
44.52,20800.0,0.0,17,18,3,0,0,0,0,1,7,15,0,0.0,20800.0,4.0,False,False,False,False,True,True,False,False,False,False
22.86,15600.0,0.0,17,18,3,0,0,0,0,1,7,15,0,0.0,15600.0,4.0,False,False,False,False,True,True,False,False,False,False
22.44,14560.0,0.0,17,18,3,0,0,0,0,1,7,15,0,0.0,14560.0,4.0,False,False,False,False,True,True,False,False,False,False
22.44,16640.0,0.0,17,18,3,0,0,0,0,1,7,15,0,0.0,16640.0,4.0,False,False,False,False,True,True,False,False,False,False
22.44,16640.0,0.0,17,18,3,0,0,0,0,1,7,15,0,0.0,16640.0,4.0,False,False,False,False,True,True,False,False,False,False
22.44,14560.0,0.0,17,18,3,0,0,0,0,1,7,15,0,0.0,14560.0,4.0,False,False,False,False,True,True,False,False,False,False
22.44,16640.0,0.0,17,18,3,0,0,0,0,1,7,15,0,0.0,16640.0,4.0,False,False,False,False,True,True,False,False,False,False
19.3984,13104.0,0.0,17,18,3,0,0,0,0,1,7,15,0,0.0,13104.0,6.0,False,False,False,False,True,True,False,False,False,False
12.96,312.0,31.2,14,13,2,0,0,0,0,1,3,7,0,0.0,3432.0,12.0,False,False,False,False,True,False,True,True,False,False
27.68,1040.0,78.0,17,18,3,0,0,0,0,1,7,15,0,0.0,8840.0,4.0,False,False,False,False,True,False,True,False,False,False
16.45,1040.0,69.68,14,11,3,0,0,0,1,2,15,15,1,1.0,8008.000000000001,4.0,False,False,False,False,True,False,True,False,False,False
37.8,12480.0,0.0,17,18,3,0,0,0,0,1,7,15,0,0.0,12480.0,12.0,False,False,False,False,True,True,False,False,False,False
16.39,1040.0,70.72,14,11,3,0,0,0,1,2,15,15,1,1.0,8112.0,4.0,False,False,False,False,True,False,True,False,False,False
19.59,10400.0,0.0,27,11,6,0,3,4,2,0,15,15,0,3.0,10400.0,10.0,False,False,False,False,True,True,False,True,False,False
54.8,21840.0,0.0,27,11,6,0,3,4,2,0,15,15,0,3.0,21840.0,9.0,False,False,False,False,True,True,False,True,False,False
21.99,10920.0,0.0,27,11,6,0,3,4,2,0,15,15,0,3.0,10920.0,10.0,False,False,False,False,True,True,False,True,False,False
18.66,12480.0,0.0,27,11,6,0,3,4,2,0,15,15,0,3.0,12480.0,9.0,False,False,False,False,True,True,False,True,False,False
26.94,1040.0,39.52,50,22,2,0,2,2,0,0,5,15,1,0.0,4992.0,8.0,False,False,False,False,True,False,True,True,False,False
40.75,18304.0,0.0,27,11,6,0,3,4,2,0,15,15,0,3.0,18304.0,10.0,False,False,False,False,True,True,False,True,False,False
26.79,520.0,41.6,50,22,2,0,2,2,0,0,5,15,1,0.0,4680.0,13.0,False,False,False,False,True,False,True,True,False,False
19.11,1040.0,43.68,27,11,6,0,3,4,2,0,15,15,0,3.0,5408.0,10.0,False,False,False,False,True,False,True,True,False,False
49.1,1040.0,52.0,50,22,2,0,2,2,0,0,5,15,1,0.0,6240.0,13.0,False,False,False,False,True,False,True,True,False,False
35.67,18564.0,0.0,27,11,6,0,3,4,2,0,15,15,0,3.0,18564.0,10.0,False,False,False,False,True,True,False,True,False,False
19.11,1040.0,43.68,27,11,6,0,3,4,2,0,15,15,0,3.0,5408.0,10.0,False,False,False,False,True,False,True,True,False,False
19.59,10920.0,0.0,27,11,6,0,3,4,2,0,15,15,0,3.0,10920.0,10.0,False,False,False,False,True,True,False,True,False,False
19.59,10400.0,0.0,27,11,6,0,3,4,2,0,15,15,0,3.0,10400.0,10.0,False,False,False,False,True,True,False,True,False,False
19.59,10400.0,0.0,27,11,6,0,3,4,2,0,15,15,0,3.0,10400.0,10.0,False,False,False,False,True,True,False,True,False,False
19.59,10920.0,0.0,27,11,6,0,3,4,2,0,15,15,0,3.0,10920.0,10.0,False,False,False,False,True,True,False,True,False,False
19.59,10400.0,0.0,27,11,6,0,3,4,2,0,15,15,0,3.0,10400.0,10.0,False,False,False,False,True,True,False,True,False,False
19.59,10400.0,0.0,27,11,6,0,3,4,2,0,15,15,0,3.0,10400.0,10.0,False,False,False,False,True,True,False,True,False,False
54.8,2080.0,117.52,27,11,6,0,3,4,2,0,15,15,0,3.0,13832.0,9.0,False,False,False,False,True,False,True,True,False,False
49.25,1040.0,62.4,50,22,2,0,2,2,0,0,5,15,1,0.0,7280.0,13.0,False,False,False,False,True,False,True,True,False,False
46.68,1040.0,52.0,50,22,2,0,2,2,0,0,5,15,1,0.0,6240.0,13.0,False,False,False,False,True,False,True,True,False,False
21.99,9360.0,0.0,27,11,6,0,3,4,2,0,15,15,0,3.0,9360.0,10.0,False,False,False,False,True,True,False,True,False,False
21.99,10920.0,0.0,27,11,6,0,3,4,2,0,15,15,0,3.0,10920.0,10.0,False,False,False,False,True,True,False,True,False,False
35.67,18564.0,0.0,27,11,6,0,3,4,2,0,15,15,0,3.0,18564.0,10.0,False,False,False,False,True,True,False,True,False,False
21.99,10920.0,0.0,27,11,6,0,3,4,2,0,15,15,0,3.0,10920.0,10.0,False,False,False,False,True,True,False,True,False,False
40.943,436.8,23.92,27,11,6,0,3,4,2,0,15,15,0,3.0,2828.8,8.0,False,False,False,False,True,False,True,True,False,False
24.88,8944.0,41.6,27,11,6,0,3,4,2,0,15,15,0,3.0,13104.0,9.0,False,False,False,False,True,False,True,True,False,False
24.88,8944.0,41.6,27,11,6,0,3,4,2,0,15,15,0,3.0,13104.0,9.0,False,False,False,False,True,False,True,True,False,False
21.67,11440.0,0.0,27,11,6,0,3,4,2,0,15,15,0,3.0,11440.0,10.0,False,False,False,False,True,True,False,True,False,False
21.99,11466.0,0.0,27,11,6,0,3,4,2,0,15,15,0,3.0,11466.0,10.0,False,False,False,False,True,True,False,True,False,False
21.07,10810.8,0.0,27,11,6,0,3,4,2,0,15,15,0,3.0,10810.8,10.0,False,False,False,False,True,True,False,True,False,False
24.88,9048.0,43.68,27,11,6,0,3,4,2,0,15,15,0,3.0,13416.0,9.0,False,False,False,False,True,False,True,True,False,False
14.14,1130.0,50.85,27,11,6,0,3,4,2,0,15,15,0,3.0,6215.0,9.0,False,False,False,False,True,False,True,True,False,False
14.14,1130.0,50.85,27,11,6,0,3,4,2,0,15,15,0,3.0,6215.0,9.0,False,False,False,False,True,False,True,True,False,False
21.07,11746.35,0.0,27,11,6,0,3,4,2,0,15,15,0,3.0,11746.35,10.0,False,False,False,False,True,True,False,True,False,False
19.44,565.0,45.2,50,22,2,0,2,2,0,0,5,15,1,0.0,5085.0,8.0,False,False,False,False,True,False,True,True,False,False
19.44,565.0,45.2,50,22,2,0,2,2,0,0,5,15,1,0.0,5085.0,8.0,False,False,False,False,True,False,True,True,False,False
18.0,1695.0,56.5,27,11,6,0,3,4,2,0,15,15,0,3.0,7345.0,9.0,False,False,False,False,True,False,True,True,False,False
18.66,13608.0,0.0,27,11,6,0,3,4,2,0,15,15,0,3.0,13608.0,9.0,False,False,False,False,True,True,False,True,False,False
24.98,17280.0,0.0,27,11,6,0,3,4,2,0,15,15,0,3.0,17280.0,9.0,False,False,False,False,True,True,False,True,False,False
37.93,324.0,108.0,27,11,6,0,3,4,2,0,15,15,0,3.0,11124.0,5.0,False,False,False,False,True,False,True,True,False,False
30.69,19980.0,0.0,27,11,6,0,3,4,2,0,15,15,0,3.0,19980.0,9.0,False,False,False,False,True,True,False,True,False,False
41.71,18360.0,0.0,27,11,6,0,3,4,2,0,15,15,0,3.0,18360.0,10.0,False,False,False,False,True,True,False,True,False,False
24.98,14688.0,0.0,27,11,6,0,3,4,2,0,15,15,0,3.0,14688.0,9.0,False,False,False,False,True,True,False,True,False,False
23.45,11880.0,30.24,27,11,6,0,3,4,2,0,15,15,0,3.0,14904.0,9.0,False,False,False,False,True,False,True,True,False,False
44.0,21060.0,0.0,27,11,6,0,3,4,2,0,15,15,0,3.0,21060.0,9.0,False,False,False,False,True,True,False,True,False,False
34.19,20412.0,0.0,27,11,6,0,3,4,2,0,15,15,0,3.0,20412.0,9.0,False,False,False,False,True,True,False,True,False,False
30.69,18144.0,17.28,27,11,6,0,3,4,2,0,15,15,0,3.0,19872.0,9.0,False,False,False,False,True,False,True,True,False,False
18.66,12960.0,0.0,27,11,6,0,3,4,2,0,15,15,0,3.0,12960.0,9.0,False,False,False,False,True,True,False,True,False,False
25.02,14580.0,0.0,27,11,6,0,3,4,2,0,15,15,0,3.0,14580.0,9.0,False,False,False,False,True,True,False,True,False,False
44.98,2160.0,51.84,50,22,2,0,2,2,0,0,5,15,1,0.0,7344.0,13.0,False,False,False,False,True,False,True,True,False,False
30.69,8640.0,59.4,27,11,6,0,3,4,2,0,15,15,0,3.0,14580.0,9.0,False,False,False,False,True,False,True,True,False,False
23.45,15660.0,0.0,27,11,6,0,3,4,2,0,15,15,0,3.0,15660.0,9.0,False,False,False,False,True,True,False,True,False,False
21.99,10800.0,0.0,27,11,6,0,3,4,2,0,15,15,0,3.0,10800.0,10.0,False,False,False,False,True,True,False,True,False,False
43.8,21600.0,0.0,27,11,6,0,3,4,2,0,15,15,0,3.0,21600.0,9.0,False,False,False,False,True,True,False,True,False,False
24.88,5400.0,59.4,27,11,6,0,3,4,2,0,15,15,0,3.0,11340.0,9.0,False,False,False,False,True,False,True,True,False,False
24.43,18900.0,0.0,27,11,6,0,3,4,2,0,15,15,0,3.0,18900.0,9.0,False,False,False,False,True,True,False,True,False,False
56.199,540.0,54.0,27,11,6,0,3,4,2,0,15,15,0,3.0,5940.0,8.0,False,False,False,False,True,False,True,True,False,False
24.88,9288.0,47.52,27,11,6,0,3,4,2,0,15,15,0,3.0,14040.0,9.0,False,False,False,False,True,False,True,True,False,False
21.94,540.0,39.96,50,22,2,0,2,2,0,0,5,15,1,0.0,4536.0,13.0,False,False,False,False,True,False,True,True,False,False
21.35,540.0,50.76,27,11,6,0,3,4,2,0,15,15,0,3.0,5616.0,10.0,False,False,False,False,True,False,True,True,False,False
19.11,8640.0,10.8,27,11,6,0,3,4,2,0,15,15,0,3.0,9720.0,10.0,False,False,False,False,True,False,True,True,False,False
49.1,540.0,60.48,50,22,2,0,2,2,0,0,5,15,1,0.0,6588.0,13.0,False,False,False,False,True,False,True,True,False,False
23.01,12960.0,0.0,27,11,6,0,3,4,2,0,15,15,0,3.0,12960.0,10.0,False,False,False,False,True,True,False,True,False,False
23.27,11880.0,0.0,27,11,6,0,3,4,2,0,15,15,0,3.0,11880.0,10.0,False,False,False,False,True,True,False,True,False,False
40.75,19224.0,0.0,27,11,6,0,3,4,2,0,15,15,0,3.0,19224.0,10.0,False,False,False,False,True,True,False,True,False,False
23.99,14040.0,0.0,27,11,6,0,3,4,2,0,15,15,0,3.0,14040.0,9.0,False,False,False,False,True,True,False,True,False,False
19.11,10767.6,0.0,27,11,6,0,3,4,2,0,15,15,0,3.0,10767.6,10.0,False,False,False,False,True,True,False,True,False,False
21.35,10773.0,0.0,27,11,6,0,3,4,2,0,15,15,0,3.0,10773.0,10.0,False,False,False,False,True,True,False,True,False,False
23.01,11340.0,0.0,27,11,6,0,3,4,2,0,15,15,0,3.0,11340.0,10.0,False,False,False,False,True,True,False,True,False,False
21.99,11340.0,0.0,27,11,6,0,3,4,2,0,15,15,0,3.0,11340.0,10.0,False,False,False,False,True,True,False,True,False,False
24.69,18900.0,0.0,27,11,6,0,3,4,2,0,15,15,0,3.0,18900.0,9.0,False,False,False,False,True,True,False,True,False,False
56.348,9850.68,11.88,27,11,6,0,3,4,2,0,15,15,0,3.0,11038.68,8.0,False,False,False,False,True,False,True,True,False,False
18.0,13500.0,0.0,27,11,6,0,3,4,2,0,15,15,0,3.0,13500.0,9.0,False,False,False,False,True,True,False,True,False,False
21.99,11340.0,0.0,27,11,6,0,3,4,2,0,15,15,0,3.0,11340.0,10.0,False,False,False,False,True,True,False,True,False,False
21.99,11340.0,0.0,27,11,6,0,3,4,2,0,15,15,0,3.0,11340.0,10.0,False,False,False,False,True,True,False,True,False,False
22.24,16200.0,0.0,27,11,6,0,3,4,2,0,15,15,0,3.0,16200.0,9.0,False,False,False,False,True,True,False,True,False,False
20.65,1130.0,56.5,23,21,2,0,0,0,0,0,3,6,0,0.0,6780.0,11.0,False,False,False,False,True,False,True,True,False,False
29.52,1130.0,73.45,14,13,2,0,0,0,0,1,3,7,0,0.0,8475.0,11.0,False,False,False,False,True,False,True,False,False,True
17.5,1130.0,58.76,14,13,2,0,0,0,0,1,3,7,0,0.0,7006.0,11.0,False,False,False,False,True,False,True,False,False,True
47.475,18080.0,0.0,17,18,3,0,0,0,0,1,7,15,0,0.0,18080.0,13.0,False,False,False,False,True,True,False,False,False,False
21.36,1130.0,84.75,23,21,2,0,0,0,0,0,3,6,0,0.0,9605.0,2.0,False,False,False,False,True,False,True,False,False,False
20.65,8475.0,0.0,23,21,2,0,0,0,0,0,3,6,0,0.0,8475.0,11.0,False,False,False,False,True,True,False,True,False,False
20.64,9040.0,33.9,19,20,1,0,0,0,0,0,1,3,0,0.0,12430.0,3.0,False,False,False,False,True,False,True,False,False,False
22.06,1130.0,67.8,14,13,2,0,0,0,0,1,3,7,0,0.0,7910.0,12.0,False,False,False,False,True,False,True,True,False,False
19.3984,5650.0,50.85,17,18,3,0,0,0,0,1,7,15,0,0.0,10735.0,6.0,False,False,False,False,True,False,True,False,False,False
19.3984,5650.0,45.2,17,18,3,0,0,0,0,1,7,15,0,0.0,10170.0,6.0,False,False,False,False,True,False,True,False,False,False
23.21,12430.0,0.0,19,20,1,0,0,0,0,0,1,3,0,0.0,12430.0,3.0,False,False,False,False,True,True,False,False,False,False
23.28,565.0,53.11,23,21,2,0,0,0,0,0,3,6,0,0.0,5876.0,11.0,False,False,False,False,True,False,True,False,False,False
23.68,9040.0,33.9,19,20,1,0,0,0,0,0,1,3,0,0.0,12430.0,3.0,False,False,False,False,True,False,True,False,False,False
23.21,5650.0,56.5,19,20,1,0,0,0,0,0,1,3,0,0.0,11300.0,4.0,False,False,False,False,True,False,True,False,False,False
15.6,1130.0,55.37,19,20,1,0,0,0,0,0,1,3,0,0.0,6667.0,8.0,False,False,False,False,True,False,True,False,False,False
13.6,3390.0,39.55,14,13,2,0,0,0,0,1,3,7,0,0.0,7345.0,13.0,False,False,False,False,True,False,True,False,False,True
25.97,6780.0,42.94,14,13,2,0,0,0,0,1,3,7,0,0.0,11074.0,11.0,False,False,False,False,True,False,True,False,False,True
50.89,19888.0,0.0,14,13,2,0,0,0,0,1,3,7,0,0.0,19888.0,11.0,False,False,False,False,True,True,False,False,False,True
50.89,19888.0,0.0,14,13,2,0,0,0,0,1,3,7,0,0.0,19888.0,11.0,False,False,False,False,True,True,False,False,False,True
16.03,3390.0,45.2,14,13,2,0,0,0,0,1,3,7,0,0.0,7910.0,13.0,False,False,False,False,True,False,True,False,False,True
16.03,2147.0,27.12,14,13,2,0,0,0,0,1,3,7,0,0.0,4859.0,13.0,False,False,False,False,True,False,True,False,False,True
14.73,339.0,45.2,14,13,2,0,0,0,0,1,3,7,0,0.0,4859.0,14.0,False,False,False,False,True,False,True,False,False,True
47.7,19888.0,0.0,14,13,2,0,0,0,0,1,3,7,0,0.0,19888.0,11.0,False,False,False,False,True,True,False,False,False,True
15.6,1130.0,51.98,19,20,1,0,0,0,0,0,1,3,0,0.0,6328.0,8.0,False,False,False,False,True,False,True,False,False,False
16.03,7910.0,0.0,14,13,2,0,0,0,0,1,3,7,0,0.0,7910.0,13.0,False,False,False,False,True,True,False,False,False,True
13.6,2147.0,50.85,14,13,2,0,0,0,0,1,3,7,0,0.0,7232.0,13.0,False,False,False,False,True,False,True,False,False,True
47.7,18645.0,0.0,14,13,2,0,0,0,0,1,3,7,0,0.0,18645.0,11.0,False,False,False,False,True,True,False,False,False,True
15.6,1130.0,53.11,19,20,1,0,0,0,0,0,1,3,0,0.0,6441.0,8.0,False,False,False,False,True,False,True,False,False,False
23.28,565.0,53.11,23,21,2,0,0,0,0,0,3,6,0,0.0,5876.0,11.0,False,False,False,False,True,False,True,False,False,False
20.65,565.0,50.85,23,21,2,0,0,0,0,0,3,6,0,0.0,5650.0,11.0,False,False,False,False,True,False,True,True,False,False
15.39,1130.0,42.94,19,20,1,0,0,0,0,0,1,3,0,0.0,5424.0,8.0,False,False,False,False,True,False,True,False,False,False
23.52,1130.0,62.15,23,21,2,0,0,0,0,0,3,6,0,0.0,7345.0,11.0,False,False,False,False,True,False,True,True,False,False
13.6,2147.0,50.85,14,13,2,0,0,0,0,1,3,7,0,0.0,7232.0,13.0,False,False,False,False,True,False,True,False,False,True
47.08,6602.59,18.08,19,20,1,0,0,0,0,0,1,3,0,0.0,8410.59,6.0,False,False,False,False,True,False,True,False,False,False
18.9459,11300.0,0.0,17,18,3,0,0,0,0,1,7,15,0,0.0,11300.0,6.0,False,False,False,False,True,True,False,False,False,False
20.705,1080.0,60.48,14,13,2,0,0,0,0,1,3,7,0,0.0,7128.0,12.0,False,False,False,False,True,False,True,True,False,False
20.705,1080.0,60.48,14,13,2,0,0,0,0,1,3,7,0,0.0,7128.0,12.0,False,False,False,False,True,False,True,True,False,False
13.2,324.0,34.56,17,18,3,0,0,0,0,1,7,15,0,0.0,3780.0,14.0,False,False,False,False,True,False,True,True,False,False
22.06,1080.0,64.8,14,13,2,0,0,0,0,1,3,7,0,0.0,7560.0,12.0,False,False,False,False,True,False,True,True,False,False
22.86,5400.0,48.6,17,18,3,0,0,0,0,1,7,15,0,0.0,10260.0,4.0,False,False,False,False,True,False,True,False,False,False
22.86,5400.0,48.6,17,18,3,0,0,0,0,1,7,15,0,0.0,10260.0,4.0,False,False,False,False,True,False,True,False,False,False
12.96,540.0,33.48,14,13,2,0,0,0,0,1,3,7,0,0.0,3887.9999999999995,12.0,False,False,False,False,True,False,True,True,False,False
21.715,540.0,63.72,14,13,2,0,0,0,0,1,3,7,0,0.0,6912.0,12.0,False,False,False,False,True,False,True,True,False,False
21.715,1080.0,60.48,14,13,2,0,0,0,0,1,3,7,0,0.0,7128.0,12.0,False,False,False,False,True,False,True,True,False,False
21.21,1080.0,60.48,14,13,2,0,0,0,0,1,3,7,0,0.0,7128.0,12.0,False,False,False,False,True,False,True,True,False,False
17.54,4320.0,59.4,19,20,1,0,0,0,0,0,1,3,0,0.0,10260.0,4.0,False,False,False,False,True,False,True,False,False,False
14.61,2052.0,48.6,14,13,2,0,0,0,0,1,3,7,0,0.0,6912.0,13.0,False,False,False,False,True,False,True,False,False,True
19.08,2160.0,70.2,19,20,1,0,0,0,0,0,1,3,0,0.0,9180.0,4.0,False,False,False,False,True,False,True,False,False,False
21.21,1080.0,60.48,14,13,2,0,0,0,0,1,3,7,0,0.0,7128.0,12.0,False,False,False,False,True,False,True,True,False,False
21.21,1080.0,60.48,14,13,2,0,0,0,0,1,3,7,0,0.0,7128.0,12.0,False,False,False,False,True,False,True,True,False,False
21.715,1080.0,60.48,14,13,2,0,0,0,0,1,3,7,0,0.0,7128.0,12.0,False,False,False,False,True,False,True,True,False,False
12.96,540.0,33.48,14,13,2,0,0,0,0,1,3,7,0,0.0,3887.9999999999995,12.0,False,False,False,False,True,False,True,True,False,False
20.705,1080.0,60.48,14,13,2,0,0,0,0,1,3,7,0,0.0,7128.0,12.0,False,False,False,False,True,False,True,True,False,False
15.6,1080.0,47.52,19,20,1,0,0,0,0,0,1,3,0,0.0,5832.0,8.0,False,False,False,False,True,False,True,False,False,False
21.715,1080.0,60.48,14,13,2,0,0,0,0,1,3,7,0,0.0,7128.0,12.0,False,False,False,False,True,False,True,True,False,False
17.5,1080.0,56.16,14,13,2,0,0,0,0,1,3,7,0,0.0,6696.0,11.0,False,False,False,False,True,False,True,False,False,True
11.46,540.0,37.8,14,13,2,0,0,0,0,1,3,7,0,0.0,4320.0,12.0,False,False,False,False,True,False,True,True,False,False
17.54,2160.0,64.8,19,20,1,0,0,0,0,0,1,3,0,0.0,8640.0,4.0,False,False,False,False,True,False,True,False,False,False
21.21,1080.0,60.48,14,13,2,0,0,0,0,1,3,7,0,0.0,7128.0,12.0,False,False,False,False,True,False,True,True,False,False
21.43,540.0,38.88,14,13,2,0,0,0,0,1,3,7,0,0.0,4428.0,11.0,False,False,False,False,True,False,True,False,False,True
17.5,1080.0,56.16,14,13,2,0,0,0,0,1,3,7,0,0.0,6696.0,11.0,False,False,False,False,True,False,True,False,False,True
21.715,1080.0,60.48,14,13,2,0,0,0,0,1,3,7,0,0.0,7128.0,12.0,False,False,False,False,True,False,True,True,False,False
42.25,12960.0,0.0,17,18,3,0,0,0,0,1,7,15,0,0.0,12960.0,12.0,False,False,False,False,True,True,False,False,False,False
18.8,5400.0,37.8,17,18,3,0,0,0,0,1,7,15,0,0.0,9180.0,6.0,False,False,False,False,True,False,True,False,False,False
36.56,4654.8,14.04,23,21,2,0,0,0,0,0,3,6,0,0.0,6058.8,7.0,False,False,False,False,True,False,True,True,False,False
17.0,540.0,46.44,23,21,2,0,0,0,0,0,3,6,0,0.0,5184.0,11.0,False,False,False,False,True,False,True,True,False,False
20.65,9072.0,0.0,14,13,2,0,0,0,0,1,3,7,0,0.0,9072.0,11.0,False,False,False,False,True,True,False,False,False,True
20.67,5400.0,48.6,14,13,2,0,0,0,0,1,3,7,0,0.0,10260.0,3.0,False,False,False,False,True,False,True,False,False,True
23.19,540.0,43.2,23,21,2,0,0,0,0,0,3,6,0,0.0,4860.0,11.0,False,False,False,False,True,False,True,False,False,False
88.95,10800.0,129.6,17,18,3,0,0,0,0,1,7,15,0,0.0,23760.0,4.0,False,False,False,False,True,False,True,False,False,False
88.95,10800.0,129.6,17,18,3,0,0,0,0,1,7,15,0,0.0,23760.0,4.0,False,False,False,False,True,False,True,False,False,False
22.44,12960.0,0.0,17,18,3,0,0,0,0,1,7,15,0,0.0,12960.0,4.0,False,False,False,False,True,True,False,False,False,False
20.67,3240.0,70.2,14,13,2,0,0,0,0,1,3,7,0,0.0,10260.0,3.0,False,False,False,False,True,False,True,False,False,True
47.08,4415.04,23.76,19,20,1,0,0,0,0,0,1,3,0,0.0,6791.04,6.0,False,False,False,False,True,False,True,False,False,False
19.32,540.0,48.6,23,21,2,0,0,0,0,0,3,6,0,0.0,5400.0,11.0,False,False,False,False,True,False,True,True,False,False
19.08,5400.0,43.2,19,20,1,0,0,0,0,0,1,3,0,0.0,9720.0,4.0,False,False,False,False,True,False,True,False,False,False
47.475,2160.0,75.6,17,18,3,0,0,0,0,1,7,15,0,0.0,9720.0,13.0,False,False,False,False,True,False,True,False,False,False
20.67,7560.0,43.2,14,13,2,0,0,0,0,1,3,7,0,0.0,11880.0,3.0,False,False,False,False,True,False,True,False,False,True
14.09,2052.0,48.6,14,13,2,0,0,0,0,1,3,7,0,0.0,6912.0,13.0,False,False,False,False,True,False,True,False,False,True
44.52,18360.0,0.0,17,18,3,0,0,0,0,1,7,15,0,0.0,18360.0,4.0,False,False,False,False,True,True,False,False,False,False
20.705,1080.0,60.48,14,13,2,0,0,0,0,1,3,7,0,0.0,7128.0,12.0,False,False,False,False,True,False,True,True,False,False
25.97,1080.0,52.92,14,13,2,0,0,0,0,1,3,7,0,0.0,6372.0,11.0,False,False,False,False,True,False,True,False,False,True
34.31,12960.0,43.2,14,13,2,0,0,0,0,1,3,7,0,0.0,17280.0,3.0,False,False,False,False,True,False,True,False,False,True
13.42,324.0,34.56,17,18,3,0,0,0,0,1,7,15,0,0.0,3780.0,14.0,False,False,False,False,True,False,True,True,False,False
23.37,6480.0,48.6,14,13,2,0,0,0,0,1,3,7,0,0.0,11340.0,3.0,False,False,False,False,True,False,True,False,False,True
23.37,7560.0,41.04,14,13,2,0,0,0,0,1,3,7,0,0.0,11664.0,3.0,False,False,False,False,True,False,True,False,False,True
20.67,11880.0,0.0,14,13,2,0,0,0,0,1,3,7,0,0.0,11880.0,3.0,False,False,False,False,True,True,False,False,False,True
20.14,12960.0,0.0,17,18,3,0,0,0,0,1,7,15,0,0.0,12960.0,6.0,False,False,False,False,True,True,False,False,False,False
21.715,1080.0,60.48,14,13,2,0,0,0,0,1,3,7,0,0.0,7128.0,12.0,False,False,False,False,True,False,True,True,False,False
11.46,324.0,34.56,14,13,2,0,0,0,0,1,3,7,0,0.0,3780.0,12.0,False,False,False,False,True,False,True,True,False,False
42.16,21600.0,0.0,19,20,1,0,0,0,0,0,1,3,0,0.0,21600.0,3.0,False,False,False,False,True,True,False,False,False,False
25.01,10800.0,37.8,17,18,3,0,0,0,0,1,7,15,0,0.0,14580.0,6.0,False,False,False,False,True,False,True,False,False,False
19.3984,17280.0,0.0,17,18,3,0,0,0,0,1,7,15,0,0.0,17280.0,6.0,False,False,False,False,True,True,False,False,False,False
21.715,1080.0,60.48,14,13,2,0,0,0,0,1,3,7,0,0.0,7128.0,12.0,False,False,False,False,True,False,True,True,False,False
47.475,17280.0,0.0,17,18,3,0,0,0,0,1,7,15,0,0.0,17280.0,13.0,False,False,False,False,True,True,False,False,False,False
17.95,5400.0,54.0,19,20,1,0,0,0,0,0,1,3,0,0.0,10800.0,4.0,False,False,False,False,True,False,True,False,False,False
19.3984,5400.0,43.2,17,18,3,0,0,0,0,1,7,15,0,0.0,9720.0,6.0,False,False,False,False,True,False,True,False,False,False
46.14,18036.0,0.0,14,13,2,0,0,0,0,1,3,7,0,0.0,18036.0,11.0,False,False,False,False,True,True,False,False,False,True
19.3984,11880.0,0.0,17,18,3,0,0,0,0,1,7,15,0,0.0,11880.0,6.0,False,False,False,False,True,True,False,False,False,False
17.44,15120.0,0.0,14,13,2,0,0,0,0,1,3,7,0,0.0,15120.0,3.0,False,False,False,False,True,True,False,False,False,True
20.705,1080.0,60.48,14,13,2,0,0,0,0,1,3,7,0,0.0,7128.0,12.0,False,False,False,False,True,False,True,True,False,False
29.52,1080.0,69.12,14,13,2,0,0,0,0,1,3,7,0,0.0,7992.0,11.0,False,False,False,False,True,False,True,False,False,True
47.7,15984.0,0.0,14,13,2,0,0,0,0,1,3,7,0,0.0,15984.0,11.0,False,False,False,False,True,True,False,False,False,True
38.85,10800.0,64.8,19,20,1,0,0,0,0,0,1,3,0,0.0,17280.0,3.0,False,False,False,False,True,False,True,False,False,False
23.21,10800.0,27.0,19,20,1,0,0,0,0,0,1,3,0,0.0,13500.0,3.0,False,False,False,False,True,False,True,False,False,False
34.36,19980.0,0.0,14,13,2,0,0,0,0,1,3,7,0,0.0,19980.0,3.0,False,False,False,False,True,True,False,False,False,True
23.21,5400.0,60.48,19,20,1,0,0,0,0,0,1,3,0,0.0,11448.0,3.0,False,False,False,False,True,False,True,False,False,False
15.39,1080.0,45.36,19,20,1,0,0,0,0,0,1,3,0,0.0,5616.0,8.0,False,False,False,False,True,False,True,False,False,False
37.43,8640.0,48.6,14,13,2,0,0,0,0,1,3,7,0,0.0,13500.0,3.0,False,False,False,False,True,False,True,False,False,True
37.43,10800.0,43.2,14,13,2,0,0,0,0,1,3,7,0,0.0,15120.0,3.0,False,False,False,False,True,False,True,False,False,True
23.21,15660.0,0.0,19,20,1,0,0,0,0,0,1,3,0,0.0,15660.0,3.0,False,False,False,False,True,True,False,False,False,False
24.05,18360.0,0.0,14,13,2,0,0,0,0,1,3,7,0,0.0,18360.0,3.0,False,False,False,False,True,True,False,False,False,True
20.67,14580.0,0.0,14,13,2,0,0,0,0,1,3,7,0,0.0,14580.0,3.0,False,False,False,False,True,True,False,False,False,True
24.05,17820.0,0.0,14,13,2,0,0,0,0,1,3,7,0,0.0,17820.0,3.0,False,False,False,False,True,True,False,False,False,True
19.29,17280.0,0.0,14,13,2,0,0,0,0,1,3,7,0,0.0,17280.0,3.0,False,False,False,False,True,True,False,False,False,True
19.29,17280.0,0.0,14,13,2,0,0,0,0,1,3,7,0,0.0,17280.0,3.0,False,False,False,False,True,True,False,False,False,True
30.3,18360.0,0.0,17,18,3,0,0,0,0,1,7,15,0,0.0,18360.0,6.0,False,False,False,False,True,True,False,False,False,False
30.3,19440.0,0.0,17,18,3,0,0,0,0,1,7,15,0,0.0,19440.0,6.0,False,False,False,False,True,True,False,False,False,False
36.12,2670.84,22.68,23,21,2,0,0,0,0,0,3,6,0,0.0,4938.84,7.0,False,False,False,False,True,False,True,True,False,False
23.05,2160.0,75.6,17,18,3,0,0,0,0,1,7,15,0,0.0,9720.0,4.0,False,False,False,False,True,False,True,False,False,False
17.54,2160.0,64.8,19,20,1,0,0,0,0,0,1,3,0,0.0,8640.0,4.0,False,False,False,False,True,False,True,False,False,False
19.08,5400.0,54.0,19,20,1,0,0,0,0,0,1,3,0,0.0,10800.0,4.0,False,False,False,False,True,False,True,False,False,False
27.1,17280.0,0.0,17,18,3,0,0,0,0,1,7,15,0,0.0,17280.0,4.0,False,False,False,False,True,True,False,False,False,False
19.3984,7560.0,32.4,17,18,3,0,0,0,0,1,7,15,0,0.0,10800.0,6.0,False,False,False,False,True,False,True,False,False,False
25.97,1080.0,52.92,14,13,2,0,0,0,0,1,3,7,0,0.0,6372.0,11.0,False,False,False,False,True,False,True,False,False,True
27.68,2160.0,81.0,17,18,3,0,0,0,0,1,7,15,0,0.0,10260.0,4.0,False,False,False,False,True,False,True,False,False,False
23.21,5400.0,54.0,19,20,1,0,0,0,0,0,1,3,0,0.0,10800.0,4.0,False,False,False,False,True,False,True,False,False,False
20.65,1130.0,56.5,23,21,2,0,0,0,0,0,3,6,0,0.0,6780.0,11.0,False,False,False,False,True,False,True,True,False,False
29.52,1130.0,73.45,14,13,2,0,0,0,0,1,3,7,0,0.0,8475.0,11.0,False,False,False,False,True,False,True,False,False,True
17.5,1130.0,58.76,14,13,2,0,0,0,0,1,3,7,0,0.0,7006.0,11.0,False,False,False,False,True,False,True,False,False,True
47.475,18080.0,0.0,17,18,3,0,0,0,0,1,7,15,0,0.0,18080.0,13.0,False,False,False,False,True,True,False,False,False,False
21.36,1130.0,84.75,23,21,2,0,0,0,0,0,3,6,0,0.0,9605.0,2.0,False,False,False,False,True,False,True,False,False,False
20.65,8475.0,0.0,23,21,2,0,0,0,0,0,3,6,0,0.0,8475.0,11.0,False,False,False,False,True,True,False,True,False,False
20.64,9040.0,33.9,19,20,1,0,0,0,0,0,1,3,0,0.0,12430.0,3.0,False,False,False,False,True,False,True,False,False,False
22.06,1130.0,67.8,14,13,2,0,0,0,0,1,3,7,0,0.0,7910.0,12.0,False,False,False,False,True,False,True,True,False,False
19.3984,5650.0,50.85,17,18,3,0,0,0,0,1,7,15,0,0.0,10735.0,6.0,False,False,False,False,True,False,True,False,False,False
19.3984,5650.0,45.2,17,18,3,0,0,0,0,1,7,15,0,0.0,10170.0,6.0,False,False,False,False,True,False,True,False,False,False
23.21,12430.0,0.0,19,20,1,0,0,0,0,0,1,3,0,0.0,12430.0,3.0,False,False,False,False,True,True,False,False,False,False
23.28,565.0,53.11,23,21,2,0,0,0,0,0,3,6,0,0.0,5876.0,11.0,False,False,False,False,True,False,True,False,False,False
23.68,9040.0,33.9,19,20,1,0,0,0,0,0,1,3,0,0.0,12430.0,3.0,False,False,False,False,True,False,True,False,False,False
23.21,5650.0,56.5,19,20,1,0,0,0,0,0,1,3,0,0.0,11300.0,4.0,False,False,False,False,True,False,True,False,False,False
15.6,1130.0,55.37,19,20,1,0,0,0,0,0,1,3,0,0.0,6667.0,8.0,False,False,False,False,True,False,True,False,False,False
13.6,3390.0,39.55,14,13,2,0,0,0,0,1,3,7,0,0.0,7345.0,13.0,False,False,False,False,True,False,True,False,False,True
25.97,6780.0,42.94,14,13,2,0,0,0,0,1,3,7,0,0.0,11074.0,11.0,False,False,False,False,True,False,True,False,False,True
50.89,19888.0,0.0,14,13,2,0,0,0,0,1,3,7,0,0.0,19888.0,11.0,False,False,False,False,True,True,False,False,False,True
50.89,19888.0,0.0,14,13,2,0,0,0,0,1,3,7,0,0.0,19888.0,11.0,False,False,False,False,True,True,False,False,False,True
16.03,3390.0,45.2,14,13,2,0,0,0,0,1,3,7,0,0.0,7910.0,13.0,False,False,False,False,True,False,True,False,False,True
16.03,2147.0,27.12,14,13,2,0,0,0,0,1,3,7,0,0.0,4859.0,13.0,False,False,False,False,True,False,True,False,False,True
14.73,339.0,45.2,14,13,2,0,0,0,0,1,3,7,0,0.0,4859.0,14.0,False,False,False,False,True,False,True,False,False,True
47.7,19888.0,0.0,14,13,2,0,0,0,0,1,3,7,0,0.0,19888.0,11.0,False,False,False,False,True,True,False,False,False,True
15.6,1130.0,51.98,19,20,1,0,0,0,0,0,1,3,0,0.0,6328.0,8.0,False,False,False,False,True,False,True,False,False,False
16.03,7910.0,0.0,14,13,2,0,0,0,0,1,3,7,0,0.0,7910.0,13.0,False,False,False,False,True,True,False,False,False,True
13.6,2147.0,50.85,14,13,2,0,0,0,0,1,3,7,0,0.0,7232.0,13.0,False,False,False,False,True,False,True,False,False,True
47.7,18645.0,0.0,14,13,2,0,0,0,0,1,3,7,0,0.0,18645.0,11.0,False,False,False,False,True,True,False,False,False,True
15.6,1130.0,53.11,19,20,1,0,0,0,0,0,1,3,0,0.0,6441.0,8.0,False,False,False,False,True,False,True,False,False,False
23.28,565.0,53.11,23,21,2,0,0,0,0,0,3,6,0,0.0,5876.0,11.0,False,False,False,False,True,False,True,False,False,False
20.65,565.0,50.85,23,21,2,0,0,0,0,0,3,6,0,0.0,5650.0,11.0,False,False,False,False,True,False,True,True,False,False
15.39,1130.0,42.94,19,20,1,0,0,0,0,0,1,3,0,0.0,5424.0,8.0,False,False,False,False,True,False,True,False,False,False
23.52,1130.0,62.15,23,21,2,0,0,0,0,0,3,6,0,0.0,7345.0,11.0,False,False,False,False,True,False,True,True,False,False
13.6,2147.0,50.85,14,13,2,0,0,0,0,1,3,7,0,0.0,7232.0,13.0,False,False,False,False,True,False,True,False,False,True
47.08,6602.59,18.08,19,20,1,0,0,0,0,0,1,3,0,0.0,8410.59,6.0,False,False,False,False,True,False,True,False,False,False
18.9459,11300.0,0.0,17,18,3,0,0,0,0,1,7,15,0,0.0,11300.0,6.0,False,False,False,False,True,True,False,False,False,False
20.705,1080.0,60.48,14,13,2,0,0,0,0,1,3,7,0,0.0,7128.0,12.0,False,False,False,False,True,False,True,True,False,False
20.705,1080.0,60.48,14,13,2,0,0,0,0,1,3,7,0,0.0,7128.0,12.0,False,False,False,False,True,False,True,True,False,False
13.2,324.0,34.56,17,18,3,0,0,0,0,1,7,15,0,0.0,3780.0,14.0,False,False,False,False,True,False,True,True,False,False
22.06,1080.0,64.8,14,13,2,0,0,0,0,1,3,7,0,0.0,7560.0,12.0,False,False,False,False,True,False,True,True,False,False
22.86,5400.0,48.6,17,18,3,0,0,0,0,1,7,15,0,0.0,10260.0,4.0,False,False,False,False,True,False,True,False,False,False
22.86,5400.0,48.6,17,18,3,0,0,0,0,1,7,15,0,0.0,10260.0,4.0,False,False,False,False,True,False,True,False,False,False
12.96,540.0,33.48,14,13,2,0,0,0,0,1,3,7,0,0.0,3887.9999999999995,12.0,False,False,False,False,True,False,True,True,False,False
21.715,540.0,63.72,14,13,2,0,0,0,0,1,3,7,0,0.0,6912.0,12.0,False,False,False,False,True,False,True,True,False,False
21.715,1080.0,60.48,14,13,2,0,0,0,0,1,3,7,0,0.0,7128.0,12.0,False,False,False,False,True,False,True,True,False,False
21.21,1080.0,60.48,14,13,2,0,0,0,0,1,3,7,0,0.0,7128.0,12.0,False,False,False,False,True,False,True,True,False,False
17.54,4320.0,59.4,19,20,1,0,0,0,0,0,1,3,0,0.0,10260.0,4.0,False,False,False,False,True,False,True,False,False,False
14.61,2052.0,48.6,14,13,2,0,0,0,0,1,3,7,0,0.0,6912.0,13.0,False,False,False,False,True,False,True,False,False,True
19.08,2160.0,70.2,19,20,1,0,0,0,0,0,1,3,0,0.0,9180.0,4.0,False,False,False,False,True,False,True,False,False,False
21.21,1080.0,60.48,14,13,2,0,0,0,0,1,3,7,0,0.0,7128.0,12.0,False,False,False,False,True,False,True,True,False,False
21.21,1080.0,60.48,14,13,2,0,0,0,0,1,3,7,0,0.0,7128.0,12.0,False,False,False,False,True,False,True,True,False,False
21.715,1080.0,60.48,14,13,2,0,0,0,0,1,3,7,0,0.0,7128.0,12.0,False,False,False,False,True,False,True,True,False,False
12.96,540.0,33.48,14,13,2,0,0,0,0,1,3,7,0,0.0,3887.9999999999995,12.0,False,False,False,False,True,False,True,True,False,False
20.705,1080.0,60.48,14,13,2,0,0,0,0,1,3,7,0,0.0,7128.0,12.0,False,False,False,False,True,False,True,True,False,False
15.6,1080.0,47.52,19,20,1,0,0,0,0,0,1,3,0,0.0,5832.0,8.0,False,False,False,False,True,False,True,False,False,False
21.715,1080.0,60.48,14,13,2,0,0,0,0,1,3,7,0,0.0,7128.0,12.0,False,False,False,False,True,False,True,True,False,False
17.5,1080.0,56.16,14,13,2,0,0,0,0,1,3,7,0,0.0,6696.0,11.0,False,False,False,False,True,False,True,False,False,True
11.46,540.0,37.8,14,13,2,0,0,0,0,1,3,7,0,0.0,4320.0,12.0,False,False,False,False,True,False,True,True,False,False
17.54,2160.0,64.8,19,20,1,0,0,0,0,0,1,3,0,0.0,8640.0,4.0,False,False,False,False,True,False,True,False,False,False
21.21,1080.0,60.48,14,13,2,0,0,0,0,1,3,7,0,0.0,7128.0,12.0,False,False,False,False,True,False,True,True,False,False
21.43,540.0,38.88,14,13,2,0,0,0,0,1,3,7,0,0.0,4428.0,11.0,False,False,False,False,True,False,True,False,False,True
17.5,1080.0,56.16,14,13,2,0,0,0,0,1,3,7,0,0.0,6696.0,11.0,False,False,False,False,True,False,True,False,False,True
21.715,1080.0,60.48,14,13,2,0,0,0,0,1,3,7,0,0.0,7128.0,12.0,False,False,False,False,True,False,True,True,False,False
42.25,12960.0,0.0,17,18,3,0,0,0,0,1,7,15,0,0.0,12960.0,12.0,False,False,False,False,True,True,False,False,False,False
18.8,5400.0,37.8,17,18,3,0,0,0,0,1,7,15,0,0.0,9180.0,6.0,False,False,False,False,True,False,True,False,False,False
36.56,4654.8,14.04,23,21,2,0,0,0,0,0,3,6,0,0.0,6058.8,7.0,False,False,False,False,True,False,True,True,False,False
17.0,540.0,46.44,23,21,2,0,0,0,0,0,3,6,0,0.0,5184.0,11.0,False,False,False,False,True,False,True,True,False,False
20.65,9072.0,0.0,14,13,2,0,0,0,0,1,3,7,0,0.0,9072.0,11.0,False,False,False,False,True,True,False,False,False,True
20.67,5400.0,48.6,14,13,2,0,0,0,0,1,3,7,0,0.0,10260.0,3.0,False,False,False,False,True,False,True,False,False,True
23.19,540.0,43.2,23,21,2,0,0,0,0,0,3,6,0,0.0,4860.0,11.0,False,False,False,False,True,False,True,False,False,False
88.95,10800.0,129.6,17,18,3,0,0,0,0,1,7,15,0,0.0,23760.0,4.0,False,False,False,False,True,False,True,False,False,False
88.95,10800.0,129.6,17,18,3,0,0,0,0,1,7,15,0,0.0,23760.0,4.0,False,False,False,False,True,False,True,False,False,False
21.21,1150.0,64.4,14,13,2,0,0,0,0,1,3,7,0,0.0,7590.000000000001,12.0,False,False,False,False,True,False,True,True,False,False
27.1,13800.0,0.0,17,18,3,0,0,0,0,1,7,15,0,0.0,13800.0,4.0,False,False,False,False,True,True,False,False,False,False
27.1,9200.0,23.0,17,18,3,0,0,0,0,1,7,15,0,0.0,11500.0,4.0,False,False,False,False,True,False,True,False,False,False
47.475,18400.0,0.0,17,18,3,0,0,0,0,1,7,15,0,0.0,18400.0,13.0,False,False,False,False,True,True,False,False,False,False
24.05,19550.0,0.0,14,13,2,0,0,0,0,1,3,7,0,0.0,19550.0,3.0,False,False,False,False,True,True,False,False,False,True
29.52,1150.0,78.2,14,13,2,0,0,0,0,1,3,7,0,0.0,8970.0,11.0,False,False,False,False,True,False,True,False,False,True
15.6,1150.0,57.5,19,20,1,0,0,0,0,0,1,3,0,0.0,6900.0,8.0,False,False,False,False,True,False,True,False,False,False
15.6,1150.0,55.2,19,20,1,0,0,0,0,0,1,3,0,0.0,6670.0,8.0,False,False,False,False,True,False,True,False,False,False
21.715,1150.0,64.4,14,13,2,0,0,0,0,1,3,7,0,0.0,7590.000000000001,12.0,False,False,False,False,True,False,True,True,False,False
14.09,2185.0,51.75,14,13,2,0,0,0,0,1,3,7,0,0.0,7360.0,13.0,False,False,False,False,True,False,True,False,False,True
13.63,575.0,36.8,17,18,3,0,0,0,0,1,7,15,0,0.0,4255.0,14.0,False,False,False,False,True,False,True,True,False,False
25.97,1150.0,74.75,14,13,2,0,0,0,0,1,3,7,0,0.0,8625.0,11.0,False,False,False,False,True,False,True,False,False,True
15.6,1150.0,58.65,19,20,1,0,0,0,0,0,1,3,0,0.0,7015.0,8.0,False,False,False,False,True,False,True,False,False,False
25.97,6900.0,46.0,14,13,2,0,0,0,0,1,3,7,0,0.0,11500.0,11.0,False,False,False,False,True,False,True,False,False,True
29.52,1150.0,74.75,14,13,2,0,0,0,0,1,3,7,0,0.0,8625.0,11.0,False,False,False,False,True,False,True,False,False,True
23.52,1150.0,57.5,23,21,2,0,0,0,0,0,3,6,0,0.0,6900.0,11.0,False,False,False,False,True,False,True,True,False,False
12.96,575.0,36.8,14,13,2,0,0,0,0,1,3,7,0,0.0,4255.0,12.0,False,False,False,False,True,False,True,True,False,False
17.5,1150.0,62.1,14,13,2,0,0,0,0,1,3,7,0,0.0,7360.0,11.0,False,False,False,False,True,False,True,False,False,True
24.42,1150.0,57.5,23,21,2,0,0,0,0,0,3,6,0,0.0,6900.0,11.0,False,False,False,False,True,False,True,True,False,False
12.4,575.0,42.55,14,13,2,0,0,0,0,1,3,7,0,0.0,4830.0,12.0,False,False,False,False,True,False,True,True,False,False
25.19,6900.0,11.5,14,13,2,0,0,0,0,1,3,7,0,0.0,8050.0,11.0,False,False,False,False,True,False,True,False,False,True
22.86,4945.0,57.5,17,18,3,0,0,0,0,1,7,15,0,0.0,10695.0,4.0,False,False,False,False,True,False,True,False,False,False
14.09,2185.0,51.75,14,13,2,0,0,0,0,1,3,7,0,0.0,7360.0,13.0,False,False,False,False,True,False,True,False,False,True
21.18,0.0,55.2,23,21,2,0,0,0,0,0,3,6,0,0.0,5520.0,11.0,False,False,False,False,True,False,True,True,False,False
38.85,15697.5,0.0,23,21,2,0,0,0,0,0,3,6,0,0.0,15697.5,11.0,False,False,False,False,True,True,False,False,False,False
14.61,3450.0,40.25,14,13,2,0,0,0,0,1,3,7,0,0.0,7475.0,13.0,False,False,False,False,True,False,True,False,False,True
15.6,1150.0,57.5,19,20,1,0,0,0,0,0,1,3,0,0.0,6900.0,8.0,False,False,False,False,True,False,True,False,False,False
38.85,15697.5,0.0,23,21,2,0,0,0,0,0,3,6,0,0.0,15697.5,11.0,False,False,False,False,True,True,False,False,False,False
27.1,2300.0,80.5,17,18,3,0,0,0,0,1,7,15,0,0.0,10350.0,4.0,False,False,False,False,True,False,True,False,False,False
13.6,2185.0,51.75,14,13,2,0,0,0,0,1,3,7,0,0.0,7360.0,13.0,False,False,False,False,True,False,True,False,False,True
16.03,4600.0,34.5,14,13,2,0,0,0,0,1,3,7,0,0.0,8050.0,13.0,False,False,False,False,True,False,True,False,False,True
17.5,1150.0,62.1,14,13,2,0,0,0,0,1,3,7,0,0.0,7360.0,11.0,False,False,False,False,True,False,True,False,False,True
23.21,16675.0,0.0,19,20,1,0,0,0,0,0,1,3,0,0.0,16675.0,3.0,False,False,False,False,True,True,False,False,False,False
16.48,4520.0,64.41,14,11,3,0,0,0,1,2,15,15,1,1.0,10961.0,4.0,False,False,False,False,True,False,True,False,False,False
46.14,19775.0,0.0,14,13,2,0,0,0,0,1,3,7,0,0.0,19775.0,11.0,False,False,False,False,True,True,False,False,False,True
17.5,2260.0,56.5,14,13,2,0,0,0,0,1,3,7,0,0.0,7910.0,11.0,False,False,False,False,True,False,True,False,False,True
17.5,2260.0,56.5,14,13,2,0,0,0,0,1,3,7,0,0.0,7910.0,11.0,False,False,False,False,True,False,True,False,False,True
19.3984,5650.0,45.2,17,18,3,0,0,0,0,1,7,15,0,0.0,10170.0,6.0,False,False,False,False,True,False,True,False,False,False
20.705,1130.0,63.28,14,13,2,0,0,0,0,1,3,7,0,0.0,7458.0,12.0,False,False,False,False,True,False,True,True,False,False
20.705,1130.0,63.28,14,13,2,0,0,0,0,1,3,7,0,0.0,7458.0,12.0,False,False,False,False,True,False,True,True,False,False
20.705,1130.0,63.28,14,13,2,0,0,0,0,1,3,7,0,0.0,7458.0,12.0,False,False,False,False,True,False,True,True,False,False
22.86,5650.0,56.5,17,18,3,0,0,0,0,1,7,15,0,0.0,11300.0,4.0,False,False,False,False,True,False,True,False,False,False
22.86,5650.0,54.24,17,18,3,0,0,0,0,1,7,15,0,0.0,11074.0,4.0,False,False,False,False,True,False,True,False,False,False
16.45,4520.0,65.54,14,11,3,0,0,0,1,2,15,15,1,1.0,11074.0,4.0,False,False,False,False,True,False,True,False,False,False
46.59,1421.54,44.07,19,20,1,0,0,0,0,0,1,3,0,0.0,5828.54,6.0,False,False,False,False,True,False,True,False,False,False
18.01,11300.0,0.0,17,18,3,0,0,0,0,1,7,15,0,0.0,11300.0,6.0,False,False,False,False,True,True,False,False,False,False
15.09,339.0,45.2,14,13,2,0,0,0,0,1,3,7,0,0.0,4859.0,14.0,False,False,False,False,True,False,True,False,False,True
14.54,2260.0,67.8,14,11,3,0,0,0,1,2,15,15,1,1.0,9040.0,4.0,False,False,False,False,True,False,True,False,False,False
22.06,1130.0,67.8,14,13,2,0,0,0,0,1,3,7,0,0.0,7910.0,12.0,False,False,False,False,True,False,True,True,False,False
21.715,1130.0,63.28,14,13,2,0,0,0,0,1,3,7,0,0.0,7458.0,12.0,False,False,False,False,True,False,True,True,False,False
15.6,1130.0,55.37,19,20,1,0,0,0,0,0,1,3,0,0.0,6667.0,8.0,False,False,False,False,True,False,True,False,False,False
21.43,1130.0,49.72,14,13,2,0,0,0,0,1,3,7,0,0.0,6102.0,11.0,False,False,False,False,True,False,True,False,False,True
24.05,19210.0,0.0,14,13,2,0,0,0,0,1,3,7,0,0.0,19210.0,3.0,False,False,False,False,True,True,False,False,False,True
24.05,19210.0,0.0,14,13,2,0,0,0,0,1,3,7,0,0.0,19210.0,3.0,False,False,False,False,True,True,False,False,False,True
21.21,1130.0,63.28,14,13,2,0,0,0,0,1,3,7,0,0.0,7458.0,12.0,False,False,False,False,True,False,True,True,False,False
21.43,1017.0,40.68,14,13,2,0,0,0,0,1,3,7,0,0.0,5085.0,11.0,False,False,False,False,True,False,True,False,False,True
48.26,0.0,38.42,19,20,1,0,0,0,0,0,1,3,0,0.0,3842.0,6.0,False,False,False,False,True,False,True,False,False,False
34.31,5650.0,101.7,14,13,2,0,0,0,0,1,3,7,0,0.0,15820.0,3.0,False,False,False,False,True,False,True,False,False,True
25.19,6780.0,19.21,14,13,2,0,0,0,0,1,3,7,0,0.0,8701.0,11.0,False,False,False,False,True,False,True,False,False,True
13.6,2147.0,50.85,14,13,2,0,0,0,0,1,3,7,0,0.0,7232.0,13.0,False,False,False,False,True,False,True,False,False,True
14.76,339.0,45.2,14,13,2,0,0,0,0,1,3,7,0,0.0,4859.0,14.0,False,False,False,False,True,False,True,False,False,True
20.67,15255.0,0.0,14,13,2,0,0,0,0,1,3,7,0,0.0,15255.0,3.0,False,False,False,False,True,True,False,False,False,True
16.45,4520.0,65.54,14,11,3,0,0,0,1,2,15,15,1,1.0,11074.0,4.0,False,False,False,False,True,False,True,False,False,False
23.19,565.0,49.72,23,21,2,0,0,0,0,0,3,6,0,0.0,5537.0,11.0,False,False,False,False,True,False,True,False,False,False
15.09,339.0,45.2,14,13,2,0,0,0,0,1,3,7,0,0.0,4859.0,14.0,False,False,False,False,True,False,True,False,False,True
19.3984,14690.0,0.0,17,18,3,0,0,0,0,1,7,15,0,0.0,14690.0,6.0,False,False,False,False,True,True,False,False,False,False
21.715,1130.0,63.28,14,13,2,0,0,0,0,1,3,7,0,0.0,7458.0,12.0,False,False,False,False,True,False,True,True,False,False
12.4,565.0,41.81,14,13,2,0,0,0,0,1,3,7,0,0.0,4746.0,12.0,False,False,False,False,True,False,True,True,False,False
12.4,565.0,41.81,14,13,2,0,0,0,0,1,3,7,0,0.0,4746.0,12.0,False,False,False,False,True,False,True,True,False,False
16.45,2260.0,74.58,14,11,3,0,0,0,1,2,15,15,1,1.0,9718.0,4.0,False,False,False,False,True,False,True,False,False,False
17.5,2260.0,36.16,14,13,2,0,0,0,0,1,3,7,0,0.0,5876.0,11.0,False,False,False,False,True,False,True,False,False,True
19.7272,15255.0,0.0,17,18,3,0,0,0,0,1,7,15,0,0.0,15255.0,6.0,False,False,False,False,True,True,False,False,False,False
18.01,11300.0,0.0,17,18,3,0,0,0,0,1,7,15,0,0.0,11300.0,6.0,False,False,False,False,True,True,False,False,False,False
18.57,14125.0,0.0,17,18,3,0,0,0,0,1,7,15,0,0.0,14125.0,6.0,False,False,False,False,True,True,False,False,False,False
19.3984,14238.0,0.0,17,18,3,0,0,0,0,1,7,15,0,0.0,14238.0,6.0,False,False,False,False,True,True,False,False,False,False
23.05,2260.0,79.1,17,18,3,0,0,0,0,1,7,15,0,0.0,10170.0,4.0,False,False,False,False,True,False,True,False,False,False
18.9459,13560.0,0.0,17,18,3,0,0,0,0,1,7,15,0,0.0,13560.0,6.0,False,False,False,False,True,True,False,False,False,False
23.19,565.0,47.46,23,21,2,0,0,0,0,0,3,6,0,0.0,5311.0,11.0,False,False,False,False,True,False,True,False,False,False
19.3984,5650.0,45.2,17,18,3,0,0,0,0,1,7,15,0,0.0,10170.0,6.0,False,False,False,False,True,False,True,False,False,False
20.67,3390.0,73.45,14,13,2,0,0,0,0,1,3,7,0,0.0,10735.0,3.0,False,False,False,False,True,False,True,False,False,True
20.14,13560.0,0.0,17,18,3,0,0,0,0,1,7,15,0,0.0,13560.0,6.0,False,False,False,False,True,True,False,False,False,False
19.08,15820.0,0.0,19,20,1,0,0,0,0,0,1,3,0,0.0,15820.0,4.0,False,False,False,False,True,True,False,False,False,False
19.7272,14690.0,0.0,17,18,3,0,0,0,0,1,7,15,0,0.0,14690.0,6.0,False,False,False,False,True,True,False,False,False,False
17.44,15820.0,0.0,14,13,2,0,0,0,0,1,3,7,0,0.0,15820.0,3.0,False,False,False,False,True,True,False,False,False,True
23.44,565.0,53.11,23,21,2,0,0,0,0,0,3,6,0,0.0,5876.0,11.0,False,False,False,False,True,False,True,False,False,False
20.67,15255.0,0.0,14,13,2,0,0,0,0,1,3,7,0,0.0,15255.0,3.0,False,False,False,False,True,True,False,False,False,True
24.05,18645.0,0.0,14,13,2,0,0,0,0,1,3,7,0,0.0,18645.0,3.0,False,False,False,False,True,True,False,False,False,True
34.36,20905.0,0.0,14,13,2,0,0,0,0,1,3,7,0,0.0,20905.0,3.0,False,False,False,False,True,True,False,False,False,True
34.31,5650.0,101.7,14,13,2,0,0,0,0,1,3,7,0,0.0,15820.0,3.0,False,False,False,False,True,False,True,False,False,True
20.67,7910.0,45.2,14,13,2,0,0,0,0,1,3,7,0,0.0,12430.0,3.0,False,False,False,False,True,False,True,False,False,True
20.67,5650.0,66.67,14,13,2,0,0,0,0,1,3,7,0,0.0,12317.0,3.0,False,False,False,False,True,False,True,False,False,True
23.37,7910.0,42.94,14,13,2,0,0,0,0,1,3,7,0,0.0,12204.0,3.0,False,False,False,False,True,False,True,False,False,True
19.29,18080.0,0.0,14,13,2,0,0,0,0,1,3,7,0,0.0,18080.0,3.0,False,False,False,False,True,True,False,False,False,True
18.9459,14690.0,0.0,17,18,3,0,0,0,0,1,7,15,0,0.0,14690.0,6.0,False,False,False,False,True,True,False,False,False,False
17.3762,17515.0,0.0,17,18,3,0,0,0,0,1,7,15,0,0.0,17515.0,6.0,False,False,False,False,True,True,False,False,False,False
19.7272,15820.0,0.0,17,18,3,0,0,0,0,1,7,15,0,0.0,15820.0,6.0,False,False,False,False,True,True,False,False,False,False
19.3984,11300.0,0.0,17,18,3,0,0,0,0,1,7,15,0,0.0,11300.0,6.0,False,False,False,False,True,True,False,False,False,False
18.9459,12430.0,0.0,17,18,3,0,0,0,0,1,7,15,0,0.0,12430.0,6.0,False,False,False,False,True,True,False,False,False,False
19.7272,11300.0,28.25,17,18,3,0,0,0,0,1,7,15,0,0.0,14125.0,6.0,False,False,False,False,True,False,True,False,False,False
17.6614,16837.0,0.0,17,18,3,0,0,0,0,1,7,15,0,0.0,16837.0,6.0,False,False,False,False,True,True,False,False,False,False
19.3984,5650.0,50.85,17,18,3,0,0,0,0,1,7,15,0,0.0,10735.0,6.0,False,False,False,False,True,False,True,False,False,False
19.3984,16950.0,0.0,17,18,3,0,0,0,0,1,7,15,0,0.0,16950.0,6.0,False,False,False,False,True,True,False,False,False,False
19.7272,16950.0,0.0,17,18,3,0,0,0,0,1,7,15,0,0.0,16950.0,6.0,False,False,False,False,True,True,False,False,False,False
19.3984,12430.0,0.0,17,18,3,0,0,0,0,1,7,15,0,0.0,12430.0,6.0,False,False,False,False,True,True,False,False,False,False
19.3984,14690.0,0.0,17,18,3,0,0,0,0,1,7,15,0,0.0,14690.0,6.0,False,False,False,False,True,True,False,False,False,False
19.7272,16385.0,0.0,17,18,3,0,0,0,0,1,7,15,0,0.0,16385.0,6.0,False,False,False,False,True,True,False,False,False,False
19.3984,7910.0,33.9,17,18,3,0,0,0,0,1,7,15,0,0.0,11300.0,6.0,False,False,False,False,True,False,True,False,False,False
19.3984,5650.0,45.2,17,18,3,0,0,0,0,1,7,15,0,0.0,10170.0,6.0,False,False,False,False,True,False,True,False,False,False
19.3984,5650.0,42.94,17,18,3,0,0,0,0,1,7,15,0,0.0,9944.0,6.0,False,False,False,False,True,False,True,False,False,False
19.3984,5650.0,45.2,17,18,3,0,0,0,0,1,7,15,0,0.0,10170.0,6.0,False,False,False,False,True,False,True,False,False,False
19.7272,16950.0,0.0,17,18,3,0,0,0,0,1,7,15,0,0.0,16950.0,6.0,False,False,False,False,True,True,False,False,False,False
19.3984,13560.0,0.0,17,18,3,0,0,0,0,1,7,15,0,0.0,13560.0,6.0,False,False,False,False,True,True,False,False,False,False
19.3984,5650.0,45.2,17,18,3,0,0,0,0,1,7,15,0,0.0,10170.0,6.0,False,False,False,False,True,False,True,False,False,False
19.3984,14238.0,0.0,17,18,3,0,0,0,0,1,7,15,0,0.0,14238.0,6.0,False,False,False,False,True,True,False,False,False,False
22.86,14690.0,0.0,17,18,3,0,0,0,0,1,7,15,0,0.0,14690.0,4.0,False,False,False,False,True,True,False,False,False,False
22.86,16950.0,0.0,17,18,3,0,0,0,0,1,7,15,0,0.0,16950.0,4.0,False,False,False,False,True,True,False,False,False,False
22.86,5650.0,0.0,17,18,3,0,0,0,0,1,7,15,0,0.0,5650.0,4.0,False,False,False,False,True,True,False,False,False,False
22.86,11300.0,16.95,17,18,3,0,0,0,0,1,7,15,0,0.0,12995.0,4.0,False,False,False,False,True,False,True,False,False,False
28.33,5650.0,64.41,17,18,3,0,0,0,0,1,7,15,0,0.0,12091.0,4.0,False,False,False,False,True,False,True,False,False,False
22.86,14690.0,0.0,17,18,3,0,0,0,0,1,7,15,0,0.0,14690.0,4.0,False,False,False,False,True,True,False,False,False,False
22.86,5650.0,50.85,17,18,3,0,0,0,0,1,7,15,0,0.0,10735.0,4.0,False,False,False,False,True,False,True,False,False,False
28.79,5650.0,67.8,17,18,3,0,0,0,0,1,7,15,0,0.0,12430.0,4.0,False,False,False,False,True,False,True,False,False,False
22.86,1130.0,90.4,17,18,3,0,0,0,0,1,7,15,0,0.0,10170.0,4.0,False,False,False,False,True,False,True,False,False,False
22.86,1130.0,90.4,17,18,3,0,0,0,0,1,7,15,0,0.0,10170.0,4.0,False,False,False,False,True,False,True,False,False,False
22.86,14690.0,0.0,17,18,3,0,0,0,0,1,7,15,0,0.0,14690.0,4.0,False,False,False,False,True,True,False,False,False,False
28.79,15820.0,0.0,17,18,3,0,0,0,0,1,7,15,0,0.0,15820.0,4.0,False,False,False,False,True,True,False,False,False,False
22.86,5650.0,50.85,17,18,3,0,0,0,0,1,7,15,0,0.0,10735.0,4.0,False,False,False,False,True,False,True,False,False,False
22.86,11300.0,33.9,17,18,3,0,0,0,0,1,7,15,0,0.0,14690.0,4.0,False,False,False,False,True,False,True,False,False,False
22.86,14690.0,0.0,17,18,3,0,0,0,0,1,7,15,0,0.0,14690.0,4.0,False,False,False,False,True,True,False,False,False,False
22.86,12430.0,33.9,17,18,3,0,0,0,0,1,7,15,0,0.0,15820.0,4.0,False,False,False,False,True,False,True,False,False,False
28.33,16385.0,0.0,17,18,3,0,0,0,0,1,7,15,0,0.0,16385.0,4.0,False,False,False,False,True,True,False,False,False,False
22.86,14690.0,0.0,17,18,3,0,0,0,0,1,7,15,0,0.0,14690.0,4.0,False,False,False,False,True,True,False,False,False,False
22.86,14690.0,0.0,17,18,3,0,0,0,0,1,7,15,0,0.0,14690.0,4.0,False,False,False,False,True,True,False,False,False,False
22.86,5650.0,56.5,17,18,3,0,0,0,0,1,7,15,0,0.0,11300.0,4.0,False,False,False,False,True,False,True,False,False,False
38.85,11300.0,67.8,19,20,1,0,0,0,0,0,1,3,0,0.0,18080.0,3.0,False,False,False,False,True,False,True,False,False,False
24.05,19210.0,0.0,14,13,2,0,0,0,0,1,3,7,0,0.0,19210.0,3.0,False,False,False,False,True,True,False,False,False,True
37.43,11300.0,45.2,14,13,2,0,0,0,0,1,3,7,0,0.0,15820.0,3.0,False,False,False,False,True,False,True,False,False,True
23.21,12430.0,0.0,19,20,1,0,0,0,0,0,1,3,0,0.0,12430.0,3.0,False,False,False,False,True,True,False,False,False,False
23.21,16385.0,0.0,19,20,1,0,0,0,0,0,1,3,0,0.0,16385.0,3.0,False,False,False,False,True,True,False,False,False,False
23.37,6780.0,50.85,14,13,2,0,0,0,0,1,3,7,0,0.0,11865.0,3.0,False,False,False,False,True,False,True,False,False,True
37.43,9040.0,50.85,14,13,2,0,0,0,0,1,3,7,0,0.0,14125.0,3.0,False,False,False,False,True,False,True,False,False,True
20.67,12430.0,0.0,14,13,2,0,0,0,0,1,3,7,0,0.0,12430.0,3.0,False,False,False,False,True,True,False,False,False,True
20.67,5650.0,50.85,14,13,2,0,0,0,0,1,3,7,0,0.0,10735.0,3.0,False,False,False,False,True,False,True,False,False,True
88.95,11300.0,135.6,17,18,3,0,0,0,0,1,7,15,0,0.0,24860.0,4.0,False,False,False,False,True,False,True,False,False,False
23.21,12430.0,0.0,19,20,1,0,0,0,0,0,1,3,0,0.0,12430.0,3.0,False,False,False,False,True,True,False,False,False,False
13.2,339.0,37.29,17,18,3,0,0,0,0,1,7,15,0,0.0,4068.0,14.0,False,False,False,False,True,False,True,True,False,False
23.21,5650.0,63.28,19,20,1,0,0,0,0,0,1,3,0,0.0,11978.0,3.0,False,False,False,False,True,False,True,False,False,False
18.9459,14690.0,0.0,17,18,3,0,0,0,0,1,7,15,0,0.0,14690.0,6.0,False,False,False,False,True,True,False,False,False,False
23.37,7910.0,42.94,14,13,2,0,0,0,0,1,3,7,0,0.0,12204.0,3.0,False,False,False,False,True,False,True,False,False,True
14.09,2147.0,28.25,14,13,2,0,0,0,0,1,3,7,0,0.0,4972.0,13.0,False,False,False,False,True,False,True,False,False,True
38.85,15424.5,0.0,23,21,2,0,0,0,0,0,3,6,0,0.0,15424.5,11.0,False,False,False,False,True,True,False,False,False,False
18.36,565.0,47.46,23,21,2,0,0,0,0,0,3,6,0,0.0,5311.0,11.0,False,False,False,False,True,False,True,False,False,False
36.13,17515.0,0.0,23,21,2,0,0,0,0,0,3,6,0,0.0,17515.0,7.0,False,False,False,False,True,True,False,True,False,False
28.84,7910.0,10.17,14,13,2,0,0,0,0,1,3,7,0,0.0,8927.0,11.0,False,False,False,False,True,False,True,False,False,True
21.715,1130.0,63.28,14,13,2,0,0,0,0,1,3,7,0,0.0,7458.0,12.0,False,False,False,False,True,False,True,True,False,False
48.26,56.5,38.42,19,20,1,0,0,0,0,0,1,3,0,0.0,3898.5,6.0,False,False,False,False,True,False,True,False,False,False
12.96,565.0,39.55,14,13,2,0,0,0,0,1,3,7,0,0.0,4520.0,12.0,False,False,False,False,True,False,True,True,False,False
29.14,6780.0,37.29,23,21,2,0,0,0,0,0,3,6,0,0.0,10509.0,11.0,False,False,False,False,True,False,True,True,False,False
29.14,6780.0,37.29,23,21,2,0,0,0,0,0,3,6,0,0.0,10509.0,11.0,False,False,False,False,True,False,True,True,False,False
50.89,19210.0,0.0,14,13,2,0,0,0,0,1,3,7,0,0.0,19210.0,11.0,False,False,False,False,True,True,False,False,False,True
50.89,19210.0,0.0,14,13,2,0,0,0,0,1,3,7,0,0.0,19210.0,11.0,False,False,False,False,True,True,False,False,False,True
15.39,1130.0,49.72,19,20,1,0,0,0,0,0,1,3,0,0.0,6102.0,8.0,False,False,False,False,True,False,True,False,False,False
25.97,1130.0,57.63,14,13,2,0,0,0,0,1,3,7,0,0.0,6893.0,11.0,False,False,False,False,True,False,True,False,False,True
16.56,565.0,45.2,14,13,2,0,0,0,0,1,3,7,0,0.0,5085.0,12.0,False,False,False,False,True,False,True,True,False,False
19.3984,14690.0,0.0,17,18,3,0,0,0,0,1,7,15,0,0.0,14690.0,6.0,False,False,False,False,True,True,False,False,False,False
25.97,1130.0,73.45,14,13,2,0,0,0,0,1,3,7,0,0.0,8475.0,11.0,False,False,False,False,True,False,True,False,False,True
29.52,1130.0,73.45,14,13,2,0,0,0,0,1,3,7,0,0.0,8475.0,11.0,False,False,False,False,True,False,True,False,False,True
19.7272,15820.0,0.0,17,18,3,0,0,0,0,1,7,15,0,0.0,15820.0,6.0,False,False,False,False,True,True,False,False,False,False
22.86,14690.0,0.0,17,18,3,0,0,0,0,1,7,15,0,0.0,14690.0,4.0,False,False,False,False,True,True,False,False,False,False
22.86,14690.0,0.0,17,18,3,0,0,0,0,1,7,15,0,0.0,14690.0,4.0,False,False,False,False,True,True,False,False,False,False
22.44,11865.0,22.6,17,18,3,0,0,0,0,1,7,15,0,0.0,14125.0,4.0,False,False,False,False,True,False,True,False,False,False
19.7272,15820.0,0.0,17,18,3,0,0,0,0,1,7,15,0,0.0,15820.0,6.0,False,False,False,False,True,True,False,False,False,False
12.81,339.0,36.16,14,13,2,0,0,0,0,1,3,7,0,0.0,3954.9999999999995,12.0,False,False,False,False,True,False,True,True,False,False
12.81,339.0,36.16,14,13,2,0,0,0,0,1,3,7,0,0.0,3954.9999999999995,12.0,False,False,False,False,True,False,True,True,False,False
22.86,14690.0,0.0,17,18,3,0,0,0,0,1,7,15,0,0.0,14690.0,4.0,False,False,False,False,True,True,False,False,False,False
11.46,339.0,39.55,14,13,2,0,0,0,0,1,3,7,0,0.0,4294.0,12.0,False,False,False,False,True,False,True,True,False,False
17.5,1130.0,58.76,14,13,2,0,0,0,0,1,3,7,0,0.0,7006.0,11.0,False,False,False,False,True,False,True,False,False,True
20.14,14125.0,0.0,17,18,3,0,0,0,0,1,7,15,0,0.0,14125.0,6.0,False,False,False,False,True,True,False,False,False,False
22.86,11300.0,33.9,17,18,3,0,0,0,0,1,7,15,0,0.0,14690.0,4.0,False,False,False,False,True,False,True,False,False,False
59.87,15820.0,16.95,17,18,3,0,0,0,0,1,7,15,0,0.0,17515.0,12.0,False,False,False,False,True,False,True,False,False,False
22.86,13560.0,0.0,17,18,3,0,0,0,0,1,7,15,0,0.0,13560.0,4.0,False,False,False,False,True,True,False,False,False,False
19.3984,13560.0,0.0,17,18,3,0,0,0,0,1,7,15,0,0.0,13560.0,6.0,False,False,False,False,True,True,False,False,False,False
22.86,5650.0,56.5,17,18,3,0,0,0,0,1,7,15,0,0.0,11300.0,4.0,False,False,False,False,True,False,True,False,False,False
19.3984,11300.0,0.0,17,18,3,0,0,0,0,1,7,15,0,0.0,11300.0,6.0,False,False,False,False,True,True,False,False,False,False
22.86,14690.0,0.0,17,18,3,0,0,0,0,1,7,15,0,0.0,14690.0,4.0,False,False,False,False,True,True,False,False,False,False
22.86,14690.0,0.0,17,18,3,0,0,0,0,1,7,15,0,0.0,14690.0,4.0,False,False,False,False,True,True,False,False,False,False
28.33,16385.0,0.0,17,18,3,0,0,0,0,1,7,15,0,0.0,16385.0,4.0,False,False,False,False,True,True,False,False,False,False
22.86,14690.0,0.0,17,18,3,0,0,0,0,1,7,15,0,0.0,14690.0,4.0,False,False,False,False,True,True,False,False,False,False
15.39,1130.0,49.72,19,20,1,0,0,0,0,0,1,3,0,0.0,6102.0,8.0,False,False,False,False,True,False,True,False,False,False
18.8,12430.0,0.0,17,18,3,0,0,0,0,1,7,15,0,0.0,12430.0,6.0,False,False,False,False,True,True,False,False,False,False
22.86,14690.0,0.0,17,18,3,0,0,0,0,1,7,15,0,0.0,14690.0,4.0,False,False,False,False,True,True,False,False,False,False
22.86,11300.0,16.95,17,18,3,0,0,0,0,1,7,15,0,0.0,12995.0,4.0,False,False,False,False,True,False,True,False,False,False
20.14,13560.0,0.0,17,18,3,0,0,0,0,1,7,15,0,0.0,13560.0,6.0,False,False,False,False,True,True,False,False,False,False
28.33,11300.0,22.6,17,18,3,0,0,0,0,1,7,15,0,0.0,13560.0,4.0,False,False,False,False,True,False,True,False,False,False
28.33,5650.0,64.41,17,18,3,0,0,0,0,1,7,15,0,0.0,12091.0,4.0,False,False,False,False,True,False,True,False,False,False
24.42,565.0,56.5,23,21,2,0,0,0,0,0,3,6,0,0.0,6215.0,11.0,False,False,False,False,True,False,True,True,False,False
58.54,13370.16,10.17,19,20,1,0,0,0,0,0,1,3,0,0.0,14387.16,6.0,False,False,False,False,True,False,True,False,False,False
22.8,12430.0,0.0,23,21,2,0,0,0,0,0,3,6,0,0.0,12430.0,2.0,False,False,False,False,True,True,False,False,False,False
47.08,3828.44,29.38,19,20,1,0,0,0,0,0,1,3,0,0.0,6766.4400000000005,6.0,False,False,False,False,True,False,True,False,False,False
28.79,15820.0,0.0,17,18,3,0,0,0,0,1,7,15,0,0.0,15820.0,4.0,False,False,False,False,True,True,False,False,False,False
22.86,1130.0,90.4,17,18,3,0,0,0,0,1,7,15,0,0.0,10170.0,4.0,False,False,False,False,True,False,True,False,False,False
28.79,15820.0,0.0,17,18,3,0,0,0,0,1,7,15,0,0.0,15820.0,4.0,False,False,False,False,True,True,False,False,False,False
28.79,5650.0,67.8,17,18,3,0,0,0,0,1,7,15,0,0.0,12430.0,4.0,False,False,False,False,True,False,True,False,False,False
28.79,15820.0,0.0,17,18,3,0,0,0,0,1,7,15,0,0.0,15820.0,4.0,False,False,False,False,True,True,False,False,False,False
44.52,16950.0,0.0,17,18,3,0,0,0,0,1,7,15,0,0.0,16950.0,4.0,False,False,False,False,True,True,False,False,False,False
44.52,16950.0,0.0,17,18,3,0,0,0,0,1,7,15,0,0.0,16950.0,4.0,False,False,False,False,True,True,False,False,False,False
14.13,2260.0,73.45,23,21,2,0,0,0,0,0,3,6,0,0.0,9605.0,2.0,False,False,False,False,True,False,True,False,False,False
14.13,2260.0,73.45,23,21,2,0,0,0,0,0,3,6,0,0.0,9605.0,2.0,False,False,False,False,True,False,True,False,False,False
20.64,11300.0,11.3,19,20,1,0,0,0,0,0,1,3,0,0.0,12430.0,3.0,False,False,False,False,True,False,True,False,False,False
20.64,12430.0,0.0,19,20,1,0,0,0,0,0,1,3,0,0.0,12430.0,3.0,False,False,False,False,True,True,False,False,False,False
20.64,12430.0,0.0,19,20,1,0,0,0,0,0,1,3,0,0.0,12430.0,3.0,False,False,False,False,True,True,False,False,False,False
18.59,3390.0,67.8,23,21,2,0,0,0,0,0,3,6,0,0.0,10170.0,2.0,False,False,False,False,True,False,True,False,False,False
19.7272,5650.0,45.2,17,18,3,0,0,0,0,1,7,15,0,0.0,10170.0,6.0,False,False,False,False,True,False,True,False,False,False
22.86,5650.0,50.85,17,18,3,0,0,0,0,1,7,15,0,0.0,10735.0,4.0,False,False,False,False,True,False,True,False,False,False
38.59,13978.1,0.0,17,18,3,0,0,0,0,1,7,15,0,0.0,13978.1,12.0,False,False,False,False,True,True,False,False,False,False
18.72,9040.0,20.34,19,20,1,0,0,0,0,0,1,3,0,0.0,11074.0,3.0,False,False,False,False,True,False,True,False,False,False
18.72,9040.0,20.34,19,20,1,0,0,0,0,0,1,3,0,0.0,11074.0,3.0,False,False,False,False,True,False,True,False,False,False
18.59,5650.0,56.5,23,21,2,0,0,0,0,0,3,6,0,0.0,11300.0,2.0,False,False,False,False,True,False,True,False,False,False
22.86,5650.0,56.5,17,18,3,0,0,0,0,1,7,15,0,0.0,11300.0,4.0,False,False,False,False,True,False,True,False,False,False
22.8,12430.0,0.0,23,21,2,0,0,0,0,0,3,6,0,0.0,12430.0,2.0,False,False,False,False,True,True,False,False,False,False
22.8,12430.0,0.0,23,21,2,0,0,0,0,0,3,6,0,0.0,12430.0,2.0,False,False,False,False,True,True,False,False,False,False
25.39,5650.0,62.15,23,21,2,0,0,0,0,0,3,6,0,0.0,11865.0,2.0,False,False,False,False,True,False,True,False,False,False
21.36,5650.0,62.15,23,21,2,0,0,0,0,0,3,6,0,0.0,11865.0,2.0,False,False,False,False,True,False,True,False,False,False
18.59,2825.0,67.8,23,21,2,0,0,0,0,0,3,6,0,0.0,9605.0,2.0,False,False,False,False,True,False,True,False,False,False
18.59,5650.0,56.5,23,21,2,0,0,0,0,0,3,6,0,0.0,11300.0,2.0,False,False,False,False,True,False,True,False,False,False
37.51,20340.0,0.0,23,21,2,0,0,0,0,0,3,6,0,0.0,20340.0,2.0,False,False,False,False,True,True,False,False,False,False
25.39,13560.0,0.0,23,21,2,0,0,0,0,0,3,6,0,0.0,13560.0,2.0,False,False,False,False,True,True,False,False,False,False
31.56,15820.0,0.0,23,21,2,0,0,0,0,0,3,6,0,0.0,15820.0,2.0,False,False,False,False,True,True,False,False,False,False
36.05,20340.0,0.0,23,21,2,0,0,0,0,0,3,6,0,0.0,20340.0,2.0,False,False,False,False,True,True,False,False,False,False
37.51,20340.0,0.0,23,21,2,0,0,0,0,0,3,6,0,0.0,20340.0,2.0,False,False,False,False,True,True,False,False,False,False
18.59,2260.0,73.45,23,21,2,0,0,0,0,0,3,6,0,0.0,9605.0,2.0,False,False,False,False,True,False,True,False,False,False
25.39,5650.0,62.15,23,21,2,0,0,0,0,0,3,6,0,0.0,11865.0,2.0,False,False,False,False,True,False,True,False,False,False
25.39,5650.0,62.15,23,21,2,0,0,0,0,0,3,6,0,0.0,11865.0,2.0,False,False,False,False,True,False,True,False,False,False
19.7272,5650.0,45.2,17,18,3,0,0,0,0,1,7,15,0,0.0,10170.0,6.0,False,False,False,False,True,False,True,False,False,False
19.3984,5650.0,45.2,17,18,3,0,0,0,0,1,7,15,0,0.0,10170.0,6.0,False,False,False,False,True,False,True,False,False,False
35.24,226.0,56.5,23,21,2,0,0,0,0,0,3,6,0,0.0,5876.0,28.0,False,False,False,False,True,False,True,False,False,False
25.39,13560.0,0.0,23,21,2,0,0,0,0,0,3,6,0,0.0,13560.0,2.0,False,False,False,False,True,True,False,False,False,False
20.67,5650.0,56.5,14,13,2,0,0,0,0,1,3,7,0,0.0,11300.0,3.0,False,False,False,False,True,False,True,False,False,True
20.67,5650.0,56.5,14,13,2,0,0,0,0,1,3,7,0,0.0,11300.0,3.0,False,False,False,False,True,False,True,False,False,True
23.05,2260.0,79.1,17,18,3,0,0,0,0,1,7,15,0,0.0,10170.0,4.0,False,False,False,False,True,False,True,False,False,False
19.3984,5650.0,45.2,17,18,3,0,0,0,0,1,7,15,0,0.0,10170.0,6.0,False,False,False,False,True,False,True,False,False,False
21.18,1130.0,56.5,23,21,2,0,0,0,0,0,3,6,0,0.0,6780.0,11.0,False,False,False,False,True,False,True,True,False,False
19.3984,5650.0,42.94,17,18,3,0,0,0,0,1,7,15,0,0.0,9944.0,6.0,False,False,False,False,True,False,True,False,False,False
29.14,14690.0,0.0,23,21,2,0,0,0,0,0,3,6,0,0.0,14690.0,11.0,False,False,False,False,True,True,False,True,False,False
13.2,339.0,38.42,17,18,3,0,0,0,0,1,7,15,0,0.0,4181.0,14.0,False,False,False,False,True,False,True,True,False,False
20.0,500.0,39.0,106,48,5,0,2,2,1,0,12,15,1,2.0,4400.0,25.0,True,False,False,False,False,False,True,False,False,True
27.0,300.0,50.0,18,21,5,0,2,0,1,1,15,15,0,2.0,5300.0,14.0,True,False,False,False,False,False,True,False,False,True
23.8,500.0,40.0,28,22,5,0,1,2,3,0,15,15,1,9.0,4500.0,25.0,True,False,False,False,False,False,True,False,False,True
26.0,500.0,43.0,84,39,1,0,0,0,0,0,1,2,0,0.0,4800.0,25.0,True,False,False,False,False,False,True,False,False,True
23.0,500.0,41.0,84,39,1,0,0,0,0,0,1,2,0,0.0,4600.0,26.0,True,False,False,False,False,False,True,False,False,True
57.0,0.0,75.0,106,48,5,0,2,2,1,0,12,15,1,2.0,7500.0,27.0,True,False,False,False,False,False,True,False,False,True
21.0,200.0,28.0,18,21,5,0,2,0,1,1,15,15,0,2.0,3000.0,24.0,True,False,False,False,False,False,True,True,False,False
22.0,0.0,20.0,106,48,5,0,2,2,1,0,12,15,1,2.0,2000.0,25.0,True,False,False,False,False,False,True,False,True,False
21.0,0.0,32.0,27,11,2,0,2,1,0,4,15,0,1,0.0,3200.0,25.0,True,False,False,False,False,False,True,False,False,False
26.0,0.0,35.0,14,11,3,0,0,0,1,2,15,15,1,1.0,3500.0,25.0,False,False,False,True,False,False,True,True,False,False
21.0,500.0,40.0,27,11,2,0,2,1,0,4,15,0,1,0.0,4500.0,25.0,True,False,False,False,False,False,True,False,False,False
20.0,300.0,32.0,18,21,5,0,2,0,1,1,15,15,0,2.0,3500.0,14.0,True,False,False,False,False,False,True,False,False,True
20.0,500.0,38.0,14,11,3,0,0,0,1,2,15,15,1,1.0,4300.0,27.0,False,False,False,True,False,False,True,True,False,False
20.0,500.0,36.0,22,14,3,0,2,1,1,1,15,15,1,3.0,4100.0,25.0,False,False,False,True,False,False,True,False,False,True
26.0,500.0,40.0,106,48,5,0,2,2,1,0,12,15,1,2.0,4500.0,27.0,True,False,False,False,False,False,True,True,False,False
20.0,500.0,41.0,106,48,5,0,2,2,1,0,12,15,1,2.0,4600.0,26.0,False,False,False,True,False,False,True,False,False,True
28.0,500.0,45.0,22,14,3,0,2,1,1,1,15,15,1,3.0,5000.0,27.0,True,False,False,False,False,False,True,False,False,True
22.86,300.0,36.0,14,11,3,0,0,0,1,2,15,15,1,1.0,3900.0,25.0,False,False,False,True,False,False,True,True,False,False
40.0,600.0,56.0,106,48,5,0,2,2,1,0,12,15,1,2.0,6200.0,25.0,True,False,False,False,False,False,True,False,False,True
22.86,300.0,36.0,14,11,3,0,0,0,1,2,15,15,1,1.0,3900.0,25.0,True,False,False,False,False,False,True,True,False,False
28.0,500.0,45.0,28,22,5,0,1,2,3,0,15,15,1,9.0,5000.0,26.0,True,False,False,False,False,False,True,False,False,True
23.0,500.0,44.0,106,48,5,0,2,2,1,0,12,15,1,2.0,4900.0,24.0,True,False,False,False,False,False,True,False,True,False
26.4,200.0,32.0,106,48,5,0,2,2,1,0,12,15,1,2.0,3400.0,27.0,False,False,False,True,False,False,True,False,False,True
23.0,0.0,20.0,14,11,3,0,0,0,1,2,15,15,1,1.0,2000.0,25.0,True,False,False,False,False,False,True,True,False,False
26.0,300.0,39.0,102,37,6,0,3,0,0,1,9,15,0,1.0,4200.0,26.0,True,False,False,False,False,False,True,True,False,False
25.0,500.0,40.0,14,11,3,0,0,0,1,2,15,15,1,1.0,4500.0,26.0,True,False,False,False,False,False,True,True,False,False
26.0,0.0,16.0,18,21,5,0,2,0,1,1,15,15,0,2.0,1600.0,25.0,True,False,False,False,False,False,True,False,False,True
22.0,300.0,41.0,22,14,3,0,2,1,1,1,15,15,1,3.0,4400.0,27.0,True,False,False,False,False,False,True,False,False,True
22.0,300.0,38.0,28,22,5,0,1,2,3,0,15,15,1,9.0,4100.0,26.0,True,False,False,False,False,False,True,False,False,True
20.0,0.0,31.0,106,48,5,0,2,2,1,0,12,15,1,2.0,3100.0,14.0,True,False,False,False,False,False,True,False,True,False
22.0,300.0,41.0,22,14,3,0,2,1,1,1,15,15,1,3.0,4400.0,27.0,True,False,False,False,False,False,True,False,False,True
20.0,500.0,42.0,14,11,3,0,0,0,1,2,15,15,1,1.0,4700.0,27.0,True,False,False,False,False,False,True,True,False,False
22.0,0.0,29.0,106,48,5,0,2,2,1,0,12,15,1,2.0,2900.0,25.0,True,False,False,False,False,False,True,False,True,False
24.0,500.0,41.0,22,14,3,0,2,1,1,1,15,15,1,3.0,4600.0,25.0,True,False,False,False,False,False,True,False,False,True
24.0,500.0,44.0,106,48,5,0,2,2,1,0,12,15,1,2.0,4900.0,26.0,True,False,False,False,False,False,True,False,False,True
26.0,500.0,44.0,106,48,5,0,2,2,1,0,12,15,1,2.0,4900.0,26.0,True,False,False,False,False,False,True,False,False,True
23.0,300.0,35.0,27,11,2,0,2,1,0,4,15,0,1,0.0,3800.0,25.0,False,False,False,True,False,False,True,False,False,False
20.0,200.0,31.0,106,48,5,0,2,2,1,0,12,15,1,2.0,3300.0,16.0,True,False,False,False,False,False,True,False,False,True
22.0,500.0,42.0,106,48,5,0,2,2,1,0,12,15,1,2.0,4700.0,25.0,True,False,False,False,False,False,True,False,False,True
22.0,500.0,35.0,106,48,5,0,2,2,1,0,12,15,1,2.0,4000.0,26.0,False,False,False,True,False,False,True,False,True,False
30.0,300.0,50.0,18,21,5,0,2,0,1,1,15,15,0,2.0,5300.0,14.0,True,False,False,False,False,False,True,False,False,True
24.0,500.0,40.0,28,22,5,0,1,2,3,0,15,15,1,9.0,4500.0,25.0,True,False,False,False,False,False,True,False,False,True
25.0,500.0,43.0,18,21,5,0,2,0,1,1,15,15,0,2.0,4800.0,26.0,True,False,False,False,False,False,True,False,False,True
26.0,0.0,20.0,106,48,5,0,2,2,1,0,12,15,1,2.0,2000.0,25.0,False,False,False,True,False,False,True,False,False,True
45.0,500.0,70.0,18,21,5,0,2,0,1,1,15,15,0,2.0,7500.0,28.0,True,False,False,False,False,False,True,True,False,False
29.59,500.0,43.0,28,22,5,0,1,2,3,0,15,15,1,9.0,4800.0,26.0,True,False,False,False,False,False,True,False,False,True
20.0,500.0,36.0,18,21,5,0,2,0,1,1,15,15,0,2.0,4100.0,24.0,True,False,False,False,False,False,True,False,False,True
22.0,300.0,32.0,106,48,5,0,2,2,1,0,12,15,1,2.0,3500.0,25.0,False,False,False,True,False,False,True,False,False,True
26.0,500.0,43.0,28,22,5,0,1,2,3,0,15,15,1,9.0,4800.0,25.0,False,False,False,True,False,False,True,False,False,True
24.34,500.0,40.0,106,48,5,0,2,2,1,0,12,15,1,2.0,4500.0,25.0,True,False,False,False,False,False,True,False,True,False
22.0,0.0,11.0,14,11,3,0,0,0,1,2,15,15,1,1.0,1100.0,14.0,False,False,False,True,False,False,True,True,False,False
26.0,300.0,52.0,18,21,5,0,2,0,1,1,15,15,0,2.0,5500.0,26.0,True,False,False,False,False,False,True,False,False,True
24.0,500.0,55.0,18,21,5,0,2,0,1,1,15,15,0,2.0,6000.0,25.0,True,False,False,False,False,False,True,True,False,False
27.0,500.0,42.0,14,11,3,0,0,0,1,2,15,15,1,1.0,4700.0,28.0,False,False,False,True,False,False,True,True,False,False
23.0,500.0,41.0,106,48,5,0,2,2,1,0,12,15,1,2.0,4600.0,14.0,False,False,False,True,False,False,True,False,False,True
21.0,500.0,41.0,18,21,5,0,2,0,1,1,15,15,0,2.0,4600.0,26.0,True,False,False,False,False,False,True,False,False,True
44.0,500.0,43.0,18,21,5,0,2,0,1,1,15,15,0,2.0,4800.0,27.0,True,False,False,False,False,False,True,False,False,True
48.0,500.0,65.0,14,11,3,0,0,0,1,2,15,15,1,1.0,7000.0,27.0,True,False,False,False,False,False,True,True,False,False
23.1,500.0,44.0,14,11,3,0,0,0,1,2,15,15,1,1.0,4900.0,14.0,True,False,False,False,False,False,True,True,False,False
26.0,500.0,44.0,106,48,5,0,2,2,1,0,12,15,1,2.0,4900.0,26.0,True,False,False,False,False,False,True,False,False,True
22.0,200.0,27.0,14,11,3,0,0,0,1,2,15,15,1,1.0,2900.0,26.0,True,False,False,False,False,False,True,True,False,False
24.0,500.0,45.0,18,21,5,0,2,0,1,1,15,15,0,2.0,5000.0,25.0,True,False,False,False,False,False,True,False,False,True
30.0,500.0,43.0,18,21,5,0,2,0,1,1,15,15,0,2.0,4800.0,26.0,True,False,False,False,False,False,True,True,False,False
27.0,0.0,34.0,14,11,3,0,0,0,1,2,15,15,1,1.0,3400.0,26.0,True,False,False,False,False,False,True,True,False,False
23.0,500.0,46.0,106,48,5,0,2,2,1,0,12,15,1,2.0,5100.0,25.0,True,False,False,False,False,False,True,False,False,True
23.0,500.0,45.0,84,39,1,0,0,0,0,0,1,2,0,0.0,5000.0,25.0,True,False,False,False,False,False,True,False,False,True
19.0,0.0,32.0,106,48,5,0,2,2,1,0,12,15,1,2.0,3200.0,14.0,True,False,False,False,False,False,True,False,True,False
22.0,500.0,40.0,22,14,3,0,2,1,1,1,15,15,1,3.0,4500.0,24.0,True,False,False,False,False,False,True,False,False,True
40.0,0.0,72.0,42,28,2,0,2,0,0,0,1,6,0,0.0,7200.0,4.0,True,False,False,False,False,False,True,False,False,False
50.0,0.0,35.0,14,11,3,0,0,0,1,2,15,15,1,1.0,3500.0,28.0,True,False,False,False,False,False,True,True,False,False
20.0,500.0,36.0,14,11,3,0,0,0,1,2,15,15,1,1.0,4100.0,26.0,True,False,False,False,False,False,True,True,False,False
22.0,300.0,40.0,28,22,5,0,1,2,3,0,15,15,1,9.0,4300.0,25.0,True,False,False,False,False,False,True,False,False,True
25.0,500.0,50.0,22,14,3,0,2,1,1,1,15,15,1,3.0,5500.0,22.0,True,False,False,False,False,False,True,False,False,True
26.0,500.0,43.0,22,14,3,0,2,1,1,1,15,15,1,3.0,4800.0,25.0,True,False,False,False,False,False,True,False,False,True
23.0,500.0,36.0,106,48,5,0,2,2,1,0,12,15,1,2.0,4100.0,27.0,True,False,False,False,False,False,True,False,False,True
28.4,500.0,45.0,28,22,5,0,1,2,3,0,15,15,1,9.0,5000.0,23.0,True,False,False,False,False,False,True,False,False,True
24.0,500.0,46.0,14,11,3,0,0,0,1,2,15,15,1,1.0,5100.0,26.0,True,False,False,False,False,False,True,True,False,False
25.0,500.0,50.0,22,14,3,0,2,1,1,1,15,15,1,3.0,5500.0,14.0,True,False,False,False,False,False,True,False,False,True
25.0,500.0,44.0,14,11,3,0,0,0,1,2,15,15,1,1.0,4900.0,14.0,True,False,False,False,False,False,True,True,False,False
16.5,500.0,29.0,27,11,2,0,2,1,0,4,15,0,1,0.0,3400.0,23.0,True,False,False,False,False,False,True,False,False,False
24.0,500.0,43.0,28,22,5,0,1,2,3,0,15,15,1,9.0,4800.0,25.0,True,False,False,False,False,False,True,False,False,True
29.14,300.0,45.0,18,21,5,0,2,0,1,1,15,15,0,2.0,4800.0,27.0,True,False,False,False,False,False,True,False,False,True
21.76,500.0,21.0,27,11,2,0,2,1,0,4,15,0,1,0.0,2600.0,24.0,True,False,False,False,False,False,True,False,False,False
21.0,500.0,41.0,106,48,5,0,2,2,1,0,12,15,1,2.0,4600.0,26.0,True,False,False,False,False,False,True,False,False,True
20.85,200.0,28.0,106,48,5,0,2,2,1,0,12,15,1,2.0,3000.0,25.0,True,False,False,False,False,False,True,False,False,True
23.0,500.0,41.0,84,39,1,0,0,0,0,0,1,2,0,0.0,4600.0,26.0,True,False,False,False,False,False,True,False,False,True
21.0,0.0,15.0,22,14,3,0,2,1,1,1,15,15,1,3.0,1500.0,28.0,True,False,False,False,False,False,True,False,False,True
21.0,500.0,42.0,22,14,3,0,2,1,1,1,15,15,1,3.0,4700.0,25.0,True,False,False,False,False,False,True,False,False,True
26.4,500.0,46.0,14,11,3,0,0,0,1,2,15,15,1,1.0,5100.0,26.0,False,False,False,True,False,False,True,True,False,False
23.0,500.0,39.0,18,21,5,0,2,0,1,1,15,15,0,2.0,4400.0,25.0,True,False,False,False,False,False,True,False,False,True
24.0,500.0,47.0,14,11,3,0,0,0,1,2,15,15,1,1.0,5200.0,26.0,True,False,False,False,False,False,True,True,False,False
30.0,300.0,50.0,18,21,5,0,2,0,1,1,15,15,0,2.0,5300.0,14.0,True,False,False,False,False,False,True,False,False,True
23.0,500.0,35.0,27,11,2,0,2,1,0,4,15,0,1,0.0,4000.0,25.0,False,False,False,True,False,False,True,False,False,False
50.0,0.0,76.0,22,14,3,0,2,1,1,1,15,15,1,3.0,7600.0,22.0,True,False,False,False,False,False,True,False,False,True
21.0,500.0,36.0,106,48,5,0,2,2,1,0,12,15,1,2.0,4100.0,25.0,True,False,False,False,False,False,True,False,False,True
24.0,500.0,50.0,14,11,3,0,0,0,1,2,15,15,1,1.0,5500.0,14.0,True,False,False,False,False,False,True,True,False,False
27.0,500.0,41.0,14,11,3,0,0,0,1,2,15,15,1,1.0,4600.0,26.0,True,False,False,False,False,False,True,True,False,False
26.0,500.0,45.0,18,21,5,0,2,0,1,1,15,15,0,2.0,5000.0,25.0,True,False,False,False,False,False,True,False,False,True
240.8,500.0,45.0,106,48,5,0,2,2,1,0,12,15,1,2.0,5000.0,25.0,False,False,False,True,False,False,True,True,False,False
31.03,500.0,38.0,27,11,2,0,2,1,0,4,15,0,1,0.0,4300.0,22.0,False,False,False,True,False,False,True,False,False,False
31.0,700.0,40.0,27,11,2,0,2,1,0,4,15,0,1,0.0,4700.0,22.0,True,False,False,False,False,False,True,False,False,False
29.0,500.0,42.0,18,21,5,0,2,0,1,1,15,15,0,2.0,4700.0,27.0,True,False,False,False,False,False,True,False,False,True
28.88,500.0,43.0,106,48,5,0,2,2,1,0,12,15,1,2.0,4800.0,26.0,True,False,False,False,False,False,True,False,False,True
26.0,300.0,41.0,28,22,5,0,1,2,3,0,15,15,1,9.0,4400.0,26.0,True,False,False,False,False,False,True,False,False,True
22.0,500.0,43.0,106,48,5,0,2,2,1,0,12,15,1,2.0,4800.0,25.0,True,False,False,False,False,False,True,False,False,True
18.0,500.0,43.0,22,14,3,0,2,1,1,1,15,15,1,3.0,4800.0,24.0,True,False,False,False,False,False,True,False,False,True
28.0,500.0,49.0,106,48,5,0,2,2,1,0,12,15,1,2.0,5400.0,25.0,True,False,False,False,False,False,True,False,True,False
20.0,500.0,35.0,18,21,5,0,2,0,1,1,15,15,0,2.0,4000.0,24.0,True,False,False,False,False,False,True,False,False,True
25.0,300.0,34.0,84,39,1,0,0,0,0,0,1,2,0,0.0,3700.0,25.0,True,False,False,False,False,False,True,False,False,True
37.0,0.0,66.0,18,21,5,0,2,0,1,1,15,15,0,2.0,6600.0,24.0,True,False,False,False,False,False,True,False,False,True
26.0,500.0,45.0,18,21,5,0,2,0,1,1,15,15,0,2.0,5000.0,25.0,False,False,False,True,False,False,True,False,False,True
26.0,0.0,40.0,18,21,5,0,2,0,1,1,15,15,0,2.0,4000.0,26.0,True,False,False,False,False,False,True,False,False,True
22.0,300.0,42.0,14,11,3,0,0,0,1,2,15,15,1,1.0,4500.0,25.0,True,False,False,False,False,False,True,True,False,False
28.0,300.0,45.0,22,14,3,0,2,1,1,1,15,15,1,3.0,4800.0,25.0,True,False,False,False,False,False,True,False,False,True
20.0,300.0,41.0,22,14,3,0,2,1,1,1,15,15,1,3.0,4400.0,27.0,True,False,False,False,False,False,True,False,False,True
26.4,500.0,50.0,84,39,1,0,0,0,0,0,1,2,0,0.0,5500.0,25.0,False,False,False,True,False,False,True,False,False,True
19.0,500.0,42.0,106,48,5,0,2,2,1,0,12,15,1,2.0,4700.0,26.0,True,False,False,False,False,False,True,False,False,True
25.76,400.0,47.0,106,48,5,0,2,2,1,0,12,15,1,2.0,5100.0,25.0,False,False,False,True,False,False,True,False,False,True
20.0,500.0,40.0,18,21,5,0,2,0,1,1,15,15,0,2.0,4500.0,26.0,True,False,False,False,False,False,True,False,False,True
24.0,500.0,39.0,18,21,5,0,2,0,1,1,15,15,0,2.0,4400.0,25.0,True,False,False,False,False,False,True,True,False,False
24.0,500.0,37.0,106,48,5,0,2,2,1,0,12,15,1,2.0,4200.0,27.0,True,False,False,False,False,False,True,False,False,True
26.0,500.0,40.0,27,11,2,0,2,1,0,4,15,0,1,0.0,4500.0,25.0,True,False,False,False,False,False,True,False,False,False
22.0,300.0,36.0,28,22,5,0,1,2,3,0,15,15,1,9.0,3900.0,25.0,True,False,False,False,False,False,True,False,False,True
26.0,300.0,41.0,28,22,5,0,1,2,3,0,15,15,1,9.0,4400.0,26.0,True,False,False,False,False,False,True,False,False,True
21.0,500.0,40.0,106,48,5,0,2,2,1,0,12,15,1,2.0,4500.0,26.0,True,False,False,False,False,False,True,False,False,True
22.0,500.0,41.0,106,48,5,0,2,2,1,0,12,15,1,2.0,4600.0,25.0,True,False,False,False,False,False,True,False,False,True
26.0,500.0,45.0,14,11,3,0,0,0,1,2,15,15,1,1.0,5000.0,26.0,False,False,False,True,False,False,True,True,False,False
39.0,0.0,55.0,22,14,3,0,2,1,1,1,15,15,1,3.0,5500.0,26.0,False,False,False,True,False,False,True,False,False,True
24.0,500.0,41.0,18,21,5,0,2,0,1,1,15,15,0,2.0,4600.0,26.0,True,False,False,False,False,False,True,False,False,True
24.41,500.0,46.0,18,21,5,0,2,0,1,1,15,15,0,2.0,5100.0,26.0,True,False,False,False,False,False,True,False,False,True
30.0,500.0,40.0,106,48,5,0,2,2,1,0,12,15,1,2.0,4500.0,26.0,True,False,False,False,False,False,True,False,False,True
28.0,500.0,45.0,18,21,5,0,2,0,1,1,15,15,0,2.0,5000.0,24.0,True,False,False,False,False,False,True,False,False,True
23.1,300.0,44.0,14,11,3,0,0,0,1,2,15,15,1,1.0,4700.0,26.0,True,False,False,False,False,False,True,True,False,False
24.34,500.0,40.0,106,48,5,0,2,2,1,0,12,15,1,2.0,4500.0,25.0,True,False,False,False,False,False,True,False,True,False
23.0,500.0,35.0,106,48,5,0,2,2,1,0,12,15,1,2.0,4000.0,26.0,True,False,False,False,False,False,True,False,False,True
23.0,500.0,45.0,18,21,5,0,2,0,1,1,15,15,0,2.0,5000.0,14.0,True,False,False,False,False,False,True,False,False,True
22.0,500.0,44.0,18,21,5,0,2,0,1,1,15,15,0,2.0,4900.0,26.0,False,False,False,True,False,False,True,False,False,True
19.83,300.0,32.0,42,28,2,0,2,0,0,0,1,6,0,0.0,3500.0,15.0,False,False,False,True,False,False,True,False,False,False
24.0,500.0,45.0,18,21,5,0,2,0,1,1,15,15,0,2.0,5000.0,14.0,True,False,False,False,False,False,True,False,False,True
28.88,500.0,43.0,106,48,5,0,2,2,1,0,12,15,1,2.0,4800.0,26.0,True,False,False,False,False,False,True,False,False,True
19.0,300.0,36.0,106,48,5,0,2,2,1,0,12,15,1,2.0,3900.0,26.0,True,False,False,False,False,False,True,False,False,True
23.0,500.0,42.0,18,21,5,0,2,0,1,1,15,15,0,2.0,4700.0,26.0,True,False,False,False,False,False,True,False,False,True
22.0,300.0,50.0,18,21,5,0,2,0,1,1,15,15,0,2.0,5300.0,14.0,True,False,False,False,False,False,True,False,False,True
19.0,0.0,42.0,106,48,5,0,2,2,1,0,12,15,1,2.0,4200.0,14.0,True,False,False,False,False,False,True,False,True,False
26.0,0.0,47.0,106,48,5,0,2,2,1,0,12,15,1,2.0,4700.0,14.0,True,False,False,False,False,False,True,False,True,False
20.0,500.0,40.0,106,48,5,0,2,2,1,0,12,15,1,2.0,4500.0,26.0,True,False,False,False,False,False,True,False,False,True
22.0,500.0,41.0,14,11,3,0,0,0,1,2,15,15,1,1.0,4600.0,25.0,True,False,False,False,False,False,True,True,False,False
24.0,500.0,40.0,106,48,5,0,2,2,1,0,12,15,1,2.0,4500.0,26.0,False,False,False,True,False,False,True,False,False,True
26.4,500.0,45.0,14,11,3,0,0,0,1,2,15,15,1,1.0,5000.0,25.0,False,False,False,True,False,False,True,True,False,False
25.0,500.0,40.0,27,11,2,0,2,1,0,4,15,0,1,0.0,4500.0,24.0,True,False,False,False,False,False,True,False,False,False
20.0,500.0,35.0,18,21,5,0,2,0,1,1,15,15,0,2.0,4000.0,14.0,True,False,False,False,False,False,True,False,False,True
25.0,500.0,50.0,22,14,3,0,2,1,1,1,15,15,1,3.0,5500.0,22.0,True,False,False,False,False,False,True,False,False,True
22.0,500.0,42.0,106,48,5,0,2,2,1,0,12,15,1,2.0,4700.0,25.0,True,False,False,False,False,False,True,True,False,False
30.0,500.0,45.0,28,22,5,0,1,2,3,0,15,15,1,9.0,5000.0,26.0,True,False,False,False,False,False,True,False,False,True
22.0,500.0,44.0,14,11,3,0,0,0,1,2,15,15,1,1.0,4900.0,25.0,True,False,False,False,False,False,True,True,False,False
30.0,500.0,50.0,22,14,3,0,2,1,1,1,15,15,1,3.0,5500.0,22.0,True,False,False,False,False,False,True,False,False,True
22.0,0.0,48.0,18,21,5,0,2,0,1,1,15,15,0,2.0,4800.0,23.0,False,False,False,True,False,False,True,True,False,False
22.0,500.0,40.0,14,11,3,0,0,0,1,2,15,15,1,1.0,4500.0,25.0,True,False,False,False,False,False,True,True,False,False
13.0,300.0,36.0,14,11,3,0,0,0,1,2,15,15,1,1.0,3900.0,25.0,True,False,False,False,False,False,True,True,False,False
30.0,500.0,50.0,22,14,3,0,2,1,1,1,15,15,1,3.0,5500.0,14.0,True,False,False,False,False,False,True,False,False,True
23.0,500.0,43.0,18,21,5,0,2,0,1,1,15,15,0,2.0,4800.0,25.0,False,False,False,True,False,False,True,False,False,True
24.0,500.0,40.0,22,14,3,0,2,1,1,1,15,15,1,3.0,4500.0,25.0,True,False,False,False,False,False,True,False,False,True
23.27,500.0,47.0,14,11,3,0,0,0,1,2,15,15,1,1.0,5200.0,25.0,True,False,False,False,False,False,True,True,False,False
25.0,300.0,45.0,22,14,3,0,2,1,1,1,15,15,1,3.0,4800.0,27.0,True,False,False,False,False,False,True,False,False,True
27.0,500.0,40.0,22,14,3,0,2,1,1,1,15,15,1,3.0,4500.0,27.0,True,False,False,False,False,False,True,False,False,True
25.0,500.0,47.0,106,48,5,0,2,2,1,0,12,15,1,2.0,5200.0,25.0,True,False,False,False,False,False,True,False,False,True
23.27,500.0,47.0,14,11,3,0,0,0,1,2,15,15,1,1.0,5200.0,25.0,True,False,False,False,False,False,True,True,False,False
23.0,500.0,43.0,18,21,5,0,2,0,1,1,15,15,0,2.0,4800.0,25.0,True,False,False,False,False,False,True,False,False,True
22.0,500.0,43.0,106,48,5,0,2,2,1,0,12,15,1,2.0,4800.0,25.0,True,False,False,False,False,False,True,False,False,True
21.0,500.0,40.0,27,11,2,0,2,1,0,4,15,0,1,0.0,4500.0,25.0,False,False,False,True,False,False,True,False,False,False
20.0,500.0,46.0,18,21,5,0,2,0,1,1,15,15,0,2.0,5100.0,28.0,True,False,False,False,False,False,True,False,False,True
23.0,500.0,39.0,106,48,5,0,2,2,1,0,12,15,1,2.0,4400.0,25.0,True,False,False,False,False,False,True,False,False,True
27.47,500.0,43.0,106,48,5,0,2,2,1,0,12,15,1,2.0,4800.0,25.0,False,False,False,True,False,False,True,False,False,True
20.0,500.0,46.0,18,21,5,0,2,0,1,1,15,15,0,2.0,5100.0,28.0,True,False,False,False,False,False,True,False,False,True
25.0,500.0,41.0,106,48,5,0,2,2,1,0,12,15,1,2.0,4600.0,25.0,True,False,False,False,False,False,True,False,False,True
20.0,500.0,40.0,27,11,2,0,2,1,0,4,15,0,1,0.0,4500.0,26.0,True,False,False,False,False,False,True,False,False,False
22.0,500.0,46.0,14,11,3,0,0,0,1,2,15,15,1,1.0,5100.0,25.0,True,False,False,False,False,False,True,True,False,False
26.4,500.0,48.0,84,39,1,0,0,0,0,0,1,2,0,0.0,5300.0,26.0,True,False,False,False,False,False,True,False,False,True
22.0,500.0,42.0,106,48,5,0,2,2,1,0,12,15,1,2.0,4700.0,25.0,True,False,False,False,False,False,True,False,False,True
21.7,500.0,25.0,27,11,2,0,2,1,0,4,15,0,1,0.0,3000.0,24.0,True,False,False,False,False,False,True,False,False,False
26.4,300.0,43.0,106,48,5,0,2,2,1,0,12,15,1,2.0,4600.0,26.0,True,False,False,False,False,False,True,False,True,False
240.8,500.0,40.0,106,48,5,0,2,2,1,0,12,15,1,2.0,4500.0,25.0,False,False,False,True,False,False,True,True,False,False
26.4,500.0,44.0,14,11,3,0,0,0,1,2,15,15,1,1.0,4900.0,26.0,True,False,False,False,False,False,True,True,False,False
21.0,500.0,41.0,18,21,5,0,2,0,1,1,15,15,0,2.0,4600.0,14.0,True,False,False,False,False,False,True,False,False,True
23.0,500.0,41.0,84,39,1,0,0,0,0,0,1,2,0,0.0,4600.0,14.0,True,False,False,False,False,False,True,False,False,True
25.0,500.0,46.0,18,21,5,0,2,0,1,1,15,15,0,2.0,5100.0,27.0,True,False,False,False,False,False,True,True,False,False
26.4,500.0,50.0,14,11,3,0,0,0,1,2,15,15,1,1.0,5500.0,22.0,True,False,False,False,False,False,True,True,False,False
20.0,300.0,36.0,22,14,3,0,2,1,1,1,15,15,1,3.0,3900.0,18.0,True,False,False,False,False,False,True,False,False,True
26.4,300.0,45.0,106,48,5,0,2,2,1,0,12,15,1,2.0,4800.0,25.0,True,False,False,False,False,False,True,False,False,True
25.76,200.0,28.0,106,48,5,0,2,2,1,0,12,15,1,2.0,3000.0,25.0,False,False,False,True,False,False,True,False,False,True
26.4,300.0,42.0,106,48,5,0,2,2,1,0,12,15,1,2.0,4500.0,25.0,True,False,False,False,False,False,True,False,False,True
56.0,0.0,65.0,28,22,5,0,1,2,3,0,15,15,1,9.0,6500.0,28.0,True,False,False,False,False,False,True,False,False,True
21.0,0.0,26.0,27,11,2,0,2,1,0,4,15,0,1,0.0,2600.0,25.0,True,False,False,False,False,False,True,False,False,False
40.0,500.0,60.0,27,11,2,0,2,1,0,4,15,0,1,0.0,6500.0,25.0,True,False,False,False,False,False,True,False,False,False
26.4,500.0,42.0,84,39,1,0,0,0,0,0,1,2,0,0.0,4700.0,25.0,True,False,False,False,False,False,True,False,False,True
26.4,500.0,45.0,18,21,5,0,2,0,1,1,15,15,0,2.0,5000.0,26.0,True,False,False,False,False,False,True,False,False,True
25.0,500.0,35.0,14,11,3,0,0,0,1,2,15,15,1,1.0,4000.0,24.0,True,False,False,False,False,False,True,True,False,False
24.0,500.0,46.0,28,22,5,0,1,2,3,0,15,15,1,9.0,5100.0,26.0,True,False,False,False,False,False,True,False,False,True
23.0,500.0,38.0,18,21,5,0,2,0,1,1,15,15,0,2.0,4300.0,25.0,True,False,False,False,False,False,True,False,False,True
36.0,500.0,50.0,106,48,5,0,2,2,1,0,12,15,1,2.0,5500.0,25.0,True,False,False,False,False,False,True,False,False,True
22.76,500.0,44.0,106,48,5,0,2,2,1,0,12,15,1,2.0,4900.0,25.0,False,False,False,True,False,False,True,True,False,False
23.0,500.0,45.0,106,48,5,0,2,2,1,0,12,15,1,2.0,5000.0,25.0,True,False,False,False,False,False,True,False,False,True
26.4,500.0,40.0,106,48,5,0,2,2,1,0,12,15,1,2.0,4500.0,25.0,True,False,False,False,False,False,True,False,False,True
22.0,500.0,41.0,14,11,3,0,0,0,1,2,15,15,1,1.0,4600.0,25.0,False,False,False,True,False,False,True,True,False,False
26.4,500.0,43.0,106,48,5,0,2,2,1,0,12,15,1,2.0,4800.0,25.0,True,False,False,False,False,False,True,False,False,True
26.0,500.0,40.0,106,48,5,0,2,2,1,0,12,15,1,2.0,4500.0,24.0,True,False,False,False,False,False,True,False,False,True
26.4,700.0,47.0,106,48,5,0,2,2,1,0,12,15,1,2.0,5400.0,14.0,True,False,False,False,False,False,True,False,False,True
22.0,500.0,45.0,106,48,5,0,2,2,1,0,12,15,1,2.0,5000.0,14.0,True,False,False,False,False,False,True,False,False,True
22.0,500.0,38.0,106,48,5,0,2,2,1,0,12,15,1,2.0,4300.0,25.0,True,False,False,False,False,False,True,True,False,False
23.0,500.0,41.0,84,39,1,0,0,0,0,0,1,2,0,0.0,4600.0,14.0,True,False,False,False,False,False,True,False,False,True
58.0,0.0,70.0,106,48,5,0,2,2,1,0,12,15,1,2.0,7000.0,28.0,True,False,False,False,False,False,True,False,False,True
26.0,500.0,42.0,106,48,5,0,2,2,1,0,12,15,1,2.0,4700.0,27.0,True,False,False,False,False,False,True,False,False,True
24.0,500.0,35.0,14,11,3,0,0,0,1,2,15,15,1,1.0,4000.0,25.0,True,False,False,False,False,False,True,True,False,False
19.83,500.0,43.0,18,21,5,0,2,0,1,1,15,15,0,2.0,4800.0,28.0,True,False,False,False,False,False,True,False,False,True
22.0,0.0,65.0,18,21,5,0,2,0,1,1,15,15,0,2.0,6500.0,14.0,True,False,False,False,False,False,True,False,False,True
26.0,500.0,44.0,18,21,5,0,2,0,1,1,15,15,0,2.0,4900.0,26.0,True,False,False,False,False,False,True,False,False,True
23.0,300.0,35.0,18,21,5,0,2,0,1,1,15,15,0,2.0,3800.0,14.0,True,False,False,False,False,False,True,False,False,True
27.0,500.0,36.0,18,21,5,0,2,0,1,1,15,15,0,2.0,4100.0,28.0,True,False,False,False,False,False,True,False,False,True
23.14,500.0,40.0,102,37,6,0,3,0,0,1,9,15,0,1.0,4500.0,14.0,True,False,False,False,False,False,True,True,False,False
20.85,500.0,40.0,106,48,5,0,2,2,1,0,12,15,1,2.0,4500.0,25.0,True,False,False,False,False,False,True,False,False,True
29.0,500.0,47.0,18,21,5,0,2,0,1,1,15,15,0,2.0,5200.0,14.0,True,False,False,False,False,False,True,False,False,True
26.0,300.0,41.0,28,22,5,0,1,2,3,0,15,15,1,9.0,4400.0,26.0,True,False,False,False,False,False,True,False,False,True
25.0,500.0,45.0,18,21,5,0,2,0,1,1,15,15,0,2.0,5000.0,27.0,True,False,False,False,False,False,True,False,False,True
23.0,500.0,47.0,14,11,3,0,0,0,1,2,15,15,1,1.0,5200.0,14.0,True,False,False,False,False,False,True,True,False,False
20.0,500.0,42.0,84,39,1,0,0,0,0,0,1,2,0,0.0,4700.0,28.0,False,False,False,True,False,False,True,False,False,True
24.0,500.0,45.0,106,48,5,0,2,2,1,0,12,15,1,2.0,5000.0,25.0,True,False,False,False,False,False,True,False,False,True
25.0,500.0,50.0,84,39,1,0,0,0,0,0,1,2,0,0.0,5500.0,14.0,True,False,False,False,False,False,True,False,False,True
24.0,300.0,35.0,22,14,3,0,2,1,1,1,15,15,1,3.0,3800.0,28.0,True,False,False,False,False,False,True,False,False,True
24.0,300.0,35.0,22,14,3,0,2,1,1,1,15,15,1,3.0,3800.0,28.0,True,False,False,False,False,False,True,False,False,True
28.0,500.0,50.0,18,21,5,0,2,0,1,1,15,15,0,2.0,5500.0,26.0,False,False,False,True,False,False,True,False,False,True
26.4,500.0,50.0,84,39,1,0,0,0,0,0,1,2,0,0.0,5500.0,25.0,True,False,False,False,False,False,True,False,False,True
24.0,500.0,50.0,18,21,5,0,2,0,1,1,15,15,0,2.0,5500.0,27.0,True,False,False,False,False,False,True,False,False,True
26.4,500.0,49.0,84,39,1,0,0,0,0,0,1,2,0,0.0,5400.0,26.0,True,False,False,False,False,False,True,False,False,True
25.0,500.0,37.0,106,48,5,0,2,2,1,0,12,15,1,2.0,4200.0,25.0,True,False,False,False,False,False,True,False,True,False
25.0,500.0,41.0,106,48,5,0,2,2,1,0,12,15,1,2.0,4600.0,25.0,True,False,False,False,False,False,True,False,False,True
23.0,500.0,46.0,106,48,5,0,2,2,1,0,12,15,1,2.0,5100.0,14.0,True,False,False,False,False,False,True,False,False,True
26.4,500.0,40.0,14,11,3,0,0,0,1,2,15,15,1,1.0,4500.0,26.0,True,False,False,False,False,False,True,True,False,False
57.0,0.0,60.0,28,22,5,0,1,2,3,0,15,15,1,9.0,6000.0,28.0,True,False,False,False,False,False,True,False,False,True
29.0,500.0,46.0,18,21,5,0,2,0,1,1,15,15,0,2.0,5100.0,27.0,True,False,False,False,False,False,True,False,False,True
26.9,500.0,40.0,27,11,2,0,2,1,0,4,15,0,1,0.0,4500.0,25.0,True,False,False,False,False,False,True,False,False,False
48.0,0.0,71.0,14,11,3,0,0,0,1,2,15,15,1,1.0,7100.0,14.0,True,False,False,False,False,False,True,True,False,False
44.0,0.0,68.0,18,21,5,0,2,0,1,1,15,15,0,2.0,6800.0,25.0,True,False,False,False,False,False,True,False,False,True
24.0,500.0,41.0,18,21,5,0,2,0,1,1,15,15,0,2.0,4600.0,24.0,True,False,False,False,False,False,True,True,False,False
20.0,500.0,32.0,18,21,5,0,2,0,1,1,15,15,0,2.0,3700.0,26.0,True,False,False,False,False,False,True,False,False,True
26.0,500.0,39.0,14,11,3,0,0,0,1,2,15,15,1,1.0,4400.0,27.0,True,False,False,False,False,False,True,True,False,False
46.0,0.0,55.0,14,11,3,0,0,0,1,2,15,15,1,1.0,5500.0,26.0,True,False,False,False,False,False,True,True,False,False
21.0,0.0,26.0,27,11,2,0,2,1,0,4,15,0,1,0.0,2600.0,14.0,True,False,False,False,False,False,True,False,False,False
21.0,500.0,43.0,28,22,5,0,1,2,3,0,15,15,1,9.0,4800.0,25.0,True,False,False,False,False,False,True,False,False,True
20.0,0.0,18.0,27,11,2,0,2,1,0,4,15,0,1,0.0,1800.0,23.0,True,False,False,False,False,False,True,False,False,False
24.0,500.0,39.0,106,48,5,0,2,2,1,0,12,15,1,2.0,4400.0,25.0,True,False,False,False,False,False,True,False,False,True
18.0,500.0,35.0,106,48,5,0,2,2,1,0,12,15,1,2.0,4000.0,25.0,True,False,False,False,False,False,True,False,True,False
45.0,0.0,75.0,18,21,5,0,2,0,1,1,15,15,0,2.0,7500.0,26.0,True,False,False,False,False,False,True,False,False,True
24.0,300.0,38.0,18,21,5,0,2,0,1,1,15,15,0,2.0,4100.0,25.0,True,False,False,False,False,False,True,False,False,True
50.0,0.0,75.0,106,48,5,0,2,2,1,0,12,15,1,2.0,7500.0,26.0,True,False,False,False,False,False,True,False,False,True
50.0,0.0,71.0,18,21,5,0,2,0,1,1,15,15,0,2.0,7100.0,28.0,True,False,False,False,False,False,True,False,False,True
24.0,500.0,40.0,28,22,5,0,1,2,3,0,15,15,1,9.0,4500.0,25.0,True,False,False,False,False,False,True,False,False,True
28.0,0.0,30.0,27,11,2,0,2,1,0,4,15,0,1,0.0,3000.0,26.0,True,False,False,False,False,False,True,False,False,False
48.0,0.0,73.0,14,11,3,0,0,0,1,2,15,15,1,1.0,7300.0,28.0,True,False,False,False,False,False,True,True,False,False
21.0,500.0,41.0,18,21,5,0,2,0,1,1,15,15,0,2.0,4600.0,26.0,True,False,False,False,False,False,True,False,False,True
50.0,0.0,73.0,18,21,5,0,2,0,1,1,15,15,0,2.0,7300.0,11.0,True,False,False,False,False,False,True,False,False,True
24.0,500.0,45.0,106,48,5,0,2,2,1,0,12,15,1,2.0,5000.0,25.0,False,False,False,True,False,False,True,False,True,False
24.0,300.0,44.0,18,21,5,0,2,0,1,1,15,15,0,2.0,4700.0,25.0,True,False,False,False,False,False,True,False,False,True
20.0,300.0,36.0,106,48,5,0,2,2,1,0,12,15,1,2.0,3900.0,25.0,False,False,False,True,False,False,True,False,False,True
26.4,500.0,45.0,14,11,3,0,0,0,1,2,15,15,1,1.0,5000.0,25.0,False,False,False,True,False,False,True,True,False,False
24.0,500.0,46.0,106,48,5,0,2,2,1,0,12,15,1,2.0,5100.0,26.0,True,False,False,False,False,False,True,False,False,True
18.0,300.0,38.0,14,11,3,0,0,0,1,2,15,15,1,1.0,4100.0,25.0,True,False,False,False,False,False,True,True,False,False
23.0,0.0,36.0,106,48,5,0,2,2,1,0,12,15,1,2.0,3600.0,26.0,True,False,False,False,False,False,True,False,False,True
26.0,500.0,45.0,14,11,3,0,0,0,1,2,15,15,1,1.0,5000.0,25.0,True,False,False,False,False,False,True,True,False,False
20.0,500.0,48.0,18,21,5,0,2,0,1,1,15,15,0,2.0,5300.0,26.0,True,False,False,False,False,False,True,False,False,True
22.0,0.0,10.0,27,11,2,0,2,1,0,4,15,0,1,0.0,1000.0,25.0,True,False,False,False,False,False,True,False,False,False
23.0,0.0,36.0,106,48,5,0,2,2,1,0,12,15,1,2.0,3600.0,26.0,True,False,False,False,False,False,True,False,False,True
26.0,300.0,43.0,106,48,5,0,2,2,1,0,12,15,1,2.0,4600.0,14.0,False,False,False,True,False,False,True,False,True,False
22.0,500.0,40.0,28,22,5,0,1,2,3,0,15,15,1,9.0,4500.0,25.0,True,False,False,False,False,False,True,True,False,False
23.0,0.0,36.0,106,48,5,0,2,2,1,0,12,15,1,2.0,3600.0,26.0,True,False,False,False,False,False,True,False,False,True
26.0,500.0,39.0,106,48,5,0,2,2,1,0,12,15,1,2.0,4400.0,24.0,True,False,False,False,False,False,True,True,False,False
22.0,300.0,45.0,18,21,5,0,2,0,1,1,15,15,0,2.0,4800.0,14.0,False,False,False,True,False,False,True,False,False,True
22.0,500.0,35.0,106,48,5,0,2,2,1,0,12,15,1,2.0,4000.0,26.0,False,False,False,True,False,False,True,False,False,True
23.0,0.0,21.0,14,11,3,0,0,0,1,2,15,15,1,1.0,2100.0,25.0,True,False,False,False,False,False,True,True,False,False
23.0,500.0,44.0,106,48,5,0,2,2,1,0,12,15,1,2.0,4900.0,24.0,True,False,False,False,False,False,True,False,True,False
30.0,500.0,50.0,27,11,2,0,2,1,0,4,15,0,1,0.0,5500.0,26.0,True,False,False,False,False,False,True,False,False,False
22.0,500.0,46.0,22,14,3,0,2,1,1,1,15,15,1,3.0,5100.0,27.0,True,False,False,False,False,False,True,False,False,True
26.4,500.0,46.0,14,11,3,0,0,0,1,2,15,15,1,1.0,5100.0,14.0,True,False,False,False,False,False,True,True,False,False
25.49,500.0,48.0,18,21,5,0,2,0,1,1,15,15,0,2.0,5300.0,26.0,True,False,False,False,False,False,True,False,False,True
22.0,500.0,40.0,14,11,3,0,0,0,1,2,15,15,1,1.0,4500.0,28.0,True,False,False,False,False,False,True,True,False,False
26.4,500.0,45.0,18,21,5,0,2,0,1,1,15,15,0,2.0,5000.0,24.0,False,False,False,True,False,False,True,True,False,False
22.0,500.0,43.0,18,21,5,0,2,0,1,1,15,15,0,2.0,4800.0,24.0,False,False,False,True,False,False,True,True,False,False
44.0,500.0,60.0,18,21,5,0,2,0,1,1,15,15,0,2.0,6500.0,25.0,False,False,False,True,False,False,True,True,False,False
26.0,0.0,20.0,106,48,5,0,2,2,1,0,12,15,1,2.0,2000.0,26.0,True,False,False,False,False,False,True,False,True,False
43.0,0.0,15.0,106,48,5,0,2,2,1,0,12,15,1,2.0,1500.0,25.0,True,False,False,False,False,False,True,True,False,False
26.0,0.0,40.0,18,21,5,0,2,0,1,1,15,15,0,2.0,4000.0,24.0,True,False,False,False,False,False,True,True,False,False
26.0,500.0,38.0,27,11,2,0,2,1,0,4,15,0,1,0.0,4300.0,25.0,True,False,False,False,False,False,True,False,False,False
28.0,500.0,47.0,106,48,5,0,2,2,1,0,12,15,1,2.0,5200.0,25.0,False,False,False,True,False,False,True,False,True,False
22.0,300.0,38.0,18,21,5,0,2,0,1,1,15,15,0,2.0,4100.0,25.0,True,False,False,False,False,False,True,False,False,True
24.0,500.0,43.0,28,22,5,0,1,2,3,0,15,15,1,9.0,4800.0,28.0,True,False,False,False,False,False,True,False,False,True
23.0,300.0,44.0,106,48,5,0,2,2,1,0,12,15,1,2.0,4700.0,24.0,True,False,False,False,False,False,True,False,True,False
24.0,500.0,43.0,18,21,5,0,2,0,1,1,15,15,0,2.0,4800.0,25.0,True,False,False,False,False,False,True,False,False,True
23.0,500.0,42.0,106,48,5,0,2,2,1,0,12,15,1,2.0,4700.0,25.0,True,False,False,False,False,False,True,True,False,False
40.0,500.0,75.0,106,48,5,0,2,2,1,0,12,15,1,2.0,8000.0,24.0,True,False,False,False,False,False,True,False,True,False
26.4,500.0,46.0,14,11,3,0,0,0,1,2,15,15,1,1.0,5100.0,25.0,True,False,False,False,False,False,True,True,False,False
23.86,500.0,43.0,22,14,3,0,2,1,1,1,15,15,1,3.0,4800.0,26.0,True,False,False,False,False,False,True,False,False,True
20.0,500.0,39.0,14,11,3,0,0,0,1,2,15,15,1,1.0,4400.0,27.0,True,False,False,False,False,False,True,True,False,False
24.0,500.0,43.0,28,22,5,0,1,2,3,0,15,15,1,9.0,4800.0,28.0,True,False,False,False,False,False,True,False,False,True
26.4,500.0,41.0,106,48,5,0,2,2,1,0,12,15,1,2.0,4600.0,24.0,True,False,False,False,False,False,True,True,False,False
29.26,500.0,47.0,18,21,5,0,2,0,1,1,15,15,0,2.0,5200.0,14.0,True,False,False,False,False,False,True,False,False,True
25.0,500.0,39.0,106,48,5,0,2,2,1,0,12,15,1,2.0,4400.0,25.0,True,False,False,False,False,False,True,False,True,False
22.0,0.0,35.0,106,48,5,0,2,2,1,0,12,15,1,2.0,3500.0,23.0,True,False,False,False,False,False,True,False,False,True
25.0,500.0,43.0,18,21,5,0,2,0,1,1,15,15,0,2.0,4800.0,25.0,False,False,False,True,False,False,True,False,False,True
22.0,300.0,30.0,18,21,5,0,2,0,1,1,15,15,0,2.0,3300.0,28.0,True,False,False,False,False,False,True,False,False,True
24.0,300.0,45.0,22,14,3,0,2,1,1,1,15,15,1,3.0,4800.0,19.0,True,False,False,False,False,False,True,False,False,True
17.14,300.0,36.0,14,11,3,0,0,0,1,2,15,15,1,1.0,3900.0,25.0,True,False,False,False,False,False,True,True,False,False
17.14,300.0,36.0,14,11,3,0,0,0,1,2,15,15,1,1.0,3900.0,25.0,True,False,False,False,False,False,True,True,False,False
24.0,500.0,44.0,14,11,3,0,0,0,1,2,15,15,1,1.0,4900.0,26.0,True,False,False,False,False,False,True,True,False,False
24.0,500.0,47.0,106,48,5,0,2,2,1,0,12,15,1,2.0,5200.0,14.0,True,False,False,False,False,False,True,False,False,True
24.0,300.0,35.0,106,48,5,0,2,2,1,0,12,15,1,2.0,3800.0,27.0,True,False,False,False,False,False,True,False,False,True
26.4,500.0,43.0,22,14,3,0,2,1,1,1,15,15,1,3.0,4800.0,25.0,True,False,False,False,False,False,True,False,False,True
20.0,500.0,40.0,106,48,5,0,2,2,1,0,12,15,1,2.0,4500.0,26.0,True,False,False,False,False,False,True,False,False,True
26.0,500.0,43.0,106,48,5,0,2,2,1,0,12,15,1,2.0,4800.0,26.0,True,False,False,False,False,False,True,False,False,True
26.0,500.0,43.0,106,48,5,0,2,2,1,0,12,15,1,2.0,4800.0,26.0,True,False,False,False,False,False,True,False,False,True
26.4,500.0,42.0,14,11,3,0,0,0,1,2,15,15,1,1.0,4700.0,26.0,True,False,False,False,False,False,True,True,False,False
26.0,500.0,50.0,18,21,5,0,2,0,1,1,15,15,0,2.0,5500.0,25.0,True,False,False,False,False,False,True,False,False,True
26.4,300.0,38.0,106,48,5,0,2,2,1,0,12,15,1,2.0,4100.0,23.0,False,False,False,True,False,False,True,False,False,True
26.4,300.0,41.0,106,48,5,0,2,2,1,0,12,15,1,2.0,4400.0,14.0,False,False,False,True,False,False,True,False,False,True
26.4,500.0,47.0,106,48,5,0,2,2,1,0,12,15,1,2.0,5200.0,24.0,True,False,False,False,False,False,True,False,False,True
22.0,500.0,42.0,22,14,3,0,2,1,1,1,15,15,1,3.0,4700.0,24.0,True,False,False,False,False,False,True,False,False,True
24.0,500.0,43.0,18,21,5,0,2,0,1,1,15,15,0,2.0,4800.0,24.0,True,False,False,False,False,False,True,True,False,False
35.0,500.0,50.0,14,11,3,0,0,0,1,2,15,15,1,1.0,5500.0,14.0,True,False,False,False,False,False,True,True,False,False
24.0,300.0,38.0,18,21,5,0,2,0,1,1,15,15,0,2.0,4100.0,25.0,False,False,False,True,False,False,True,False,False,True
21.0,700.0,45.0,106,48,5,0,2,2,1,0,12,15,1,2.0,5200.0,25.0,False,False,False,True,False,False,True,False,False,True
21.48,500.0,35.0,27,11,2,0,2,1,0,4,15,0,1,0.0,4000.0,25.0,True,False,False,False,False,False,True,False,False,False
24.0,500.0,43.0,22,14,3,0,2,1,1,1,15,15,1,3.0,4800.0,26.0,True,False,False,False,False,False,True,False,False,True
20.0,0.0,11.0,27,11,2,0,2,1,0,4,15,0,1,0.0,1100.0,25.0,True,False,False,False,False,False,True,False,False,False
24.0,500.0,43.0,14,11,3,0,0,0,1,2,15,15,1,1.0,4800.0,25.0,True,False,False,False,False,False,True,True,False,False
114.0,0.0,140.0,106,48,5,0,2,2,1,0,12,15,1,2.0,14000.0,4.0,True,False,False,False,False,False,True,True,False,False
21.0,500.0,39.0,28,22,5,0,1,2,3,0,15,15,1,9.0,4400.0,25.0,True,False,False,False,False,False,True,False,False,True
202.6,500.0,42.0,106,48,5,0,2,2,1,0,12,15,1,2.0,4700.0,26.0,False,False,False,True,False,False,True,False,False,True
26.4,500.0,50.0,14,11,3,0,0,0,1,2,15,15,1,1.0,5500.0,22.0,True,False,False,False,False,False,True,True,False,False
25.0,500.0,45.0,18,21,5,0,2,0,1,1,15,15,0,2.0,5000.0,26.0,True,False,False,False,False,False,True,False,False,True
26.4,500.0,44.0,18,21,5,0,2,0,1,1,15,15,0,2.0,4900.0,26.0,True,False,False,False,False,False,True,False,False,True
26.4,500.0,44.0,18,21,5,0,2,0,1,1,15,15,0,2.0,4900.0,26.0,True,False,False,False,False,False,True,False,False,True
21.0,500.0,43.0,18,21,5,0,2,0,1,1,15,15,0,2.0,4800.0,24.0,False,False,False,True,False,False,True,True,False,False
26.4,500.0,40.0,106,48,5,0,2,2,1,0,12,15,1,2.0,4500.0,27.0,True,False,False,False,False,False,True,False,False,True
100.0,0.0,70.0,22,14,3,0,2,1,1,1,15,15,1,3.0,7000.0,27.0,True,False,False,False,False,False,True,False,False,True
40.0,0.0,66.0,18,21,5,0,2,0,1,1,15,15,0,2.0,6600.0,25.0,True,False,False,False,False,False,True,False,False,True
24.0,500.0,35.0,14,11,3,0,0,0,1,2,15,15,1,1.0,4000.0,25.0,True,False,False,False,False,False,True,True,False,False
26.41,500.0,46.0,18,21,5,0,2,0,1,1,15,15,0,2.0,5100.0,26.0,True,False,False,False,False,False,True,False,False,True
21.34,500.0,42.0,14,11,3,0,0,0,1,2,15,15,1,1.0,4700.0,25.0,True,False,False,False,False,False,True,True,False,False
26.4,500.0,36.0,106,48,5,0,2,2,1,0,12,15,1,2.0,4100.0,26.0,True,False,False,False,False,False,True,False,False,True
26.41,500.0,46.0,18,21,5,0,2,0,1,1,15,15,0,2.0,5100.0,26.0,True,False,False,False,False,False,True,False,False,True
20.63,500.0,43.0,28,22,5,0,1,2,3,0,15,15,1,9.0,4800.0,25.0,True,False,False,False,False,False,True,False,False,True
23.27,500.0,47.0,14,11,3,0,0,0,1,2,15,15,1,1.0,5200.0,14.0,True,False,False,False,False,False,True,True,False,False
26.4,500.0,41.0,22,14,3,0,2,1,1,1,15,15,1,3.0,4600.0,25.0,True,False,False,False,False,False,True,False,False,True
26.4,500.0,42.0,106,48,5,0,2,2,1,0,12,15,1,2.0,4700.0,25.0,True,False,False,False,False,False,True,False,False,True
26.4,500.0,42.0,106,48,5,0,2,2,1,0,12,15,1,2.0,4700.0,25.0,True,False,False,False,False,False,True,False,False,True
26.0,0.0,20.0,14,11,3,0,0,0,1,2,15,15,1,1.0,2000.0,26.0,True,False,False,False,False,False,True,True,False,False
28.0,500.0,45.0,18,21,5,0,2,0,1,1,15,15,0,2.0,5000.0,28.0,False,False,False,True,False,False,True,False,False,True
23.0,500.0,46.0,106,48,5,0,2,2,1,0,12,15,1,2.0,5100.0,14.0,True,False,False,False,False,False,True,False,False,True
26.4,500.0,40.0,18,21,5,0,2,0,1,1,15,15,0,2.0,4500.0,24.0,True,False,False,False,False,False,True,True,False,False
26.4,300.0,43.0,106,48,5,0,2,2,1,0,12,15,1,2.0,4600.0,26.0,True,False,False,False,False,False,True,False,True,False
50.0,0.0,10.0,14,11,3,0,0,0,1,2,15,15,1,1.0,1000.0,28.0,True,False,False,False,False,False,True,True,False,False
27.0,500.0,45.0,18,21,5,0,2,0,1,1,15,15,0,2.0,5000.0,26.0,True,False,False,False,False,False,True,False,False,True
26.4,500.0,43.0,14,11,3,0,0,0,1,2,15,15,1,1.0,4800.0,22.0,True,False,False,False,False,False,True,True,False,False
38.0,0.0,35.0,27,11,2,0,2,1,0,4,15,0,1,0.0,3500.0,25.0,True,False,False,False,False,False,True,False,False,False
21.0,500.0,43.0,18,21,5,0,2,0,1,1,15,15,0,2.0,4800.0,14.0,False,False,False,True,False,False,True,True,False,False
26.4,500.0,47.0,106,48,5,0,2,2,1,0,12,15,1,2.0,5200.0,24.0,True,False,False,False,False,False,True,False,False,True
26.0,500.0,46.0,14,11,3,0,0,0,1,2,15,15,1,1.0,5100.0,25.0,False,False,False,True,False,False,True,True,False,False
24.34,500.0,40.0,106,48,5,0,2,2,1,0,12,15,1,2.0,4500.0,25.0,True,False,False,False,False,False,True,False,True,False
22.0,500.0,41.0,18,21,5,0,2,0,1,1,15,15,0,2.0,4600.0,25.0,False,False,False,True,False,False,True,False,False,True
24.0,0.0,20.0,22,14,3,0,2,1,1,1,15,15,1,3.0,2000.0,23.0,True,False,False,False,False,False,True,False,False,True
26.0,0.0,11.0,106,48,5,0,2,2,1,0,12,15,1,2.0,1100.0,27.0,True,False,False,False,False,False,True,False,False,True
104.0,0.0,100.0,28,22,5,0,1,2,3,0,15,15,1,9.0,10000.0,28.0,True,False,False,False,False,False,True,False,False,True
37.0,500.0,50.0,106,48,5,0,2,2,1,0,12,15,1,2.0,5500.0,26.0,True,False,False,False,False,False,True,False,False,True
26.4,500.0,46.0,14,11,3,0,0,0,1,2,15,15,1,1.0,5100.0,25.0,True,False,False,False,False,False,True,True,False,False
26.4,500.0,50.0,14,11,3,0,0,0,1,2,15,15,1,1.0,5500.0,25.0,True,False,False,False,False,False,True,True,False,False
23.27,500.0,47.0,14,11,3,0,0,0,1,2,15,15,1,1.0,5200.0,25.0,True,False,False,False,False,False,True,True,False,False
29.05,500.0,43.0,28,22,5,0,1,2,3,0,15,15,1,9.0,4800.0,26.0,True,False,False,False,False,False,True,False,False,True
31.0,0.0,35.0,27,11,6,0,3,4,2,0,15,15,0,3.0,3500.0,14.0,True,False,False,False,False,False,True,True,False,False
26.0,500.0,36.0,106,48,5,0,2,2,1,0,12,15,1,2.0,4100.0,25.0,False,False,False,True,False,False,True,False,False,True
23.0,300.0,41.0,106,48,5,0,2,2,1,0,12,15,1,2.0,4400.0,26.0,True,False,False,False,False,False,True,True,False,False
23.0,500.0,43.0,18,21,5,0,2,0,1,1,15,15,0,2.0,4800.0,25.0,True,False,False,False,False,False,True,False,False,True
28.0,300.0,38.0,22,14,3,0,2,1,1,1,15,15,1,3.0,4100.0,26.0,True,False,False,False,False,False,True,False,False,True
24.0,500.0,43.0,106,48,5,0,2,2,1,0,12,15,1,2.0,4800.0,25.0,True,False,False,False,False,False,True,False,False,True
25.0,300.0,44.0,22,14,3,0,2,1,1,1,15,15,1,3.0,4700.0,27.0,True,False,False,False,False,False,True,False,False,True
26.0,0.0,34.0,106,48,5,0,2,2,1,0,12,15,1,2.0,3400.0,26.0,True,False,False,False,False,False,True,False,False,True
30.0,500.0,43.0,28,22,5,0,1,2,3,0,15,15,1,9.0,4800.0,26.0,True,False,False,False,False,False,True,False,False,True
45.0,500.0,40.0,27,11,2,0,2,1,0,4,15,0,1,0.0,4500.0,25.0,False,False,False,True,False,False,True,False,False,False
22.0,300.0,37.0,22,14,3,0,2,1,1,1,15,15,1,3.0,4000.0,25.0,False,False,False,True,False,False,True,False,False,True
96.0,0.0,125.0,27,11,6,0,3,4,2,0,15,15,0,3.0,12500.0,8.0,True,False,False,False,False,False,True,False,False,True
26.0,500.0,43.0,14,11,3,0,0,0,1,2,15,15,1,1.0,4800.0,25.0,True,False,False,False,False,False,True,True,False,False
20.0,500.0,46.0,14,11,3,0,0,0,1,2,15,15,1,1.0,5100.0,26.0,True,False,False,False,False,False,True,True,False,False
40.0,0.0,65.0,18,21,5,0,2,0,1,1,15,15,0,2.0,6500.0,29.0,True,False,False,False,False,False,True,False,False,True
23.0,500.0,37.0,14,11,3,0,0,0,1,2,15,15,1,1.0,4200.0,26.0,True,False,False,False,False,False,True,True,False,False
26.4,500.0,45.0,14,11,3,0,0,0,1,2,15,15,1,1.0,5000.0,25.0,False,False,False,True,False,False,True,True,False,False
21.63,500.0,38.0,14,11,3,0,0,0,1,2,15,15,1,1.0,4300.0,27.0,True,False,False,False,False,False,True,True,False,False
15.0,300.0,34.0,22,14,3,0,2,1,1,1,15,15,1,3.0,3700.0,26.0,True,False,False,False,False,False,True,False,False,True
19.0,0.0,55.0,42,28,2,0,2,0,0,0,1,6,0,0.0,5500.0,4.0,True,False,False,False,False,False,True,False,False,False
24.0,500.0,46.0,28,22,5,0,1,2,3,0,15,15,1,9.0,5100.0,26.0,True,False,False,False,False,False,True,False,False,True
20.0,300.0,40.0,22,14,3,0,2,1,1,1,15,15,1,3.0,4300.0,27.0,True,False,False,False,False,False,True,False,False,True
50.0,500.0,60.0,18,21,5,0,2,0,1,1,15,15,0,2.0,6500.0,28.0,True,False,False,False,False,False,True,False,False,True
35.0,500.0,45.0,106,48,5,0,2,2,1,0,12,15,1,2.0,5000.0,25.0,True,False,False,False,False,False,True,False,False,True
42.0,0.0,12.0,14,11,3,0,0,0,1,2,15,15,1,1.0,1200.0,25.0,True,False,False,False,False,False,True,True,False,False
53.0,0.0,70.0,22,14,3,0,2,1,1,1,15,15,1,3.0,7000.0,28.0,True,False,False,False,False,False,True,False,False,True
42.0,0.0,12.0,14,11,3,0,0,0,1,2,15,15,1,1.0,1200.0,25.0,True,False,False,False,False,False,True,True,False,False
50.0,0.0,20.0,106,48,5,0,2,2,1,0,12,15,1,2.0,2000.0,25.0,True,False,False,False,False,False,True,False,False,True
34.0,0.0,57.0,27,11,2,0,2,1,0,4,15,0,1,0.0,5700.0,25.0,False,False,False,True,False,False,True,False,False,False
21.0,500.0,35.0,106,48,5,0,2,2,1,0,12,15,1,2.0,4000.0,25.0,True,False,False,False,False,False,True,True,False,False
47.0,500.0,70.0,106,48,5,0,2,2,1,0,12,15,1,2.0,7500.0,11.0,True,False,False,False,False,False,True,True,False,False
23.0,500.0,43.0,27,11,2,0,2,1,0,4,15,0,1,0.0,4800.0,25.0,True,False,False,False,False,False,True,False,False,False
26.0,500.0,45.0,28,22,5,0,1,2,3,0,15,15,1,9.0,5000.0,26.0,True,False,False,False,False,False,True,False,False,True
45.0,0.0,10.0,22,14,3,0,2,1,1,1,15,15,1,3.0,1000.0,26.0,True,False,False,False,False,False,True,False,False,True
30.0,500.0,41.0,14,11,3,0,0,0,1,2,15,15,1,1.0,4600.0,28.0,True,False,False,False,False,False,True,True,False,False
37.0,0.0,55.0,18,21,5,0,2,0,1,1,15,15,0,2.0,5500.0,25.0,True,False,False,False,False,False,True,False,False,True
23.0,500.0,40.0,28,22,5,0,1,2,3,0,15,15,1,9.0,4500.0,25.0,True,False,False,False,False,False,True,False,False,True
28.0,300.0,41.0,22,14,3,0,2,1,1,1,15,15,1,3.0,4400.0,25.0,True,False,False,False,False,False,True,False,False,True
56.0,500.0,75.0,106,48,5,0,2,2,1,0,12,15,1,2.0,8000.0,27.0,True,False,False,False,False,False,True,False,False,True
25.0,0.0,30.0,106,48,5,0,2,2,1,0,12,15,1,2.0,3000.0,22.0,True,False,False,False,False,False,True,True,False,False
15.0,500.0,36.0,22,14,3,0,2,1,1,1,15,15,1,3.0,4100.0,26.0,True,False,False,False,False,False,True,False,False,True
21.0,300.0,30.0,27,11,2,0,2,1,0,4,15,0,1,0.0,3300.0,25.0,True,False,False,False,False,False,True,False,False,False
24.0,300.0,35.0,14,11,3,0,0,0,1,2,15,15,1,1.0,3800.0,25.0,True,False,False,False,False,False,True,True,False,False
20.0,0.0,17.0,106,48,5,0,2,2,1,0,12,15,1,2.0,1700.0,25.0,True,False,False,False,False,False,True,False,True,False
25.0,500.0,46.0,14,11,3,0,0,0,1,2,15,15,1,1.0,5100.0,25.0,True,False,False,False,False,False,True,True,False,False
45.0,0.0,10.0,22,14,3,0,2,1,1,1,15,15,1,3.0,1000.0,14.0,False,False,False,True,False,False,True,False,False,True
22.0,300.0,34.0,18,21,5,0,2,0,1,1,15,15,0,2.0,3700.0,23.0,True,False,False,False,False,False,True,True,False,False
43.0,0.0,55.0,106,48,5,0,2,2,1,0,12,15,1,2.0,5500.0,21.0,True,False,False,False,False,False,True,True,False,False
42.0,0.0,53.0,106,48,5,0,2,2,1,0,12,15,1,2.0,5300.0,26.0,True,False,False,False,False,False,True,True,False,False
27.0,500.0,43.0,106,48,5,0,2,2,1,0,12,15,1,2.0,4800.0,26.0,True,False,False,False,False,False,True,False,False,True
57.0,0.0,70.0,106,48,5,0,2,2,1,0,12,15,1,2.0,7000.0,27.0,True,False,False,False,False,False,True,False,True,False
23.0,300.0,27.0,106,48,5,0,2,2,1,0,12,15,1,2.0,3000.0,25.0,True,False,False,False,False,False,True,False,False,True
24.0,500.0,50.0,18,21,5,0,2,0,1,1,15,15,0,2.0,5500.0,25.0,True,False,False,False,False,False,True,True,False,False
56.0,0.0,85.0,27,11,2,0,2,1,0,4,15,0,1,0.0,8500.0,28.0,True,False,False,False,False,False,True,False,False,False
37.0,0.0,62.0,106,48,5,0,2,2,1,0,12,15,1,2.0,6200.0,26.0,True,False,False,False,False,False,True,False,False,True
24.0,300.0,31.0,28,22,5,0,1,2,3,0,15,15,1,9.0,3400.0,27.0,True,False,False,False,False,False,True,False,False,True
25.0,500.0,45.0,106,48,5,0,2,2,1,0,12,15,1,2.0,5000.0,25.0,True,False,False,False,False,False,True,True,False,False
26.4,500.0,41.0,22,14,3,0,2,1,1,1,15,15,1,3.0,4600.0,25.0,True,False,False,False,False,False,True,False,False,True
29.7,300.0,33.0,14,11,3,0,0,0,1,2,15,15,1,1.0,3600.0,26.0,True,False,False,False,False,False,True,True,False,False
24.0,500.0,40.0,14,11,3,0,0,0,1,2,15,15,1,1.0,4500.0,28.0,True,False,False,False,False,False,True,True,False,False
20.0,300.0,35.0,27,11,2,0,2,1,0,4,15,0,1,0.0,3800.0,24.0,True,False,False,False,False,False,True,False,False,False
22.0,0.0,25.0,42,28,2,0,2,0,0,0,1,6,0,0.0,2500.0,4.0,True,False,False,False,False,False,True,False,False,False
24.0,500.0,38.0,106,48,5,0,2,2,1,0,12,15,1,2.0,4300.0,26.0,True,False,False,False,False,False,True,False,False,True
22.0,400.0,35.0,18,21,5,0,2,0,1,1,15,15,0,2.0,3900.0,14.0,True,False,False,False,False,False,True,True,False,False
22.0,0.0,20.0,27,11,2,0,2,1,0,4,15,0,1,0.0,2000.0,25.0,True,False,False,False,False,False,True,False,False,False
24.0,300.0,43.0,28,22,5,0,1,2,3,0,15,15,1,9.0,4600.0,14.0,True,False,False,False,False,False,True,False,False,True
33.0,500.0,43.0,22,14,3,0,2,1,1,1,15,15,1,3.0,4800.0,14.0,True,False,False,False,False,False,True,False,False,True
25.0,500.0,41.0,28,22,5,0,1,2,3,0,15,15,1,9.0,4600.0,26.0,True,False,False,False,False,False,True,False,False,True
27.34,500.0,43.0,106,48,5,0,2,2,1,0,12,15,1,2.0,4800.0,26.0,True,False,False,False,False,False,True,False,False,True
20.0,300.0,43.0,18,21,5,0,2,0,1,1,15,15,0,2.0,4600.0,28.0,True,False,False,False,False,False,True,False,False,True
17.0,0.0,9.0,27,11,2,0,2,1,0,4,15,0,1,0.0,900.0,23.0,True,False,False,False,False,False,True,False,False,False
97.0,0.0,88.0,22,14,3,0,2,1,1,1,15,15,1,3.0,8800.0,25.0,True,False,False,False,False,False,True,False,False,True
26.0,500.0,37.0,106,48,5,0,2,2,1,0,12,15,1,2.0,4200.0,25.0,True,False,False,False,False,False,True,False,False,True
17.0,300.0,33.0,27,11,2,0,2,1,0,4,15,0,1,0.0,3600.0,23.0,True,False,False,False,False,False,True,False,False,False
20.0,300.0,30.0,18,21,5,0,2,0,1,1,15,15,0,2.0,3300.0,28.0,True,False,False,False,False,False,True,False,False,True
23.0,500.0,43.0,106,48,5,0,2,2,1,0,12,15,1,2.0,4800.0,25.0,True,False,False,False,False,False,True,False,True,False
15.0,500.0,40.0,22,14,3,0,2,1,1,1,15,15,1,3.0,4500.0,26.0,True,False,False,False,False,False,True,False,False,True
29.0,500.0,41.0,106,48,5,0,2,2,1,0,12,15,1,2.0,4600.0,26.0,True,False,False,False,False,False,True,False,False,True
16.0,300.0,38.0,22,14,3,0,2,1,1,1,15,15,1,3.0,4100.0,26.0,True,False,False,False,False,False,True,False,False,True
29.0,0.0,41.0,28,22,5,0,1,2,3,0,15,15,1,9.0,4100.0,25.0,True,False,False,False,False,False,True,False,False,True
27.0,500.0,38.0,106,48,5,0,2,2,1,0,12,15,1,2.0,4300.0,26.0,True,False,False,False,False,False,True,False,False,True
20.0,0.0,35.0,106,48,5,0,2,2,1,0,12,15,1,2.0,3500.0,25.0,True,False,False,False,False,False,True,False,True,False
26.0,200.0,31.0,106,48,5,0,2,2,1,0,12,15,1,2.0,3300.0,26.0,True,False,False,False,False,False,True,False,False,True
24.0,300.0,42.0,22,14,3,0,2,1,1,1,15,15,1,3.0,4500.0,26.0,True,False,False,False,False,False,True,False,False,True
21.0,500.0,43.0,106,48,5,0,2,2,1,0,12,15,1,2.0,4800.0,14.0,True,False,False,False,False,False,True,False,False,True
24.0,500.0,44.0,106,48,5,0,2,2,1,0,12,15,1,2.0,4900.0,25.0,True,False,False,False,False,False,True,False,False,True
33.0,500.0,42.0,22,14,3,0,2,1,1,1,15,15,1,3.0,4700.0,28.0,True,False,False,False,False,False,True,False,False,True
21.0,500.0,43.0,106,48,5,0,2,2,1,0,12,15,1,2.0,4800.0,25.0,True,False,False,False,False,False,True,False,False,True
28.0,500.0,41.0,18,21,5,0,2,0,1,1,15,15,0,2.0,4600.0,26.0,True,False,False,False,False,False,True,True,False,False
65.0,0.0,6.0,22,14,3,0,2,1,1,1,15,15,1,3.0,600.0,27.0,True,False,False,False,False,False,True,False,False,True
21.0,500.0,43.0,28,22,5,0,1,2,3,0,15,15,1,9.0,4800.0,22.0,True,False,False,False,False,False,True,False,False,True
20.0,500.0,40.0,14,11,3,0,0,0,1,2,15,15,1,1.0,4500.0,27.0,True,False,False,False,False,False,True,True,False,False
25.0,500.0,35.0,106,48,5,0,2,2,1,0,12,15,1,2.0,4000.0,25.0,True,False,False,False,False,False,True,False,False,True
24.0,500.0,55.0,18,21,5,0,2,0,1,1,15,15,0,2.0,6000.0,14.0,True,False,False,False,False,False,True,True,False,False
20.0,500.0,43.0,84,39,1,0,0,0,0,0,1,2,0,0.0,4800.0,26.0,True,False,False,False,False,False,True,False,False,True
20.0,300.0,36.0,18,21,5,0,2,0,1,1,15,15,0,2.0,3900.0,28.0,True,False,False,False,False,False,True,False,False,True
50.0,600.0,60.0,106,48,5,0,2,2,1,0,12,15,1,2.0,6600.0,25.0,True,False,False,False,False,False,True,False,True,False
20.0,500.0,44.0,106,48,5,0,2,2,1,0,12,15,1,2.0,4900.0,26.0,True,False,False,False,False,False,True,False,False,True
22.0,500.0,44.0,18,21,5,0,2,0,1,1,15,15,0,2.0,4900.0,26.0,True,False,False,False,False,False,True,False,False,True
23.0,500.0,43.0,18,21,5,0,2,0,1,1,15,15,0,2.0,4800.0,25.0,True,False,False,False,False,False,True,False,False,True
23.0,500.0,44.0,18,21,5,0,2,0,1,1,15,15,0,2.0,4900.0,14.0,True,False,False,False,False,False,True,False,False,True
25.0,500.0,44.0,18,21,5,0,2,0,1,1,15,15,0,2.0,4900.0,26.0,True,False,False,False,False,False,True,False,False,True
22.0,500.0,46.0,106,48,5,0,2,2,1,0,12,15,1,2.0,5100.0,26.0,True,False,False,False,False,False,True,False,False,True
24.0,300.0,35.0,22,14,3,0,2,1,1,1,15,15,1,3.0,3800.0,26.0,True,False,False,False,False,False,True,False,False,True
22.0,500.0,41.0,28,22,5,0,1,2,3,0,15,15,1,9.0,4600.0,25.0,True,False,False,False,False,False,True,True,False,False
25.0,500.0,43.0,106,48,5,0,2,2,1,0,12,15,1,2.0,4800.0,25.0,True,False,False,False,False,False,True,True,False,False
23.0,500.0,41.0,106,48,5,0,2,2,1,0,12,15,1,2.0,4600.0,26.0,True,False,False,False,False,False,True,True,False,False
26.0,300.0,44.0,18,21,5,0,2,0,1,1,15,15,0,2.0,4700.0,25.0,False,False,False,True,False,False,True,False,False,True
26.0,500.0,40.0,14,11,3,0,0,0,1,2,15,15,1,1.0,4500.0,26.0,True,False,False,False,False,False,True,True,False,False
22.86,300.0,36.0,14,11,3,0,0,0,1,2,15,15,1,1.0,3900.0,14.0,True,False,False,False,False,False,True,True,False,False
23.77,500.0,40.0,28,22,5,0,1,2,3,0,15,15,1,9.0,4500.0,25.0,True,False,False,False,False,False,True,False,False,True
24.0,500.0,46.0,28,22,5,0,1,2,3,0,15,15,1,9.0,5100.0,26.0,True,False,False,False,False,False,True,False,False,True
23.0,300.0,34.0,22,14,3,0,2,1,1,1,15,15,1,3.0,3700.0,26.0,True,False,False,False,False,False,True,False,False,True
39.0,0.0,105.0,27,11,2,0,2,1,0,4,15,0,1,0.0,10500.0,3.0,True,False,False,False,False,False,True,False,False,False
24.0,500.0,38.0,18,21,5,0,2,0,1,1,15,15,0,2.0,4300.0,24.0,True,False,False,False,False,False,True,True,False,False
22.0,300.0,43.0,18,21,5,0,2,0,1,1,15,15,0,2.0,4600.0,28.0,True,False,False,False,False,False,True,False,False,True
23.0,500.0,41.0,22,14,3,0,2,1,1,1,15,15,1,3.0,4600.0,27.0,True,False,False,False,False,False,True,False,False,True
24.0,500.0,42.0,106,48,5,0,2,2,1,0,12,15,1,2.0,4700.0,23.0,True,False,False,False,False,False,True,False,True,False
25.0,500.0,38.0,106,48,5,0,2,2,1,0,12,15,1,2.0,4300.0,25.0,True,False,False,False,False,False,True,False,False,True
32.0,500.0,45.0,27,11,2,0,2,1,0,4,15,0,1,0.0,5000.0,25.0,True,False,False,False,False,False,True,False,False,False
23.0,200.0,31.0,106,48,5,0,2,2,1,0,12,15,1,2.0,3300.0,26.0,True,False,False,False,False,False,True,False,False,True
24.0,500.0,40.0,106,48,5,0,2,2,1,0,12,15,1,2.0,4500.0,25.0,True,False,False,False,False,False,True,False,True,False
22.0,200.0,31.0,14,11,3,0,0,0,1,2,15,15,1,1.0,3300.0,25.0,True,False,False,False,False,False,True,True,False,False
26.0,0.0,34.0,106,48,5,0,2,2,1,0,12,15,1,2.0,3400.0,26.0,True,False,False,False,False,False,True,False,False,True
23.0,300.0,35.0,106,48,5,0,2,2,1,0,12,15,1,2.0,3800.0,25.0,True,False,False,False,False,False,True,False,False,True
23.0,500.0,40.0,84,39,1,0,0,0,0,0,1,2,0,0.0,4500.0,26.0,True,False,False,False,False,False,True,False,False,True
20.0,500.0,40.0,28,22,5,0,1,2,3,0,15,15,1,9.0,4500.0,25.0,True,False,False,False,False,False,True,False,False,True
21.0,0.0,46.0,106,48,5,0,2,2,1,0,12,15,1,2.0,4600.0,27.0,True,False,False,False,False,False,True,False,False,True
22.0,300.0,35.0,22,14,3,0,2,1,1,1,15,15,1,3.0,3800.0,27.0,True,False,False,False,False,False,True,False,False,True
21.0,0.0,46.0,106,48,5,0,2,2,1,0,12,15,1,2.0,4600.0,27.0,True,False,False,False,False,False,True,False,False,True
25.0,300.0,40.0,106,48,5,0,2,2,1,0,12,15,1,2.0,4300.0,27.0,True,False,False,False,False,False,True,False,False,True
24.0,500.0,32.0,18,21,5,0,2,0,1,1,15,15,0,2.0,3700.0,25.0,True,False,False,False,False,False,True,True,False,False
20.0,500.0,43.0,106,48,5,0,2,2,1,0,12,15,1,2.0,4800.0,25.0,True,False,False,False,False,False,True,False,False,True
30.0,500.0,40.0,14,11,3,0,0,0,1,2,15,15,1,1.0,4500.0,27.0,True,False,False,False,False,False,True,True,False,False
20.0,0.0,25.0,27,11,2,0,2,1,0,4,15,0,1,0.0,2500.0,24.0,False,False,False,True,False,False,True,False,False,False
25.0,500.0,39.0,106,48,5,0,2,2,1,0,12,15,1,2.0,4400.0,25.0,True,False,False,False,False,False,True,False,False,True
24.0,500.0,50.0,18,21,5,0,2,0,1,1,15,15,0,2.0,5500.0,25.0,True,False,False,False,False,False,True,True,False,False
24.0,500.0,44.0,84,39,1,0,0,0,0,0,1,2,0,0.0,4900.0,27.0,False,False,False,True,False,False,True,False,False,True
23.0,0.0,33.0,27,11,2,0,2,1,0,4,15,0,1,0.0,3300.0,24.0,True,False,False,False,False,False,True,False,False,False
24.0,500.0,40.0,106,48,5,0,2,2,1,0,12,15,1,2.0,4500.0,14.0,False,False,False,True,False,False,True,False,False,True
43.0,0.0,50.0,27,11,2,0,2,1,0,4,15,0,1,0.0,5000.0,26.0,True,False,False,False,False,False,True,False,False,False
20.0,500.0,36.0,14,11,3,0,0,0,1,2,15,15,1,1.0,4100.0,26.0,True,False,False,False,False,False,True,True,False,False
24.0,300.0,37.0,106,48,5,0,2,2,1,0,12,15,1,2.0,4000.0,27.0,True,False,False,False,False,False,True,False,False,True
22.0,500.0,46.0,14,11,3,0,0,0,1,2,15,15,1,1.0,5100.0,28.0,True,False,False,False,False,False,True,True,False,False
45.0,0.0,55.0,27,11,2,0,2,1,0,4,15,0,1,0.0,5500.0,25.0,False,False,False,True,False,False,True,False,False,False
39.0,400.0,42.0,18,21,5,0,2,0,1,1,15,15,0,2.0,4600.0,25.0,True,False,False,False,False,False,True,False,False,True
26.4,300.0,40.0,106,48,5,0,2,2,1,0,12,15,1,2.0,4300.0,14.0,True,False,False,False,False,False,True,False,False,True
20.0,300.0,36.0,14,11,3,0,0,0,1,2,15,15,1,1.0,3900.0,25.0,True,False,False,False,False,False,True,True,False,False
50.0,0.0,100.0,18,21,5,0,2,0,1,1,15,15,0,2.0,10000.0,11.0,True,False,False,False,False,False,True,False,False,True
29.0,500.0,46.0,18,21,5,0,2,0,1,1,15,15,0,2.0,5100.0,27.0,True,False,False,False,False,False,True,False,False,True
20.0,300.0,37.0,106,48,5,0,2,2,1,0,12,15,1,2.0,4000.0,26.0,True,False,False,False,False,False,True,False,False,True
25.0,0.0,35.0,27,11,2,0,2,1,0,4,15,0,1,0.0,3500.0,25.0,True,False,False,False,False,False,True,False,False,False
50.0,800.0,67.0,28,22,5,0,1,2,3,0,15,15,1,9.0,7500.0,27.0,True,False,False,False,False,False,True,False,False,True
22.0,500.0,46.0,14,11,3,0,0,0,1,2,15,15,1,1.0,5100.0,28.0,True,False,False,False,False,False,True,True,False,False
23.0,300.0,34.0,106,48,5,0,2,2,1,0,12,15,1,2.0,3700.0,25.0,True,False,False,False,False,False,True,False,True,False
57.0,0.0,70.0,28,22,5,0,1,2,3,0,15,15,1,9.0,7000.0,28.0,True,False,False,False,False,False,True,False,False,True
23.0,500.0,35.0,18,21,5,0,2,0,1,1,15,15,0,2.0,4000.0,25.0,True,False,False,False,False,False,True,False,False,True
22.0,500.0,45.0,22,14,3,0,2,1,1,1,15,15,1,3.0,5000.0,25.0,False,False,False,True,False,False,True,False,False,True
22.0,500.0,45.0,22,14,3,0,2,1,1,1,15,15,1,3.0,5000.0,25.0,True,False,False,False,False,False,True,False,False,True
18.0,200.0,24.0,106,48,5,0,2,2,1,0,12,15,1,2.0,2600.0,25.0,True,False,False,False,False,False,True,False,False,True
22.0,500.0,43.0,106,48,5,0,2,2,1,0,12,15,1,2.0,4800.0,26.0,True,False,False,False,False,False,True,False,False,True
22.0,500.0,43.0,106,48,5,0,2,2,1,0,12,15,1,2.0,4800.0,26.0,True,False,False,False,False,False,True,False,False,True
20.0,300.0,42.0,106,48,5,0,2,2,1,0,12,15,1,2.0,4500.0,26.0,True,False,False,False,False,False,True,False,False,True
35.0,500.0,60.0,18,21,5,0,2,0,1,1,15,15,0,2.0,6500.0,24.0,True,False,False,False,False,False,True,True,False,False
56.0,0.0,65.0,22,14,3,0,2,1,1,1,15,15,1,3.0,6500.0,28.0,True,False,False,False,False,False,True,False,False,True
20.0,300.0,40.0,22,14,3,0,2,1,1,1,15,15,1,3.0,4300.0,27.0,True,False,False,False,False,False,True,False,False,True
20.0,300.0,40.0,22,14,3,0,2,1,1,1,15,15,1,3.0,4300.0,27.0,True,False,False,False,False,False,True,False,False,True
21.0,500.0,41.0,28,22,5,0,1,2,3,0,15,15,1,9.0,4600.0,22.0,True,False,False,False,False,False,True,False,False,True
60.0,500.0,46.0,14,11,3,0,0,0,1,2,15,15,1,1.0,5100.0,28.0,True,False,False,False,False,False,True,True,False,False
20.0,300.0,36.0,22,14,3,0,2,1,1,1,15,15,1,3.0,3900.0,28.0,True,False,False,False,False,False,True,False,False,True
25.0,500.0,45.0,18,21,5,0,2,0,1,1,15,15,0,2.0,5000.0,26.0,True,False,False,False,False,False,True,False,False,True
26.0,500.0,40.0,27,11,2,0,2,1,0,4,15,0,1,0.0,4500.0,25.0,True,False,False,False,False,False,True,False,False,False
25.0,500.0,41.0,28,22,5,0,1,2,3,0,15,15,1,9.0,4600.0,26.0,True,False,False,False,False,False,True,False,False,True
19.0,0.0,41.0,106,48,5,0,2,2,1,0,12,15,1,2.0,4100.0,25.0,True,False,False,False,False,False,True,False,True,False
50.0,0.0,100.0,18,21,5,0,2,0,1,1,15,15,0,2.0,10000.0,11.0,True,False,False,False,False,False,True,False,False,True
28.0,500.0,37.0,22,14,3,0,2,1,1,1,15,15,1,3.0,4200.0,23.0,True,False,False,False,False,False,True,False,False,True
25.0,300.0,36.0,106,48,5,0,2,2,1,0,12,15,1,2.0,3900.0,27.0,False,False,False,True,False,False,True,False,False,True
26.0,500.0,50.0,18,21,5,0,2,0,1,1,15,15,0,2.0,5500.0,25.0,True,False,False,False,False,False,True,True,False,False
25.0,300.0,36.0,106,48,5,0,2,2,1,0,12,15,1,2.0,3900.0,14.0,True,False,False,False,False,False,True,False,False,True
26.0,500.0,47.0,106,48,5,0,2,2,1,0,12,15,1,2.0,5200.0,24.0,True,False,False,False,False,False,True,False,False,True
36.0,0.0,55.0,106,48,5,0,2,2,1,0,12,15,1,2.0,5500.0,25.0,True,False,False,False,False,False,True,False,False,True
21.0,500.0,37.0,106,48,5,0,2,2,1,0,12,15,1,2.0,4200.0,26.0,True,False,False,False,False,False,True,False,False,True
36.0,0.0,55.0,106,48,5,0,2,2,1,0,12,15,1,2.0,5500.0,25.0,True,False,False,False,False,False,True,False,False,True
21.0,700.0,45.0,106,48,5,0,2,2,1,0,12,15,1,2.0,5200.0,25.0,True,False,False,False,False,False,True,False,False,True
20.0,500.0,35.0,27,11,2,0,2,1,0,4,15,0,1,0.0,4000.0,24.0,False,False,False,True,False,False,True,False,False,False
50.0,0.0,70.0,28,22,5,0,1,2,3,0,15,15,1,9.0,7000.0,27.0,True,False,False,False,False,False,True,False,False,True
23.0,300.0,44.0,18,21,5,0,2,0,1,1,15,15,0,2.0,4700.0,25.0,True,False,False,False,False,False,True,False,False,True
26.0,300.0,35.0,28,22,5,0,1,2,3,0,15,15,1,9.0,3800.0,26.0,True,False,False,False,False,False,True,False,False,True
24.7,300.0,43.0,28,22,5,0,1,2,3,0,15,15,1,9.0,4600.0,25.0,True,False,False,False,False,False,True,True,False,False
20.0,500.0,40.0,14,11,3,0,0,0,1,2,15,15,1,1.0,4500.0,27.0,True,False,False,False,False,False,True,True,False,False
22.0,500.0,44.0,18,21,5,0,2,0,1,1,15,15,0,2.0,4900.0,24.0,True,False,False,False,False,False,True,True,False,False
20.0,500.0,45.0,106,48,5,0,2,2,1,0,12,15,1,2.0,5000.0,25.0,False,False,False,True,False,False,True,False,False,True
35.0,500.0,60.0,22,14,3,0,2,1,1,1,15,15,1,3.0,6500.0,28.0,True,False,False,False,False,False,True,False,False,True
26.58,500.0,44.0,28,22,5,0,1,2,3,0,15,15,1,9.0,4900.0,25.0,True,False,False,False,False,False,True,False,False,True
24.0,300.0,35.0,14,11,3,0,0,0,1,2,15,15,1,1.0,3800.0,25.0,True,False,False,False,False,False,True,True,False,False
26.0,500.0,40.0,106,48,5,0,2,2,1,0,12,15,1,2.0,4500.0,27.0,True,False,False,False,False,False,True,True,False,False
25.0,500.0,47.0,106,48,5,0,2,2,1,0,12,15,1,2.0,5200.0,25.0,True,False,False,False,False,False,True,False,False,True
25.0,500.0,47.0,106,48,5,0,2,2,1,0,12,15,1,2.0,5200.0,25.0,True,False,False,False,False,False,True,False,False,True
25.0,500.0,48.0,18,21,5,0,2,0,1,1,15,15,0,2.0,5300.0,26.0,True,False,False,False,False,False,True,False,False,True
26.4,300.0,43.0,22,14,3,0,2,1,1,1,15,15,1,3.0,4600.0,25.0,True,False,False,False,False,False,True,False,False,True
28.0,500.0,55.0,18,21,5,0,2,0,1,1,15,15,0,2.0,6000.0,28.0,True,False,False,False,False,False,True,False,False,True
23.0,500.0,36.0,106,48,5,0,2,2,1,0,12,15,1,2.0,4100.0,25.0,True,False,False,False,False,False,True,False,False,True
22.0,500.0,42.0,18,21,5,0,2,0,1,1,15,15,0,2.0,4700.0,24.0,True,False,False,False,False,False,True,True,False,False
29.26,500.0,45.0,18,21,5,0,2,0,1,1,15,15,0,2.0,5000.0,27.0,True,False,False,False,False,False,True,False,False,True
40.0,0.0,78.0,18,21,5,0,2,0,1,1,15,15,0,2.0,7800.0,23.0,True,False,False,False,False,False,True,True,False,False
21.0,500.0,37.0,106,48,5,0,2,2,1,0,12,15,1,2.0,4200.0,26.0,True,False,False,False,False,False,True,False,False,True
26.4,300.0,42.0,22,14,3,0,2,1,1,1,15,15,1,3.0,4500.0,25.0,True,False,False,False,False,False,True,False,False,True
20.0,500.0,44.0,18,21,5,0,2,0,1,1,15,15,0,2.0,4900.0,26.0,True,False,False,False,False,False,True,False,False,True
20.0,300.0,40.0,22,14,3,0,2,1,1,1,15,15,1,3.0,4300.0,27.0,True,False,False,False,False,False,True,False,False,True
26.4,500.0,42.0,22,14,3,0,2,1,1,1,15,15,1,3.0,4700.0,25.0,True,False,False,False,False,False,True,False,False,True
22.0,500.0,47.0,28,22,5,0,1,2,3,0,15,15,1,9.0,5200.0,25.0,True,False,False,False,False,False,True,False,False,True
20.0,500.0,35.0,106,48,5,0,2,2,1,0,12,15,1,2.0,4000.0,25.0,True,False,False,False,False,False,True,False,False,True
26.4,500.0,50.0,18,21,5,0,2,0,1,1,15,15,0,2.0,5500.0,25.0,True,False,False,False,False,False,True,False,False,True
20.0,400.0,40.0,27,11,2,0,2,1,0,4,15,0,1,0.0,4400.0,25.0,True,False,False,False,False,False,True,True,False,False
23.0,300.0,40.0,106,48,5,0,2,2,1,0,12,15,1,2.0,4300.0,25.0,True,False,False,False,False,False,True,False,False,True
22.0,500.0,40.0,106,48,5,0,2,2,1,0,12,15,1,2.0,4500.0,25.0,True,False,False,False,False,False,True,False,True,False
29.18,500.0,47.0,106,48,5,0,2,2,1,0,12,15,1,2.0,5200.0,24.0,True,False,False,False,False,False,True,False,False,True
21.0,0.0,45.0,106,48,5,0,2,2,1,0,12,15,1,2.0,4500.0,27.0,True,False,False,False,False,False,True,False,False,True
26.0,500.0,40.0,106,48,5,0,2,2,1,0,12,15,1,2.0,4500.0,25.0,True,False,False,False,False,False,True,False,False,True
22.0,0.0,47.0,18,21,5,0,2,0,1,1,15,15,0,2.0,4700.0,23.0,True,False,False,False,False,False,True,True,False,False
21.0,0.0,45.0,106,48,5,0,2,2,1,0,12,15,1,2.0,4500.0,27.0,True,False,False,False,False,False,True,False,False,True
30.0,500.0,45.0,28,22,5,0,1,2,3,0,15,15,1,9.0,5000.0,14.0,True,False,False,False,False,False,True,False,False,True
56.0,0.0,70.0,106,48,5,0,2,2,1,0,12,15,1,2.0,7000.0,27.0,True,False,False,False,False,False,True,False,False,True
24.0,500.0,40.0,106,48,5,0,2,2,1,0,12,15,1,2.0,4500.0,26.0,True,False,False,False,False,False,True,False,True,False
29.0,500.0,45.0,106,48,5,0,2,2,1,0,12,15,1,2.0,5000.0,26.0,True,False,False,False,False,False,True,False,False,True
42.0,0.0,55.0,22,14,3,0,2,1,1,1,15,15,1,3.0,5500.0,28.0,True,False,False,False,False,False,True,False,False,True
24.0,200.0,31.0,106,48,5,0,2,2,1,0,12,15,1,2.0,3300.0,26.0,True,False,False,False,False,False,True,False,False,True
24.0,500.0,41.0,106,48,5,0,2,2,1,0,12,15,1,2.0,4600.0,25.0,True,False,False,False,False,False,True,False,False,True
26.4,500.0,41.0,14,11,3,0,0,0,1,2,15,15,1,1.0,4600.0,25.0,True,False,False,False,False,False,True,True,False,False
20.0,500.0,45.0,18,21,5,0,2,0,1,1,15,15,0,2.0,5000.0,28.0,True,False,False,False,False,False,True,False,False,True
22.9,300.0,36.0,28,22,5,0,1,2,3,0,15,15,1,9.0,3900.0,25.0,True,False,False,False,False,False,True,False,False,True
45.0,0.0,65.0,18,21,5,0,2,0,1,1,15,15,0,2.0,6500.0,27.0,True,False,False,False,False,False,True,False,False,True
23.0,300.0,41.0,22,14,3,0,2,1,1,1,15,15,1,3.0,4400.0,26.0,True,False,False,False,False,False,True,False,False,True
22.0,500.0,45.0,22,14,3,0,2,1,1,1,15,15,1,3.0,5000.0,25.0,False,False,False,True,False,False,True,False,False,True
34.0,0.0,45.0,14,11,3,0,0,0,1,2,15,15,1,1.0,4500.0,28.0,True,False,False,False,False,False,True,True,False,False
20.0,500.0,44.0,14,11,3,0,0,0,1,2,15,15,1,1.0,4900.0,27.0,True,False,False,False,False,False,True,True,False,False
33.0,0.0,48.0,14,11,3,0,0,0,1,2,15,15,1,1.0,4800.0,25.0,False,False,False,True,False,False,True,True,False,False
33.0,0.0,48.0,14,11,3,0,0,0,1,2,15,15,1,1.0,4800.0,25.0,True,False,False,False,False,False,True,True,False,False
40.0,0.0,57.0,14,11,3,0,0,0,1,2,15,15,1,1.0,5700.0,26.0,True,False,False,False,False,False,True,True,False,False
25.0,0.0,46.0,18,21,5,0,2,0,1,1,15,15,0,2.0,4600.0,23.0,True,False,False,False,False,False,True,True,False,False
28.0,500.0,41.0,106,48,5,0,2,2,1,0,12,15,1,2.0,4600.0,25.0,True,False,False,False,False,False,True,False,False,True
24.0,500.0,40.0,18,21,5,0,2,0,1,1,15,15,0,2.0,4500.0,25.0,True,False,False,False,False,False,True,True,False,False
20.0,500.0,35.0,106,48,5,0,2,2,1,0,12,15,1,2.0,4000.0,24.0,True,False,False,False,False,False,True,False,True,False
26.4,500.0,40.0,106,48,5,0,2,2,1,0,12,15,1,2.0,4500.0,25.0,True,False,False,False,False,False,True,False,False,True
24.0,500.0,40.0,106,48,5,0,2,2,1,0,12,15,1,2.0,4500.0,26.0,False,False,False,True,False,False,True,False,False,True
28.0,300.0,35.0,27,11,2,0,2,1,0,4,15,0,1,0.0,3800.0,26.0,True,False,False,False,False,False,True,False,False,False
15.0,0.0,47.0,114,35,3,0,2,3,2,0,3,15,0,2.0,4700.0,14.0,True,False,False,False,False,False,True,False,False,True
21.0,300.0,38.0,27,11,2,0,2,1,0,4,15,0,1,0.0,4100.0,25.0,True,False,False,False,False,False,True,False,False,False
21.0,0.0,37.0,27,11,2,0,2,1,0,4,15,0,1,0.0,3700.0,25.0,True,False,False,False,False,False,True,False,False,False
21.0,0.0,37.0,27,11,2,0,2,1,0,4,15,0,1,0.0,3700.0,25.0,False,False,False,True,False,False,True,False,False,False
26.0,500.0,40.0,106,48,5,0,2,2,1,0,12,15,1,2.0,4500.0,26.0,True,False,False,False,False,False,True,False,False,True
24.0,0.0,41.0,106,48,5,0,2,2,1,0,12,15,1,2.0,4100.0,23.0,True,False,False,False,False,False,True,False,False,True
26.0,500.0,39.0,106,48,5,0,2,2,1,0,12,15,1,2.0,4400.0,14.0,True,False,False,False,False,False,True,False,False,True
28.0,500.0,50.0,18,21,5,0,2,0,1,1,15,15,0,2.0,5500.0,26.0,True,False,False,False,False,False,True,False,False,True
24.0,500.0,42.0,22,14,3,0,2,1,1,1,15,15,1,3.0,4700.0,25.0,True,False,False,False,False,False,True,False,False,True
26.4,500.0,43.0,106,48,5,0,2,2,1,0,12,15,1,2.0,4800.0,25.0,True,False,False,False,False,False,True,False,False,True
29.39,500.0,46.0,22,14,3,0,2,1,1,1,15,15,1,3.0,5100.0,25.0,True,False,False,False,False,False,True,False,False,True
30.0,500.0,65.0,18,21,5,0,2,0,1,1,15,15,0,2.0,7000.0,25.0,True,False,False,False,False,False,True,True,False,False
26.4,500.0,42.0,106,48,5,0,2,2,1,0,12,15,1,2.0,4700.0,27.0,True,False,False,False,False,False,True,False,False,True
23.0,0.0,30.0,106,48,5,0,2,2,1,0,12,15,1,2.0,3000.0,26.0,True,False,False,False,False,False,True,False,False,True
20.0,200.0,30.0,14,11,3,0,0,0,1,2,15,15,1,1.0,3200.0,27.0,True,False,False,False,False,False,True,True,False,False
23.0,500.0,34.0,106,48,5,0,2,2,1,0,12,15,1,2.0,3900.0,27.0,True,False,False,False,False,False,True,False,False,True
50.0,0.0,20.0,22,14,3,0,2,1,1,1,15,15,1,3.0,2000.0,23.0,True,False,False,False,False,False,True,False,False,True
30.0,500.0,35.0,27,11,2,0,2,1,0,4,15,0,1,0.0,4000.0,11.0,True,False,False,False,False,False,True,False,False,False
46.0,0.0,80.0,22,14,3,0,2,1,1,1,15,15,1,3.0,8000.0,27.0,True,False,False,False,False,False,True,False,False,True
26.0,500.0,41.0,18,21,5,0,2,0,1,1,15,15,0,2.0,4600.0,24.0,True,False,False,False,False,False,True,True,False,False
85.0,0.0,220.0,50,22,2,0,2,2,0,0,5,15,1,0.0,22000.0,9.0,False,False,False,True,False,False,True,False,False,True
30.0,0.0,80.0,22,14,3,0,2,1,1,1,15,15,1,3.0,8000.0,28.0,True,False,False,False,False,False,True,False,False,True
26.0,500.0,40.0,106,48,5,0,2,2,1,0,12,15,1,2.0,4500.0,24.0,True,False,False,False,False,False,True,True,False,False
20.0,300.0,39.0,14,11,3,0,0,0,1,2,15,15,1,1.0,4200.0,25.0,True,False,False,False,False,False,True,True,False,False
22.0,500.0,43.0,22,14,3,0,2,1,1,1,15,15,1,3.0,4800.0,25.0,True,False,False,False,False,False,True,False,False,True
40.0,0.0,60.0,106,48,5,0,2,2,1,0,12,15,1,2.0,6000.0,26.0,True,False,False,False,False,False,True,False,False,True
20.0,500.0,34.0,106,48,5,0,2,2,1,0,12,15,1,2.0,3900.0,24.0,False,False,False,True,False,False,True,False,True,False
24.34,500.0,40.0,106,48,5,0,2,2,1,0,12,15,1,2.0,4500.0,25.0,True,False,False,False,False,False,True,False,True,False
24.0,500.0,40.0,106,48,5,0,2,2,1,0,12,15,1,2.0,4500.0,25.0,True,False,False,False,False,False,True,False,True,False
28.0,500.0,36.0,22,14,3,0,2,1,1,1,15,15,1,3.0,4100.0,23.0,True,False,False,False,False,False,True,False,False,True
26.4,200.0,31.0,22,14,3,0,2,1,1,1,15,15,1,3.0,3300.0,25.0,True,False,False,False,False,False,True,False,False,True
26.0,0.0,20.0,22,14,3,0,2,1,1,1,15,15,1,3.0,2000.0,23.0,True,False,False,False,False,False,True,False,False,True
26.0,500.0,45.0,14,11,3,0,0,0,1,2,15,15,1,1.0,5000.0,25.0,True,False,False,False,False,False,True,True,False,False
26.0,0.0,45.0,14,11,3,0,0,0,1,2,15,15,1,1.0,4500.0,22.0,True,False,False,False,False,False,True,True,False,False
21.0,200.0,25.0,27,11,2,0,2,1,0,4,15,0,1,0.0,2700.0,25.0,False,False,False,True,False,False,True,False,False,False
20.0,500.0,48.0,84,39,1,0,0,0,0,0,1,2,0,0.0,5300.0,26.0,True,False,False,False,False,False,True,False,False,True
27.47,300.0,37.0,106,48,5,0,2,2,1,0,12,15,1,2.0,4000.0,25.0,False,False,False,True,False,False,True,False,False,True
20.0,500.0,43.0,22,14,3,0,2,1,1,1,15,15,1,3.0,4800.0,26.0,True,False,False,False,False,False,True,False,False,True
48.0,0.0,7.0,106,48,5,0,2,2,1,0,12,15,1,2.0,700.0,23.0,True,False,False,False,False,False,True,False,False,True
24.0,0.0,25.0,106,48,5,0,2,2,1,0,12,15,1,2.0,2500.0,25.0,True,False,False,False,False,False,True,False,True,False
25.0,500.0,50.0,84,39,1,0,0,0,0,0,1,2,0,0.0,5500.0,25.0,True,False,False,False,False,False,True,False,False,True
23.0,500.0,40.0,106,48,5,0,2,2,1,0,12,15,1,2.0,4500.0,26.0,True,False,False,False,False,False,True,False,False,True
26.0,500.0,40.0,22,14,3,0,2,1,1,1,15,15,1,3.0,4500.0,26.0,True,False,False,False,False,False,True,False,False,True
24.0,300.0,44.0,18,21,5,0,2,0,1,1,15,15,0,2.0,4700.0,25.0,True,False,False,False,False,False,True,False,False,True
26.0,500.0,35.0,14,11,3,0,0,0,1,2,15,15,1,1.0,4000.0,25.0,True,False,False,False,False,False,True,True,False,False
20.0,500.0,40.0,18,21,5,0,2,0,1,1,15,15,0,2.0,4500.0,26.0,False,False,False,True,False,False,True,False,False,True
21.0,700.0,45.0,106,48,5,0,2,2,1,0,12,15,1,2.0,5200.0,25.0,True,False,False,False,False,False,True,False,False,True
26.4,500.0,40.0,106,48,5,0,2,2,1,0,12,15,1,2.0,4500.0,26.0,True,False,False,False,False,False,True,False,False,True
21.44,500.0,30.0,28,22,5,0,1,2,3,0,15,15,1,9.0,3500.0,26.0,True,False,False,False,False,False,True,False,False,True
32.0,500.0,47.0,106,48,5,0,2,2,1,0,12,15,1,2.0,5200.0,23.0,True,False,False,False,False,False,True,False,False,True
20.0,500.0,44.0,22,14,3,0,2,1,1,1,15,15,1,3.0,4900.0,26.0,True,False,False,False,False,False,True,False,False,True
50.0,0.0,55.0,27,11,2,0,2,1,0,4,15,0,1,0.0,5500.0,26.0,True,False,False,False,False,False,True,False,False,False
26.0,500.0,50.0,14,11,3,0,0,0,1,2,15,15,1,1.0,5500.0,25.0,True,False,False,False,False,False,True,True,False,False
113.0,0.0,115.0,18,21,5,0,2,0,1,1,15,15,0,2.0,11500.0,27.0,True,False,False,False,False,False,True,False,False,True
17.0,500.0,38.0,27,11,2,0,2,1,0,4,15,0,1,0.0,4300.0,23.0,True,False,False,False,False,False,True,False,False,False
20.0,500.0,40.0,106,48,5,0,2,2,1,0,12,15,1,2.0,4500.0,25.0,True,False,False,False,False,False,True,False,False,True
26.0,500.0,40.0,27,11,2,0,2,1,0,4,15,0,1,0.0,4500.0,25.0,True,False,False,False,False,False,True,False,False,False
30.0,500.0,44.0,106,48,5,0,2,2,1,0,12,15,1,2.0,4900.0,25.0,True,False,False,False,False,False,True,False,False,True
33.0,0.0,50.0,14,11,3,0,0,0,1,2,15,15,1,1.0,5000.0,28.0,True,False,False,False,False,False,True,True,False,False
40.0,500.0,60.0,18,21,5,0,2,0,1,1,15,15,0,2.0,6500.0,25.0,True,False,False,False,False,False,True,False,False,True
22.0,500.0,40.0,14,11,3,0,0,0,1,2,15,15,1,1.0,4500.0,25.0,True,False,False,False,False,False,True,True,False,False
43.0,500.0,45.0,27,11,2,0,2,1,0,4,15,0,1,0.0,5000.0,25.0,True,False,False,False,False,False,True,False,False,False
23.0,300.0,35.0,18,21,5,0,2,0,1,1,15,15,0,2.0,3800.0,25.0,True,False,False,False,False,False,True,False,False,True
23.0,500.0,35.0,14,11,3,0,0,0,1,2,15,15,1,1.0,4000.0,25.0,True,False,False,False,False,False,True,True,False,False
21.0,700.0,45.0,106,48,5,0,2,2,1,0,12,15,1,2.0,5200.0,25.0,True,False,False,False,False,False,True,False,False,True
20.0,200.0,30.0,14,11,3,0,0,0,1,2,15,15,1,1.0,3200.0,27.0,True,False,False,False,False,False,True,True,False,False
29.0,500.0,45.0,106,48,5,0,2,2,1,0,12,15,1,2.0,5000.0,26.0,False,False,False,True,False,False,True,False,False,True
21.0,500.0,41.0,18,21,5,0,2,0,1,1,15,15,0,2.0,4600.0,26.0,True,False,False,False,False,False,True,False,False,True
48.0,0.0,63.0,106,48,5,0,2,2,1,0,12,15,1,2.0,6300.0,26.0,True,False,False,False,False,False,True,True,False,False
48.0,0.0,60.0,106,48,5,0,2,2,1,0,12,15,1,2.0,6000.0,14.0,True,False,False,False,False,False,True,True,False,False
26.0,500.0,40.0,22,14,3,0,2,1,1,1,15,15,1,3.0,4500.0,26.0,True,False,False,False,False,False,True,False,False,True
24.0,500.0,40.0,106,48,5,0,2,2,1,0,12,15,1,2.0,4500.0,25.0,True,False,False,False,False,False,True,False,True,False
26.0,500.0,40.0,106,48,5,0,2,2,1,0,12,15,1,2.0,4500.0,25.0,True,False,False,False,False,False,True,False,False,True
49.0,0.0,80.0,42,28,2,0,2,0,0,0,1,6,0,0.0,8000.0,4.0,True,False,False,False,False,False,True,False,False,False
24.0,500.0,42.0,106,48,5,0,2,2,1,0,12,15,1,2.0,4700.0,25.0,True,False,False,False,False,False,True,False,True,False
21.0,300.0,42.0,28,22,5,0,1,2,3,0,15,15,1,9.0,4500.0,25.0,True,False,False,False,False,False,True,True,False,False
49.0,0.0,55.0,22,14,3,0,2,1,1,1,15,15,1,3.0,5500.0,26.0,True,False,False,False,False,False,True,False,False,True
24.0,500.0,42.0,22,14,3,0,2,1,1,1,15,15,1,3.0,4700.0,25.0,True,False,False,False,False,False,True,False,False,True
20.0,500.0,40.0,14,11,3,0,0,0,1,2,15,15,1,1.0,4500.0,27.0,True,False,False,False,False,False,True,True,False,False
50.0,0.0,60.0,28,22,5,0,1,2,3,0,15,15,1,9.0,6000.0,27.0,True,False,False,False,False,False,True,False,False,True
50.0,0.0,25.0,14,11,3,0,0,0,1,2,15,15,1,1.0,2500.0,28.0,True,False,False,False,False,False,True,True,False,False
24.0,500.0,45.0,106,48,5,0,2,2,1,0,12,15,1,2.0,5000.0,25.0,True,False,False,False,False,False,True,True,False,False
57.0,0.0,35.0,106,48,5,0,2,2,1,0,12,15,1,2.0,3500.0,28.0,True,False,False,False,False,False,True,False,False,True
21.0,500.0,40.0,106,48,5,0,2,2,1,0,12,15,1,2.0,4500.0,25.0,True,False,False,False,False,False,True,True,False,False
46.0,0.0,60.0,27,11,2,0,2,1,0,4,15,0,1,0.0,6000.0,28.0,True,False,False,False,False,False,True,False,False,False
25.0,200.0,24.0,27,11,2,0,2,1,0,4,15,0,1,0.0,2600.0,25.0,True,False,False,False,False,False,True,False,False,False
25.0,500.0,41.0,106,48,5,0,2,2,1,0,12,15,1,2.0,4600.0,25.0,True,False,False,False,False,False,True,False,False,True
115.0,0.0,120.0,22,14,3,0,2,1,1,1,15,15,1,3.0,12000.0,27.0,True,False,False,False,False,False,True,False,False,True
40.0,0.0,9.0,106,48,5,0,2,2,1,0,12,15,1,2.0,900.0,16.0,False,False,False,True,False,False,True,False,False,True
21.0,500.0,30.0,106,48,5,0,2,2,1,0,12,15,1,2.0,3500.0,25.0,True,False,False,False,False,False,True,False,False,True
26.0,0.0,20.0,106,48,5,0,2,2,1,0,12,15,1,2.0,2000.0,25.0,True,False,False,False,False,False,True,True,False,False
26.0,300.0,40.0,106,48,5,0,2,2,1,0,12,15,1,2.0,4300.0,25.0,True,False,False,False,False,False,True,False,False,True
26.0,300.0,33.0,106,48,5,0,2,2,1,0,12,15,1,2.0,3600.0,26.0,True,False,False,False,False,False,True,False,False,True
29.0,0.0,57.0,22,14,3,0,2,1,1,1,15,15,1,3.0,5700.0,25.0,True,False,False,False,False,False,True,False,False,True
24.0,200.0,27.0,106,48,5,0,2,2,1,0,12,15,1,2.0,2900.0,22.0,True,False,False,False,False,False,True,True,False,False
60.0,0.0,67.0,106,48,5,0,2,2,1,0,12,15,1,2.0,6700.0,11.0,True,False,False,False,False,False,True,True,False,False
25.0,0.0,11.0,106,48,5,0,2,2,1,0,12,15,1,2.0,1100.0,22.0,False,False,False,True,False,False,True,True,False,False
50.0,500.0,70.0,22,14,3,0,2,1,1,1,15,15,1,3.0,7500.0,14.0,True,False,False,False,False,False,True,False,False,True
40.0,500.0,57.0,22,14,3,0,2,1,1,1,15,15,1,3.0,6200.0,23.0,True,False,False,False,False,False,True,False,False,True
20.0,500.0,41.0,14,11,3,0,0,0,1,2,15,15,1,1.0,4600.0,28.0,True,False,False,False,False,False,True,True,False,False
24.0,500.0,43.0,22,14,3,0,2,1,1,1,15,15,1,3.0,4800.0,19.0,True,False,False,False,False,False,True,False,False,True
36.0,0.0,58.0,106,48,5,0,2,2,1,0,12,15,1,2.0,5800.0,25.0,False,False,False,True,False,False,True,False,False,True
22.0,200.0,27.0,14,11,3,0,0,0,1,2,15,15,1,1.0,2900.0,26.0,True,False,False,False,False,False,True,True,False,False
50.0,0.0,55.0,27,11,2,0,2,1,0,4,15,0,1,0.0,5500.0,26.0,True,False,False,False,False,False,True,False,False,False
23.0,500.0,44.0,106,48,5,0,2,2,1,0,12,15,1,2.0,4900.0,25.0,True,False,False,False,False,False,True,True,False,False
30.0,500.0,48.0,14,11,3,0,0,0,1,2,15,15,1,1.0,5300.0,28.0,True,False,False,False,False,False,True,True,False,False
22.0,500.0,41.0,28,22,5,0,1,2,3,0,15,15,1,9.0,4600.0,25.0,True,False,False,False,False,False,True,False,False,True
20.0,500.0,40.0,106,48,5,0,2,2,1,0,12,15,1,2.0,4500.0,25.0,True,False,False,False,False,False,True,False,False,True
40.0,500.0,60.0,18,21,5,0,2,0,1,1,15,15,0,2.0,6500.0,25.0,True,False,False,False,False,False,True,True,False,False
21.0,500.0,39.0,28,22,5,0,1,2,3,0,15,15,1,9.0,4400.0,25.0,True,False,False,False,False,False,True,False,False,True
22.0,500.0,43.0,14,11,3,0,0,0,1,2,15,15,1,1.0,4800.0,26.0,True,False,False,False,False,False,True,True,False,False
26.4,300.0,39.0,106,48,5,0,2,2,1,0,12,15,1,2.0,4200.0,25.0,True,False,False,False,False,False,True,False,False,True
49.0,0.0,67.0,18,21,5,0,2,0,1,1,15,15,0,2.0,6700.0,26.0,True,False,False,False,False,False,True,True,False,False
21.0,500.0,40.0,28,22,5,0,1,2,3,0,15,15,1,9.0,4500.0,22.0,True,False,False,False,False,False,True,False,False,True
55.0,0.0,50.0,106,48,5,0,2,2,1,0,12,15,1,2.0,5000.0,25.0,True,False,False,False,False,False,True,False,False,True
26.0,500.0,50.0,18,21,5,0,2,0,1,1,15,15,0,2.0,5500.0,25.0,True,False,False,False,False,False,True,True,False,False
98.0,0.0,32.0,106,48,5,0,2,2,1,0,12,15,1,2.0,3200.0,26.0,True,False,False,False,False,False,True,True,False,False
20.0,200.0,25.0,18,21,5,0,2,0,1,1,15,15,0,2.0,2700.0,26.0,True,False,False,False,False,False,True,False,False,True
23.0,500.0,44.0,106,48,5,0,2,2,1,0,12,15,1,2.0,4900.0,26.0,True,False,False,False,False,False,True,False,False,True
69.0,0.0,85.0,28,22,5,0,1,2,3,0,15,15,1,9.0,8500.0,25.0,True,False,False,False,False,False,True,False,False,True
60.0,0.0,67.0,106,48,5,0,2,2,1,0,12,15,1,2.0,6700.0,11.0,True,False,False,False,False,False,True,True,False,False
58.0,0.0,78.0,28,22,5,0,1,2,3,0,15,15,1,9.0,7800.0,28.0,True,False,False,False,False,False,True,False,False,True
83.0,0.0,50.0,22,14,3,0,2,1,1,1,15,15,1,3.0,5000.0,28.0,False,False,False,True,False,False,True,False,False,True
25.0,500.0,40.0,27,11,2,0,2,1,0,4,15,0,1,0.0,4500.0,24.0,True,False,False,False,False,False,True,False,False,False
57.0,0.0,73.0,14,11,3,0,0,0,1,2,15,15,1,1.0,7300.0,28.0,True,False,False,False,False,False,True,True,False,False
21.0,200.0,24.0,106,48,5,0,2,2,1,0,12,15,1,2.0,2600.0,25.0,True,False,False,False,False,False,True,False,False,True
29.26,500.0,45.0,18,21,5,0,2,0,1,1,15,15,0,2.0,5000.0,27.0,True,False,False,False,False,False,True,False,False,True
24.0,500.0,41.0,106,48,5,0,2,2,1,0,12,15,1,2.0,4600.0,26.0,True,False,False,False,False,False,True,False,True,False
20.0,500.0,43.0,18,21,5,0,2,0,1,1,15,15,0,2.0,4800.0,25.0,False,False,False,True,False,False,True,True,False,False
26.0,500.0,40.0,106,48,5,0,2,2,1,0,12,15,1,2.0,4500.0,25.0,True,False,False,False,False,False,True,False,False,True
22.0,200.0,28.0,28,22,5,0,1,2,3,0,15,15,1,9.0,3000.0,25.0,True,False,False,False,False,False,True,False,False,True
26.0,200.0,32.0,28,22,5,0,1,2,3,0,15,15,1,9.0,3400.0,26.0,True,False,False,False,False,False,True,False,False,True
20.0,500.0,39.0,106,48,5,0,2,2,1,0,12,15,1,2.0,4400.0,14.0,True,False,False,False,False,False,True,False,False,True
30.5,500.0,37.0,28,22,5,0,1,2,3,0,15,15,1,9.0,4200.0,26.0,True,False,False,False,False,False,True,False,False,True
22.0,500.0,43.0,106,48,5,0,2,2,1,0,12,15,1,2.0,4800.0,25.0,True,False,False,False,False,False,True,True,False,False
23.0,0.0,40.0,106,48,5,0,2,2,1,0,12,15,1,2.0,4000.0,26.0,True,False,False,False,False,False,True,True,False,False
16.0,300.0,34.0,22,14,3,0,2,1,1,1,15,15,1,3.0,3700.0,28.0,True,False,False,False,False,False,True,False,False,True
24.0,500.0,42.0,28,22,5,0,1,2,3,0,15,15,1,9.0,4700.0,24.0,True,False,False,False,False,False,True,False,False,True
24.0,300.0,37.0,106,48,5,0,2,2,1,0,12,15,1,2.0,4000.0,26.0,True,False,False,False,False,False,True,False,False,True
22.9,300.0,36.0,28,22,5,0,1,2,3,0,15,15,1,9.0,3900.0,25.0,True,False,False,False,False,False,True,False,False,True
34.0,0.0,55.0,27,11,2,0,2,1,0,4,15,0,1,0.0,5500.0,25.0,False,False,False,True,False,False,True,False,False,False
24.0,0.0,16.0,106,48,5,0,2,2,1,0,12,15,1,2.0,1600.0,26.0,True,False,False,False,False,False,True,False,False,True
20.0,300.0,40.0,22,14,3,0,2,1,1,1,15,15,1,3.0,4300.0,27.0,True,False,False,False,False,False,True,False,False,True
22.11,300.0,32.0,27,11,2,0,2,1,0,4,15,0,1,0.0,3500.0,23.0,True,False,False,False,False,False,True,False,False,False
20.0,300.0,32.0,106,48,5,0,2,2,1,0,12,15,1,2.0,3500.0,26.0,True,False,False,False,False,False,True,False,False,True
27.0,500.0,42.0,14,11,3,0,0,0,1,2,15,15,1,1.0,4700.0,28.0,True,False,False,False,False,False,True,True,False,False
45.0,0.0,60.0,14,11,3,0,0,0,1,2,15,15,1,1.0,6000.0,28.0,True,False,False,False,False,False,True,True,False,False
25.0,200.0,30.0,106,48,5,0,2,2,1,0,12,15,1,2.0,3200.0,25.0,True,False,False,False,False,False,True,True,False,False
23.0,300.0,39.0,106,48,5,0,2,2,1,0,12,15,1,2.0,4200.0,25.0,True,False,False,False,False,False,True,False,False,True
38.0,0.0,60.0,27,11,2,0,2,1,0,4,15,0,1,0.0,6000.0,26.0,False,False,False,True,False,False,True,False,False,False
23.0,500.0,28.0,106,48,5,0,2,2,1,0,12,15,1,2.0,3300.0,25.0,True,False,False,False,False,False,True,False,False,True
22.0,500.0,32.0,27,11,2,0,2,1,0,4,15,0,1,0.0,3700.0,25.0,True,False,False,False,False,False,True,False,False,False
24.0,500.0,40.0,14,11,3,0,0,0,1,2,15,15,1,1.0,4500.0,28.0,True,False,False,False,False,False,True,True,False,False
25.0,500.0,40.0,27,11,2,0,2,1,0,4,15,0,1,0.0,4500.0,25.0,True,False,False,False,False,False,True,False,False,False
20.0,500.0,39.0,106,48,5,0,2,2,1,0,12,15,1,2.0,4400.0,25.0,True,False,False,False,False,False,True,False,False,True
20.0,500.0,38.0,106,48,5,0,2,2,1,0,12,15,1,2.0,4300.0,25.0,True,False,False,False,False,False,True,False,False,True
24.0,500.0,32.0,27,11,2,0,2,1,0,4,15,0,1,0.0,3700.0,25.0,True,False,False,False,False,False,True,False,False,False
24.0,500.0,46.0,28,22,5,0,1,2,3,0,15,15,1,9.0,5100.0,23.0,True,False,False,False,False,False,True,False,False,True
23.09,500.0,44.0,14,11,3,0,0,0,1,2,15,15,1,1.0,4900.0,25.0,True,False,False,False,False,False,True,True,False,False
21.0,300.0,30.0,27,11,2,0,2,1,0,4,15,0,1,0.0,3300.0,25.0,True,False,False,False,False,False,True,False,False,False
103.0,0.0,44.0,106,48,5,0,2,2,1,0,12,15,1,2.0,4400.0,27.0,True,False,False,False,False,False,True,False,False,True
28.0,500.0,42.0,14,11,3,0,0,0,1,2,15,15,1,1.0,4700.0,26.0,True,False,False,False,False,False,True,True,False,False
31.2,500.0,41.0,28,22,5,0,1,2,3,0,15,15,1,9.0,4600.0,26.0,True,False,False,False,False,False,True,False,False,True
26.0,500.0,39.0,18,21,5,0,2,0,1,1,15,15,0,2.0,4400.0,25.0,True,False,False,False,False,False,True,True,False,False
44.0,0.0,30.0,42,28,2,0,2,0,0,0,1,6,0,0.0,3000.0,16.0,True,False,False,False,False,False,True,False,False,False
18.0,500.0,40.0,22,14,3,0,2,1,1,1,15,15,1,3.0,4500.0,24.0,True,False,False,False,False,False,True,False,False,True
23.0,200.0,28.0,106,48,5,0,2,2,1,0,12,15,1,2.0,3000.0,26.0,True,False,False,False,False,False,True,False,False,True
18.0,500.0,40.0,14,11,3,0,0,0,1,2,15,15,1,1.0,4500.0,26.0,True,False,False,False,False,False,True,True,False,False
24.0,500.0,40.0,22,14,3,0,2,1,1,1,15,15,1,3.0,4500.0,25.0,True,False,False,False,False,False,True,False,False,True
21.0,700.0,45.0,106,48,5,0,2,2,1,0,12,15,1,2.0,5200.0,25.0,True,False,False,False,False,False,True,False,False,True
