전용면적(㎡),보증금(만원),월세금(만원),건축년도,도로명,주택유형,lat,lon,cluster_label,학교까지도보시간(분),도보거리(m),대중교통시간(분),convenience_store_count,convenience_store_min_distance,subway_count,subway_min_distance,bank_count,bank_min_distance,hospital_count,hospital_min_distance,pharmacy_count,pharmacy_min_distance,school_count,school_min_distance,cafe_count,cafe_min_distance,restaurant_count,restaurant_min_distance,mart_count,mart_min_distance,parking_count,parking_min_distance,cluster,cluster_clean,cluster_name,전월세환산값,향,cctv_300m,lamp_300m,cctv_500m,lamp_500m,cctv_1000m,lamp_1000m,bus_count,nearby_bus_count(100m),nearby_bus_count(200m)
34.19,18400.0,59.8,2017.0,영통로200번길 59,연립다세대,37.24447081,127.0598659,6,27,2936,11,6,65,0,,3,178.0,4,94.0,2,89.0,0,,15,52,15,5.0,0,,3.0,108.0,34.0,24.0,영통로200번길 59,19487.272727272728,동향,19,0,40,0,143,25,14.0,1,4
34.19,18400.0,59.8,2017.0,영통로200번길 59,연립다세대,37.24711557329794,127.07276501710452,14,14,1276,11,3,27,0,,0,,0,,1,77.0,2,146.0,15,36,15,11.0,1,158.0,1.0,84.0,-1.0,,,19487.272727272728,Unknown,0,0,0,0,0,0,,3,3
18.0,1725.0,63.25,2017.0,영통로200번길 55,연립다세대,37.24450572,127.0596508,6,27,2936,11,6,65,0,,3,178.0,4,94.0,2,89.0,0,,15,52,15,5.0,0,,3.0,108.0,34.0,24.0,영통로200번길 59,2875.0,동향,19,0,40,0,143,25,14.0,1,4
30.69,21275.0,0.0,2017.0,영통로200번길 59,연립다세대,37.24447081,127.0598659,6,27,2936,11,6,65,0,,3,178.0,4,94.0,2,89.0,0,,15,52,15,5.0,0,,3.0,108.0,34.0,24.0,영통로200번길 59,21275.0,동향,19,0,40,0,143,25,14.0,1,4
70.653,1150.0,35.65,2018.0,영통로200번길 39,연립다세대,37.24468621,127.0587773,6,27,2936,11,6,65,0,,3,178.0,4,94.0,2,89.0,0,,15,52,15,5.0,0,,3.0,108.0,34.0,24.0,영통로200번길 59,1798.181818181818,동향,19,0,40,0,143,25,14.0,0,4
25.77,1150.0,52.9,2018.0,영통로501번길 1-6,연립다세대,37.26339582,127.0772557,9,50,1207,22,2,97,0,,2,132.0,2,69.0,0,,0,,5,16,15,22.0,1,119.0,0.0,,-1.0,,,2111.818181818182,동향,0,0,0,0,0,0,,2,2
24.57,1150.0,58.65,2018.0,영통로501번길 1-6,연립다세대,37.26339582,127.0772557,9,50,1207,22,2,97,0,,2,132.0,2,69.0,0,,0,,5,16,15,22.0,1,119.0,0.0,,-1.0,,,2216.363636363636,동향,0,0,0,0,0,0,,2,2
18.0,10350.0,23.0,2017.0,영통로200번길 55,연립다세대,37.24450572,127.0596508,6,27,2936,11,6,65,0,,3,178.0,4,94.0,2,89.0,0,,15,52,15,5.0,0,,3.0,108.0,34.0,24.0,영통로200번길 59,10768.181818181818,동향,19,0,40,0,143,25,14.0,1,4
24.43,20700.0,0.0,2017.0,영통로200번길 59,연립다세대,37.24447081,127.0598659,6,27,2936,11,6,65,0,,3,178.0,4,94.0,2,89.0,0,,15,52,15,5.0,0,,3.0,108.0,34.0,24.0,영통로200번길 59,20700.0,동향,19,0,40,0,143,25,14.0,1,4
24.43,20700.0,0.0,2017.0,영통로200번길 59,연립다세대,37.24447081,127.0598659,6,27,2936,11,6,65,0,,3,178.0,4,94.0,2,89.0,0,,15,52,15,5.0,0,,3.0,108.0,34.0,24.0,영통로200번길 59,20700.0,동향,19,0,40,0,143,25,14.0,1,4
32.51,345.0,115.0,2021.0,영통로200번길 63,연립다세대,37.24439355,127.0600847,6,27,2936,11,6,65,0,,3,178.0,4,94.0,2,89.0,0,,15,52,15,5.0,0,,3.0,108.0,34.0,24.0,영통로200번길 59,2435.909090909091,동향,19,0,40,0,143,25,14.0,1,5
21.35,11500.0,0.0,2016.0,영통로200번길 65,연립다세대,37.24441543,127.0603302,6,27,2936,11,6,65,0,,3,178.0,4,94.0,2,89.0,0,,15,52,15,5.0,0,,3.0,108.0,34.0,24.0,영통로200번길 59,11500.0,동향,19,0,40,0,143,25,14.0,1,5
26.79,575.0,44.85,2013.0,영통로501번길 7,연립다세대,37.26377649,127.0771124,9,50,1207,22,2,97,0,,2,132.0,2,69.0,0,,0,,5,16,15,22.0,1,119.0,0.0,,-1.0,,,1390.4545454545455,동향,0,0,0,0,0,0,,2,2
24.88,9890.0,57.5,2017.0,영통로200번길 59,연립다세대,37.24447081,127.0598659,6,27,2936,11,6,65,0,,3,178.0,4,94.0,2,89.0,0,,15,52,15,5.0,0,,3.0,108.0,34.0,24.0,영통로200번길 59,10935.454545454546,동향,19,0,40,0,143,25,14.0,1,4
23.45,17480.0,0.0,2017.0,영통로200번길 59,연립다세대,37.24447081,127.0598659,6,27,2936,11,6,65,0,,3,178.0,4,94.0,2,89.0,0,,15,52,15,5.0,0,,3.0,108.0,34.0,24.0,영통로200번길 59,17480.0,동향,19,0,40,0,143,25,14.0,1,4
19.11,5750.0,23.0,2016.0,영통로200번길 65,연립다세대,37.24441543,127.0603302,6,27,2936,11,6,65,0,,3,178.0,4,94.0,2,89.0,0,,15,52,15,5.0,0,,3.0,108.0,34.0,24.0,영통로200번길 59,6168.181818181818,동향,19,0,40,0,143,25,14.0,1,5
21.07,11465.5,0.0,2016.0,영통로200번길 65,연립다세대,37.24441543,127.0603302,6,27,2936,11,6,65,0,,3,178.0,4,94.0,2,89.0,0,,15,52,15,5.0,0,,3.0,108.0,34.0,24.0,영통로200번길 59,11465.5,동향,19,0,40,0,143,25,14.0,1,5
21.99,12075.0,0.0,2016.0,영통로200번길 65,연립다세대,37.24441543,127.0603302,6,27,2936,11,6,65,0,,3,178.0,4,94.0,2,89.0,0,,15,52,15,5.0,0,,3.0,108.0,34.0,24.0,영통로200번길 59,12075.0,동향,19,0,40,0,143,25,14.0,1,5
40.28,5750.0,97.75,2021.0,영통로200번길 63,연립다세대,37.24439355,127.0600847,6,27,2936,11,6,65,0,,3,178.0,4,94.0,2,89.0,0,,15,52,15,5.0,0,,3.0,108.0,34.0,24.0,영통로200번길 59,7527.272727272727,동향,19,0,40,0,143,25,14.0,1,5
21.07,10867.5,0.0,2016.0,영통로200번길 65,연립다세대,37.24441543,127.0603302,6,27,2936,11,6,65,0,,3,178.0,4,94.0,2,89.0,0,,15,52,15,5.0,0,,3.0,108.0,34.0,24.0,영통로200번길 59,10867.5,동향,19,0,40,0,143,25,14.0,1,5
21.07,10867.5,0.0,2016.0,영통로200번길 65,연립다세대,37.24441543,127.0603302,6,27,2936,11,6,65,0,,3,178.0,4,94.0,2,89.0,0,,15,52,15,5.0,0,,3.0,108.0,34.0,24.0,영통로200번길 59,10867.5,동향,19,0,40,0,143,25,14.0,1,5
35.67,20125.0,0.0,2016.0,영통로200번길 65,연립다세대,37.24441543,127.0603302,6,27,2936,11,6,65,0,,3,178.0,4,94.0,2,89.0,0,,15,52,15,5.0,0,,3.0,108.0,34.0,24.0,영통로200번길 59,20125.0,동향,19,0,40,0,143,25,14.0,1,5
42.61,1150.0,43.7,2018.0,영통로200번길 39,연립다세대,37.24468621,127.0587773,6,27,2936,11,6,65,0,,3,178.0,4,94.0,2,89.0,0,,15,52,15,5.0,0,,3.0,108.0,34.0,24.0,영통로200번길 59,1944.5454545454545,동향,19,0,40,0,143,25,14.0,0,4
38.87,1150.0,69.0,2021.0,영통로200번길 63,연립다세대,37.24439355,127.0600847,6,27,2936,11,6,65,0,,3,178.0,4,94.0,2,89.0,0,,15,52,15,5.0,0,,3.0,108.0,34.0,24.0,영통로200번길 59,2404.5454545454545,동향,19,0,40,0,143,25,14.0,1,5
21.35,12075.0,0.0,2016.0,영통로200번길 65,연립다세대,37.24441543,127.0603302,6,27,2936,11,6,65,0,,3,178.0,4,94.0,2,89.0,0,,15,52,15,5.0,0,,3.0,108.0,34.0,24.0,영통로200번길 59,12075.0,동향,19,0,40,0,143,25,14.0,1,5
21.35,12075.0,0.0,2016.0,영통로200번길 65,연립다세대,37.24441543,127.0603302,6,27,2936,11,6,65,0,,3,178.0,4,94.0,2,89.0,0,,15,52,15,5.0,0,,3.0,108.0,34.0,24.0,영통로200번길 59,12075.0,동향,19,0,40,0,143,25,14.0,1,5
15.09,1000.0,42.0,2014.0,서그내로53번길 3-7,다세대,37.24236467,127.0740844,3,14,1661,13,2,54,0,,0,,0,,0,,1,189.0,3,65,7,39.0,0,,0.0,,10.0,0.0,서그내로 43,1763.6363636363635,동향,11,44,27,85,113,103,13.0,0,4
47.7,20000.0,0.0,2015.0,서그내로 43,다세대,37.24308982,127.074183,3,14,1661,13,2,54,0,,0,,0,,0,,1,189.0,3,65,7,39.0,0,,0.0,,10.0,0.0,서그내로 43,20000.0,서향,11,44,27,85,113,103,13.0,2,2
23.05,4000.0,60.0,2022.0,서그내로 61,다세대,37.24216795,127.0724701,13,17,1727,18,3,39,0,,0,,0,,0,,1,112.0,7,28,15,107.0,0,,0.0,,11.0,1.0,서그내로 61,5090.909090909091,Unknown,11,44,30,80,112,103,12.0,0,1
15.6,1000.0,50.0,2018.0,서그내로53번길 33,다세대,37.24111925,127.070438,11,19,2195,20,1,106,0,,0,,0,,0,,0,,1,148,3,70.0,0,,0.0,,12.0,2.0,서그내로53번길 31,1909.090909090909,Unknown,11,23,31,64,111,103,15.0,1,4
36.13,15000.0,15.0,2019.0,서그내로62번길 35,다세대,37.242482,127.0682545,1,23,2176,21,2,40,0,,0,,0,,0,,0,,3,97,6,23.0,0,,0.0,,13.0,3.0,서그내로62번길 35,15272.727272727272,동향,11,28,38,44,131,101,15.0,0,2
47.7,15000.0,30.0,2015.0,서그내로 43,다세대,37.24308982,127.074183,3,14,1661,13,2,54,0,,0,,0,,0,,1,189.0,3,65,7,39.0,0,,0.0,,10.0,0.0,서그내로 43,15545.454545454546,서향,11,44,27,85,113,103,13.0,2,2
21.715,1000.0,60.0,2014.0,서그내로 30,다세대,37.24457167,127.0738645,3,14,1704,13,2,54,0,,0,,0,,0,,1,189.0,3,65,7,39.0,0,,0.0,,14.0,4.0,서그내로 30,2090.909090909091,동향,14,45,37,82,133,102,12.0,1,4
23.28,500.0,47.0,2015.0,서그내로62번길 33,다세대,37.24243355,127.0687739,1,23,2176,21,2,40,0,,0,,0,,0,,0,,3,97,6,23.0,0,,0.0,,13.0,3.0,서그내로62번길 35,1354.5454545454545,Unknown,11,28,38,44,131,101,15.0,0,2
14.04,1000.0,35.0,2014.0,서그내로53번길 3-7,다세대,37.24236467,127.0740844,3,14,1661,13,2,54,0,,0,,0,,0,,1,189.0,3,65,7,39.0,0,,0.0,,10.0,0.0,서그내로 43,1636.3636363636365,동향,11,44,27,85,113,103,13.0,0,4
13.2,300.0,34.0,2012.0,서그내로16번길 27,다세대,37.245079,127.0705474,13,17,1632,18,3,39,0,,0,,0,,0,,1,112.0,7,28,15,107.0,0,,0.0,,37.0,27.0,서그내로16번길 27,918.181818181818,동향,10,21,39,75,137,101,16.0,0,0
22.06,1000.0,60.0,2014.0,서그내로 30,다세대,37.24457167,127.0738645,3,14,1704,13,2,54,0,,0,,0,,0,,1,189.0,3,65,7,39.0,0,,0.0,,14.0,4.0,서그내로 30,2090.909090909091,동향,14,45,37,82,133,102,12.0,1,4
15.09,500.0,42.0,2014.0,서그내로53번길 3-7,다세대,37.24236467,127.0740844,3,14,1661,13,2,54,0,,0,,0,,0,,1,189.0,3,65,7,39.0,0,,0.0,,10.0,0.0,서그내로 43,1263.6363636363635,동향,11,44,27,85,113,103,13.0,0,4
12.96,575.0,36.8,2014.0,서그내로53번길 3-9,다세대,37.24240803,127.0742087,3,14,1661,13,2,54,0,,0,,0,,0,,1,189.0,3,65,7,39.0,0,,0.0,,10.0,0.0,서그내로 43,1244.090909090909,동향,11,44,27,85,113,103,13.0,1,4
14.13,11500.0,0.0,2024.0,예현로35번길 32,다세대,37.24137365,127.0662886,1,23,2168,21,2,40,0,,0,,0,,0,,0,,3,97,6,23.0,0,,0.0,,36.0,26.0,예현로35번길 32,11500.0,Unknown,13,11,31,29,138,90,12.0,2,4
15.09,575.0,48.3,2014.0,서그내로53번길 3-7,다세대,37.24236467,127.0740844,3,14,1661,13,2,54,0,,0,,0,,0,,1,189.0,3,65,7,39.0,0,,0.0,,10.0,0.0,서그내로 43,1453.181818181818,동향,11,44,27,85,113,103,13.0,0,4
15.6,1150.0,58.65,2018.0,서그내로53번길 33,다세대,37.24111925,127.070438,11,19,2195,20,1,106,0,,0,,0,,0,,0,,1,148,3,70.0,0,,0.0,,12.0,2.0,서그내로53번길 31,2216.363636363636,Unknown,11,23,31,64,111,103,15.0,1,4
37.43,9200.0,55.2,2023.0,서그내로53번길 3-5,다세대,37.24231621,127.073921,3,14,1661,13,2,54,0,,0,,0,,0,,1,189.0,3,65,7,39.0,0,,0.0,,10.0,0.0,서그내로 43,10203.636363636364,서향,11,44,27,85,113,103,13.0,0,3
25.19,6900.0,19.55,2015.0,서그내로 46,다세대,37.2431637,127.0736001,3,14,1661,13,2,54,0,,0,,0,,0,,1,189.0,3,65,7,39.0,0,,0.0,,10.0,0.0,서그내로 43,7255.454545454545,서향,11,44,27,85,113,103,13.0,2,2
33.61,764.75,23.0,2024.0,예현로35번길 28,다세대,37.24172813,127.0663795,1,23,2168,21,2,40,0,,0,,0,,0,,0,,3,97,6,23.0,0,,0.0,,36.0,26.0,예현로35번길 32,1182.9318181818182,Unknown,13,11,31,29,138,90,12.0,0,4
14.51,4600.0,64.4,2022.0,덕영대로 1698,연립,37.24679011,127.0765128,14,14,833,11,3,27,0,,0,,0,,1,77.0,2,146.0,15,36,15,11.0,1,158.0,1.0,84.0,17.0,7.0,덕영대로 1698,5770.909090909091,Unknown,21,29,44,48,119,99,17.0,0,3
14.51,4600.0,64.4,2022.0,덕영대로 1698,연립,37.24679011,127.0765128,14,14,833,11,3,27,0,,0,,0,,1,77.0,2,146.0,15,36,15,11.0,1,158.0,1.0,84.0,17.0,7.0,덕영대로 1698,5770.909090909091,Unknown,21,29,44,48,119,99,17.0,0,3
22.06,1150.0,69.0,2014.0,서그내로 30,다세대,37.24457167,127.0738645,3,14,1704,13,2,54,0,,0,,0,,0,,1,189.0,3,65,7,39.0,0,,0.0,,14.0,4.0,서그내로 30,2404.5454545454545,동향,14,45,37,82,133,102,12.0,1,4
22.06,1150.0,69.0,2014.0,서그내로 30,다세대,37.24457167,127.0738645,3,14,1704,13,2,54,0,,0,,0,,0,,1,189.0,3,65,7,39.0,0,,0.0,,14.0,4.0,서그내로 30,2404.5454545454545,동향,14,45,37,82,133,102,12.0,1,4
36.13,19550.0,0.0,2019.0,서그내로62번길 35,다세대,37.242482,127.0682545,1,23,2176,21,2,40,0,,0,,0,,0,,0,,3,97,6,23.0,0,,0.0,,13.0,3.0,서그내로62번길 35,19550.0,동향,11,28,38,44,131,101,15.0,0,2
12.4,575.0,46.0,2014.0,서그내로53번길 3-9,연립,37.24240803,127.0742087,3,14,1661,13,2,54,0,,0,,0,,0,,1,189.0,3,65,7,39.0,0,,0.0,,10.0,0.0,서그내로 43,1411.3636363636365,동향,11,44,27,85,113,103,13.0,1,4
15.6,1150.0,59.8,2018.0,서그내로53번길 33,다세대,37.24111925,127.070438,11,19,2195,20,1,106,0,,0,,0,,0,,0,,1,148,3,70.0,0,,0.0,,12.0,2.0,서그내로53번길 31,2237.272727272727,Unknown,11,23,31,64,111,103,15.0,1,4
19.29,18400.0,0.0,2023.0,서그내로53번길 3-5,다세대,37.24231621,127.073921,3,14,1661,13,2,54,0,,0,,0,,0,,1,189.0,3,65,7,39.0,0,,0.0,,10.0,0.0,서그내로 43,18400.0,서향,11,44,27,85,113,103,13.0,0,3
17.5,2300.0,57.5,2015.0,서그내로 43,다세대,37.24308982,127.074183,3,14,1661,13,2,54,0,,0,,0,,0,,1,189.0,3,65,7,39.0,0,,0.0,,10.0,0.0,서그내로 43,3345.454545454545,서향,11,44,27,85,113,103,13.0,2,2
20.65,2300.0,28.75,2015.0,서그내로 46,다세대,37.2431637,127.0736001,3,14,1661,13,2,54,0,,0,,0,,0,,1,189.0,3,65,7,39.0,0,,0.0,,10.0,0.0,서그내로 43,2822.727272727273,서향,11,44,27,85,113,103,13.0,2,2
15.89,575.0,48.3,2014.0,서그내로53번길 3-7,다세대,37.24236467,127.0740844,3,14,1661,13,2,54,0,,0,,0,,0,,1,189.0,3,65,7,39.0,0,,0.0,,10.0,0.0,서그내로 43,1453.181818181818,동향,11,44,27,85,113,103,13.0,0,4
12.4,575.0,42.55,2014.0,서그내로53번길 3-9,다세대,37.24240803,127.0742087,3,14,1661,13,2,54,0,,0,,0,,0,,1,189.0,3,65,7,39.0,0,,0.0,,10.0,0.0,서그내로 43,1348.6363636363635,동향,11,44,27,85,113,103,13.0,1,4
17.5,2300.0,37.95,2015.0,서그내로 43,다세대,37.24308982,127.074183,3,14,1661,13,2,54,0,,0,,0,,0,,1,189.0,3,65,7,39.0,0,,0.0,,10.0,0.0,서그내로 43,2990.0,서향,11,44,27,85,113,103,13.0,2,2
17.5,2300.0,37.95,2015.0,서그내로 43,다세대,37.24308982,127.074183,3,14,1661,13,2,54,0,,0,,0,,0,,1,189.0,3,65,7,39.0,0,,0.0,,10.0,0.0,서그내로 43,2990.0,서향,11,44,27,85,113,103,13.0,2,2
36.06,447.35,29.9,2019.0,서그내로62번길 35,다세대,37.242482,127.0682545,1,23,2176,21,2,40,0,,0,,0,,0,,0,,3,97,6,23.0,0,,0.0,,13.0,3.0,서그내로62번길 35,990.9863636363636,동향,11,28,38,44,131,101,15.0,0,2
27.68,4945.0,63.25,2022.0,서그내로 61,다세대,37.24216795,127.0724701,13,17,1727,18,3,39,0,,0,,0,,0,,1,112.0,7,28,15,107.0,0,,0.0,,11.0,1.0,서그내로 61,6095.0,Unknown,11,44,30,80,112,103,12.0,0,1
17.0,345.0,57.5,2015.0,서그내로62번길 42,다세대,37.24291591,127.067901,1,23,2176,21,2,40,0,,0,,0,,0,,0,,3,97,6,23.0,0,,0.0,,13.0,3.0,서그내로62번길 35,1390.4545454545455,동향,11,28,38,44,131,101,15.0,1,4
88.95,3450.0,177.1,2022.0,서그내로 61,다세대,37.24216795,127.0724701,13,17,1727,18,3,39,0,,0,,0,,0,,1,112.0,7,28,15,107.0,0,,0.0,,11.0,1.0,서그내로 61,6670.0,Unknown,11,44,30,80,112,103,12.0,0,1
23.05,4600.0,63.25,2022.0,서그내로 61,다세대,37.24216795,127.0724701,13,17,1727,18,3,39,0,,0,,0,,0,,1,112.0,7,28,15,107.0,0,,0.0,,11.0,1.0,서그내로 61,5750.0,Unknown,11,44,30,80,112,103,12.0,0,1
18.36,575.0,50.6,2015.0,서그내로62번길 33,다세대,37.24243355,127.0687739,1,23,2176,21,2,40,0,,0,,0,,0,,0,,3,97,6,23.0,0,,0.0,,13.0,3.0,서그내로62번길 35,1495.0,Unknown,11,28,38,44,131,101,15.0,0,2
15.39,1150.0,50.6,2018.0,서그내로53번길 33,다세대,37.24111925,127.070438,11,19,2195,20,1,106,0,,0,,0,,0,,0,,1,148,3,70.0,0,,0.0,,12.0,2.0,서그내로53번길 31,2070.0,Unknown,11,23,31,64,111,103,15.0,1,4
23.19,575.0,48.3,2015.0,서그내로62번길 33,다세대,37.24243355,127.0687739,1,23,2176,21,2,40,0,,0,,0,,0,,0,,3,97,6,23.0,0,,0.0,,13.0,3.0,서그내로62번길 35,1453.181818181818,Unknown,11,28,38,44,131,101,15.0,0,2
36.13,19550.0,0.0,2019.0,서그내로62번길 35,다세대,37.242482,127.0682545,1,23,2176,21,2,40,0,,0,,0,,0,,0,,3,97,6,23.0,0,,0.0,,13.0,3.0,서그내로62번길 35,19550.0,동향,11,28,38,44,131,101,15.0,0,2
36.05,20700.0,0.0,2024.0,예현로35번길 32,다세대,37.24137365,127.0662886,1,23,2168,21,2,40,0,,0,,0,,0,,0,,3,97,6,23.0,0,,0.0,,36.0,26.0,예현로35번길 32,20700.0,Unknown,13,11,31,29,138,90,12.0,2,4
21.715,1150.0,64.4,2014.0,서그내로 30,다세대,37.24457167,127.0738645,3,14,1704,13,2,54,0,,0,,0,,0,,1,189.0,3,65,7,39.0,0,,0.0,,14.0,4.0,서그내로 30,2320.909090909091,동향,14,45,37,82,133,102,12.0,1,4
21.715,1150.0,64.4,2014.0,서그내로 30,다세대,37.24457167,127.0738645,3,14,1704,13,2,54,0,,0,,0,,0,,1,189.0,3,65,7,39.0,0,,0.0,,14.0,4.0,서그내로 30,2320.909090909091,동향,14,45,37,82,133,102,12.0,1,4
29.98,4945.0,48.3,2022.0,서그내로 61,다세대,37.24216795,127.0724701,13,17,1727,18,3,39,0,,0,,0,,0,,1,112.0,7,28,15,107.0,0,,0.0,,11.0,1.0,서그내로 61,5823.181818181818,Unknown,11,44,30,80,112,103,12.0,0,1
16.48,4600.0,70.15,2022.0,덕영대로 1698,연립,37.24679011,127.0765128,14,14,833,11,3,27,0,,0,,0,,1,77.0,2,146.0,15,36,15,11.0,1,158.0,1.0,84.0,17.0,7.0,덕영대로 1698,5875.454545454546,Unknown,21,29,44,48,119,99,17.0,0,3
14.54,2300.0,69.0,2022.0,덕영대로 1698,연립,37.24679011,127.0765128,14,14,833,11,3,27,0,,0,,0,,1,77.0,2,146.0,15,36,15,11.0,1,158.0,1.0,84.0,17.0,7.0,덕영대로 1698,3554.5454545454545,Unknown,21,29,44,48,119,99,17.0,0,3
20.67,5750.0,55.2,2023.0,서그내로53번길 3-5,다세대,37.24231621,127.073921,3,14,1661,13,2,54,0,,0,,0,,0,,1,189.0,3,65,7,39.0,0,,0.0,,10.0,0.0,서그내로 43,6753.636363636364,서향,11,44,27,85,113,103,13.0,0,3
13.3,345.0,39.1,2012.0,서그내로16번길 27,다세대,37.245079,127.0705474,13,17,1632,18,3,39,0,,0,,0,,0,,1,112.0,7,28,15,107.0,0,,0.0,,37.0,27.0,서그내로16번길 27,1055.909090909091,동향,10,21,39,75,137,101,16.0,0,0
15.09,345.0,46.0,2012.0,서그내로 23-5,다세대,37.24559678,127.0744081,3,14,1485,13,2,54,0,,0,,0,,0,,1,189.0,3,65,7,39.0,0,,0.0,,15.0,5.0,서그내로 23-5,1181.3636363636365,서향,18,41,39,71,129,102,15.0,2,3
13.6,1150.0,57.5,2013.0,서그내로 46-2,다세대,37.24336243,127.0737232,3,14,1661,13,2,54,0,,0,,0,,0,,1,189.0,3,65,7,39.0,0,,0.0,,10.0,0.0,서그내로 43,2195.454545454545,서향,11,44,27,85,113,103,13.0,2,2
20.67,8050.0,49.45,2023.0,서그내로53번길 3-5,다세대,37.24231621,127.073921,3,14,1661,13,2,54,0,,0,,0,,0,,1,189.0,3,65,7,39.0,0,,0.0,,10.0,0.0,서그내로 43,8949.09090909091,서향,11,44,27,85,113,103,13.0,0,3
38.85,15697.5,0.0,2015.0,서그내로62번길 33,다세대,37.24243355,127.0687739,1,23,2176,21,2,40,0,,0,,0,,0,,0,,3,97,6,23.0,0,,0.0,,13.0,3.0,서그내로62번길 35,15697.5,Unknown,11,28,38,44,131,101,15.0,0,2
25.97,1150.0,60.95,2015.0,서그내로 43,다세대,37.24308982,127.074183,3,14,1661,13,2,54,0,,0,,0,,0,,1,189.0,3,65,7,39.0,0,,0.0,,10.0,0.0,서그내로 43,2258.181818181818,서향,11,44,27,85,113,103,13.0,2,2
13.42,345.0,37.95,2012.0,서그내로16번길 27,다세대,37.245079,127.0705474,13,17,1632,18,3,39,0,,0,,0,,0,,1,112.0,7,28,15,107.0,0,,0.0,,37.0,27.0,서그내로16번길 27,1035.0,동향,10,21,39,75,137,101,16.0,0,0
38.85,15697.5,0.0,2015.0,서그내로62번길 33,다세대,37.24243355,127.0687739,1,23,2176,21,2,40,0,,0,,0,,0,,0,,3,97,6,23.0,0,,0.0,,13.0,3.0,서그내로62번길 35,15697.5,Unknown,11,28,38,44,131,101,15.0,0,2
18.59,3450.0,69.0,2024.0,예현로35번길 32,다세대,37.24137365,127.0662886,1,23,2168,21,2,40,0,,0,,0,,0,,0,,3,97,6,23.0,0,,0.0,,36.0,26.0,예현로35번길 32,4704.545454545454,Unknown,13,11,31,29,138,90,12.0,2,4
17.5,1150.0,62.1,2015.0,서그내로 43,다세대,37.24308982,127.074183,3,14,1661,13,2,54,0,,0,,0,,0,,1,189.0,3,65,7,39.0,0,,0.0,,10.0,0.0,서그내로 43,2279.090909090909,서향,11,44,27,85,113,103,13.0,2,2
14.61,575.0,46.0,2014.0,서그내로53번길 3-7,다세대,37.24236467,127.0740844,3,14,1661,13,2,54,0,,0,,0,,0,,1,189.0,3,65,7,39.0,0,,0.0,,10.0,0.0,서그내로 43,1411.3636363636365,동향,11,44,27,85,113,103,13.0,0,4
38.85,11500.0,69.0,2023.0,서그내로53번길 40-1,다세대,37.24109643,127.0695717,11,19,2195,20,1,106,0,,0,,0,,0,,0,,1,148,3,70.0,0,,0.0,,12.0,2.0,서그내로53번길 31,12754.545454545454,Unknown,11,23,31,64,111,103,15.0,1,3
23.19,575.0,50.6,2015.0,서그내로62번길 33,다세대,37.24243355,127.0687739,1,23,2176,21,2,40,0,,0,,0,,0,,0,,3,97,6,23.0,0,,0.0,,13.0,3.0,서그내로62번길 35,1495.0,Unknown,11,28,38,44,131,101,15.0,0,2
20.705,1150.0,64.4,2014.0,서그내로 30,다세대,37.24457167,127.0738645,3,14,1704,13,2,54,0,,0,,0,,0,,1,189.0,3,65,7,39.0,0,,0.0,,14.0,4.0,서그내로 30,2320.909090909091,동향,14,45,37,82,133,102,12.0,1,4
21.715,1150.0,64.4,2014.0,서그내로 30,다세대,37.24457167,127.0738645,3,14,1704,13,2,54,0,,0,,0,,0,,1,189.0,3,65,7,39.0,0,,0.0,,14.0,4.0,서그내로 30,2320.909090909091,동향,14,45,37,82,133,102,12.0,1,4
47.7,17825.0,0.0,2015.0,서그내로 43,다세대,37.24308982,127.074183,3,14,1661,13,2,54,0,,0,,0,,0,,1,189.0,3,65,7,39.0,0,,0.0,,10.0,0.0,서그내로 43,17825.0,서향,11,44,27,85,113,103,13.0,2,2
21.715,1150.0,64.4,2014.0,서그내로 30,다세대,37.24457167,127.0738645,3,14,1704,13,2,54,0,,0,,0,,0,,1,189.0,3,65,7,39.0,0,,0.0,,14.0,4.0,서그내로 30,2320.909090909091,동향,14,45,37,82,133,102,12.0,1,4
37.43,11500.0,49.45,2023.0,서그내로53번길 3-5,다세대,37.24231621,127.073921,3,14,1661,13,2,54,0,,0,,0,,0,,1,189.0,3,65,7,39.0,0,,0.0,,10.0,0.0,서그내로 43,12399.09090909091,서향,11,44,27,85,113,103,13.0,0,3
21.48,230.0,40.25,1998.0,예현로35번길 5-13,다세대,37.24319556,127.0680041,1,23,2176,21,2,40,0,,0,,0,,0,,0,,3,97,6,23.0,0,,0.0,,13.0,3.0,서그내로62번길 35,961.818181818182,Unknown,11,28,38,44,131,101,15.0,0,6
21.21,1150.0,64.4,2014.0,서그내로 30,다세대,37.24457167,127.0738645,3,14,1704,13,2,54,0,,0,,0,,0,,1,189.0,3,65,7,39.0,0,,0.0,,14.0,4.0,서그내로 30,2320.909090909091,동향,14,45,37,82,133,102,12.0,1,4
14.51,4600.0,64.4,2022.0,덕영대로 1698,연립,37.24679011,127.0765128,14,14,833,11,3,27,0,,0,,0,,1,77.0,2,146.0,15,36,15,11.0,1,158.0,1.0,84.0,17.0,7.0,덕영대로 1698,5770.909090909091,Unknown,21,29,44,48,119,99,17.0,0,3
42.25,14375.0,0.0,2014.0,서그내로53번길 11-1,다세대,37.24174866,127.0727274,13,17,1727,18,3,39,0,,0,,0,,0,,1,112.0,7,28,15,107.0,0,,0.0,,11.0,1.0,서그내로 61,14375.0,Unknown,11,44,30,80,112,103,12.0,0,2
42.25,14375.0,0.0,2014.0,서그내로53번길 11-1,다세대,37.24174866,127.0727274,13,17,1727,18,3,39,0,,0,,0,,0,,1,112.0,7,28,15,107.0,0,,0.0,,11.0,1.0,서그내로 61,14375.0,Unknown,11,44,30,80,112,103,12.0,0,2
20.64,11500.0,11.5,2023.0,서그내로53번길 40-1,다세대,37.24109643,127.0695717,11,19,2195,20,1,106,0,,0,,0,,0,,0,,1,148,3,70.0,0,,0.0,,12.0,2.0,서그내로53번길 31,11709.09090909091,Unknown,11,23,31,64,111,103,15.0,1,3
17.0,575.0,49.45,2015.0,서그내로62번길 42,다세대,37.24291591,127.067901,1,23,2176,21,2,40,0,,0,,0,,0,,0,,3,97,6,23.0,0,,0.0,,13.0,3.0,서그내로62번길 35,1474.090909090909,동향,11,28,38,44,131,101,15.0,1,4
13.0,345.0,46.0,2012.0,서그내로 23-5,다세대,37.24559678,127.0744081,3,14,1485,13,2,54,0,,0,,0,,0,,1,189.0,3,65,7,39.0,0,,0.0,,15.0,5.0,서그내로 23-5,1181.3636363636365,서향,18,41,39,71,129,102,15.0,2,3
20.64,9200.0,34.5,2023.0,서그내로53번길 40-1,다세대,37.24109643,127.0695717,11,19,2195,20,1,106,0,,0,,0,,0,,0,,1,148,3,70.0,0,,0.0,,12.0,2.0,서그내로53번길 31,9827.272727272728,Unknown,11,23,31,64,111,103,15.0,1,3
20.64,11500.0,11.5,2023.0,서그내로53번길 40-1,다세대,37.24109643,127.0695717,11,19,2195,20,1,106,0,,0,,0,,0,,0,,1,148,3,70.0,0,,0.0,,12.0,2.0,서그내로53번길 31,11709.09090909091,Unknown,11,23,31,64,111,103,15.0,1,3
47.475,19550.0,0.0,2013.0,서그내로16번길 25,다세대,37.24508382,127.0706698,13,17,1632,18,3,39,0,,0,,0,,0,,1,112.0,7,28,15,107.0,0,,0.0,,37.0,27.0,서그내로16번길 27,19550.0,Unknown,10,21,39,75,137,101,16.0,0,0
37.43,9200.0,55.2,2023.0,서그내로53번길 3-5,다세대,37.24231621,127.073921,3,14,1661,13,2,54,0,,0,,0,,0,,1,189.0,3,65,7,39.0,0,,0.0,,10.0,0.0,서그내로 43,10203.636363636364,서향,11,44,27,85,113,103,13.0,0,3
50.89,19550.0,0.0,2015.0,서그내로 43,다세대,37.24308982,127.074183,3,14,1661,13,2,54,0,,0,,0,,0,,1,189.0,3,65,7,39.0,0,,0.0,,10.0,0.0,서그내로 43,19550.0,서향,11,44,27,85,113,103,13.0,2,2
50.89,19550.0,0.0,2015.0,서그내로 43,다세대,37.24308982,127.074183,3,14,1661,13,2,54,0,,0,,0,,0,,1,189.0,3,65,7,39.0,0,,0.0,,10.0,0.0,서그내로 43,19550.0,서향,11,44,27,85,113,103,13.0,2,2
15.39,1150.0,50.6,2018.0,서그내로53번길 33,다세대,37.24111925,127.070438,11,19,2195,20,1,106,0,,0,,0,,0,,0,,1,148,3,70.0,0,,0.0,,12.0,2.0,서그내로53번길 31,2070.0,Unknown,11,23,31,64,111,103,15.0,1,4
23.21,5750.0,64.4,2023.0,서그내로53번길 40-1,다세대,37.24109643,127.0695717,11,19,2195,20,1,106,0,,0,,0,,0,,0,,1,148,3,70.0,0,,0.0,,12.0,2.0,서그내로53번길 31,6920.909090909091,Unknown,11,23,31,64,111,103,15.0,1,3
19.7272,17250.0,0.0,2020.0,서그내로53번길 24,다세대,37.241556,127.0715486,13,17,2195,18,3,39,0,,0,,0,,0,,1,112.0,7,28,15,107.0,0,,0.0,,12.0,2.0,서그내로53번길 31,17250.0,Unknown,11,23,31,64,111,103,15.0,0,4
21.715,1150.0,64.4,2014.0,서그내로 30,다세대,37.24457167,127.0738645,3,14,1704,13,2,54,0,,0,,0,,0,,1,189.0,3,65,7,39.0,0,,0.0,,14.0,4.0,서그내로 30,2320.909090909091,동향,14,45,37,82,133,102,12.0,1,4
20.65,9200.0,0.0,2015.0,서그내로 46,다세대,37.2431637,127.0736001,3,14,1661,13,2,54,0,,0,,0,,0,,1,189.0,3,65,7,39.0,0,,0.0,,10.0,0.0,서그내로 43,9200.0,서향,11,44,27,85,113,103,13.0,2,2
19.3984,8050.0,34.5,2020.0,서그내로53번길 24,다세대,37.241556,127.0715486,13,17,2195,18,3,39,0,,0,,0,,0,,1,112.0,7,28,15,107.0,0,,0.0,,12.0,2.0,서그내로53번길 31,8677.272727272728,Unknown,11,23,31,64,111,103,15.0,0,4
19.3984,14950.0,0.0,2020.0,서그내로53번길 24,다세대,37.241556,127.0715486,13,17,2195,18,3,39,0,,0,,0,,0,,1,112.0,7,28,15,107.0,0,,0.0,,12.0,2.0,서그내로53번길 31,14950.0,Unknown,11,23,31,64,111,103,15.0,0,4
19.3984,14950.0,0.0,2020.0,서그내로53번길 24,다세대,37.241556,127.0715486,13,17,2195,18,3,39,0,,0,,0,,0,,1,112.0,7,28,15,107.0,0,,0.0,,12.0,2.0,서그내로53번길 31,14950.0,Unknown,11,23,31,64,111,103,15.0,0,4
19.3984,5750.0,46.0,2020.0,서그내로53번길 24,다세대,37.241556,127.0715486,13,17,2195,18,3,39,0,,0,,0,,0,,1,112.0,7,28,15,107.0,0,,0.0,,12.0,2.0,서그내로53번길 31,6586.363636363636,Unknown,11,23,31,64,111,103,15.0,0,4
14.09,1150.0,57.5,2013.0,서그내로 46-2,다세대,37.24336243,127.0737232,3,14,1661,13,2,54,0,,0,,0,,0,,1,189.0,3,65,7,39.0,0,,0.0,,10.0,0.0,서그내로 43,2195.454545454545,서향,11,44,27,85,113,103,13.0,2,2
16.39,3450.0,72.45,2022.0,덕영대로 1698,연립,37.24679011,127.0765128,14,14,833,11,3,27,0,,0,,0,,1,77.0,2,146.0,15,36,15,11.0,1,158.0,1.0,84.0,17.0,7.0,덕영대로 1698,4767.272727272727,Unknown,21,29,44,48,119,99,17.0,0,3
44.52,14375.0,6.9,2022.0,서그내로 61,다세대,37.24216795,127.0724701,13,17,1727,18,3,39,0,,0,,0,,0,,1,112.0,7,28,15,107.0,0,,0.0,,11.0,1.0,서그내로 61,14500.454545454546,Unknown,11,44,30,80,112,103,12.0,0,1
44.52,14375.0,6.9,2022.0,서그내로 61,다세대,37.24216795,127.0724701,13,17,1727,18,3,39,0,,0,,0,,0,,1,112.0,7,28,15,107.0,0,,0.0,,11.0,1.0,서그내로 61,14500.454545454546,Unknown,11,44,30,80,112,103,12.0,0,1
30.3,18360.0,0.0,2020.0,서그내로 59,연립다세대,37.24224665,127.0726211,13,17,1727,18,3,39,0,,0,,0,,0,,1,112.0,7,28,15,107.0,0,,0.0,,11.0,1.0,서그내로 61,18360.0,Unknown,11,44,30,80,112,103,12.0,0,3
35.09,4125.9,12.24,2019.0,서그내로62번길 35,연립다세대,37.242482,127.0682545,1,23,2176,21,2,40,0,,0,,0,,0,,0,,3,97,6,23.0,0,,0.0,,13.0,3.0,서그내로62번길 35,4348.445454545455,동향,11,28,38,44,131,101,15.0,0,2
25.19,1020.0,51.0,2015.0,서그내로 46,연립다세대,37.2431637,127.0736001,3,14,1661,13,2,54,0,,0,,0,,0,,1,189.0,3,65,7,39.0,0,,0.0,,10.0,0.0,서그내로 43,1947.272727272728,서향,11,44,27,85,113,103,13.0,2,2
13.0,306.0,40.8,2012.0,서그내로 23-5,연립다세대,37.24559678,127.0744081,3,14,1485,13,2,54,0,,0,,0,,0,,1,189.0,3,65,7,39.0,0,,0.0,,15.0,5.0,서그내로 23-5,1047.8181818181818,서향,18,41,39,71,129,102,15.0,2,3
17.5,1020.0,47.94,2015.0,서그내로 43,연립다세대,37.24308982,127.074183,3,14,1661,13,2,54,0,,0,,0,,0,,1,189.0,3,65,7,39.0,0,,0.0,,10.0,0.0,서그내로 43,1891.6363636363635,서향,11,44,27,85,113,103,13.0,2,2
21.43,1020.0,42.84,2015.0,서그내로 46,연립다세대,37.2431637,127.0736001,3,14,1661,13,2,54,0,,0,,0,,0,,1,189.0,3,65,7,39.0,0,,0.0,,10.0,0.0,서그내로 43,1798.909090909091,서향,11,44,27,85,113,103,13.0,2,2
14.09,7140.0,0.0,2013.0,서그내로 46-2,연립다세대,37.24336243,127.0737232,3,14,1661,13,2,54,0,,0,,0,,0,,1,189.0,3,65,7,39.0,0,,0.0,,10.0,0.0,서그내로 43,7140.0,서향,11,44,27,85,113,103,13.0,2,2
14.09,6630.0,0.0,2013.0,서그내로 46-2,연립다세대,37.24336243,127.0737232,3,14,1661,13,2,54,0,,0,,0,,0,,1,189.0,3,65,7,39.0,0,,0.0,,10.0,0.0,서그내로 43,6630.0,서향,11,44,27,85,113,103,13.0,2,2
14.09,7140.0,0.0,2013.0,서그내로 46-2,연립다세대,37.24336243,127.0737232,3,14,1661,13,2,54,0,,0,,0,,0,,1,189.0,3,65,7,39.0,0,,0.0,,10.0,0.0,서그내로 43,7140.0,서향,11,44,27,85,113,103,13.0,2,2
15.09,306.0,40.8,2012.0,서그내로 23-5,연립다세대,37.24559678,127.0744081,3,14,1485,13,2,54,0,,0,,0,,0,,1,189.0,3,65,7,39.0,0,,0.0,,15.0,5.0,서그내로 23-5,1047.8181818181818,서향,18,41,39,71,129,102,15.0,2,3
38.85,13260.0,0.0,2015.0,서그내로62번길 33,연립다세대,37.24243355,127.0687739,1,23,2176,21,2,40,0,,0,,0,,0,,0,,3,97,6,23.0,0,,0.0,,13.0,3.0,서그내로62번길 35,13260.0,Unknown,11,28,38,44,131,101,15.0,0,2
21.21,10000.0,33.0,2014.0,서그내로 30,연립다세대,37.24457167,127.0738645,3,14,1704,13,2,54,0,,0,,0,,0,,1,189.0,3,65,7,39.0,0,,0.0,,14.0,4.0,서그내로 30,10600.0,동향,14,45,37,82,133,102,12.0,1,4
14.09,6800.0,0.0,2013.0,서그내로 46-2,연립다세대,37.24336243,127.0737232,3,14,1661,13,2,54,0,,0,,0,,0,,1,189.0,3,65,7,39.0,0,,0.0,,10.0,0.0,서그내로 43,6800.0,서향,11,44,27,85,113,103,13.0,2,2
14.61,6500.0,0.0,2013.0,서그내로 46-2,연립다세대,37.24336243,127.0737232,3,14,1661,13,2,54,0,,0,,0,,0,,1,189.0,3,65,7,39.0,0,,0.0,,10.0,0.0,서그내로 43,6500.0,서향,11,44,27,85,113,103,13.0,2,2
45.67,21900.0,0.0,2020.0,서그내로53번길 27-26,연립다세대,37.24075604,127.0702394,11,19,2195,20,1,106,0,,0,,0,,0,,0,,1,148,3,70.0,0,,0.0,,12.0,2.0,서그내로53번길 31,21900.0,Unknown,11,23,31,64,111,103,15.0,2,4
45.67,21900.0,0.0,2020.0,서그내로53번길 27-26,연립다세대,37.24075604,127.0702394,11,19,2195,20,1,106,0,,0,,0,,0,,0,,1,148,3,70.0,0,,0.0,,12.0,2.0,서그내로53번길 31,21900.0,Unknown,11,23,31,64,111,103,15.0,2,4
25.97,10500.0,0.0,2015.0,서그내로 43,연립다세대,37.24308982,127.074183,3,14,1661,13,2,54,0,,0,,0,,0,,1,189.0,3,65,7,39.0,0,,0.0,,10.0,0.0,서그내로 43,10500.0,서향,11,44,27,85,113,103,13.0,2,2
48.26,1000.0,80.0,2020.0,서그내로53번길 31,연립다세대,37.24113549,127.0707007,11,19,2195,20,1,106,0,,0,,0,,0,,0,,1,148,3,70.0,0,,0.0,,12.0,2.0,서그내로53번길 31,2454.5454545454545,Unknown,11,23,31,64,111,103,15.0,1,4
44.8,18000.0,0.0,2020.0,서그내로53번길 31,연립다세대,37.24113549,127.0707007,11,19,2195,20,1,106,0,,0,,0,,0,,0,,1,148,3,70.0,0,,0.0,,12.0,2.0,서그내로53번길 31,18000.0,Unknown,11,23,31,64,111,103,15.0,1,4
14.09,6500.0,0.0,2013.0,서그내로 46-2,연립다세대,37.24336243,127.0737232,3,14,1661,13,2,54,0,,0,,0,,0,,1,189.0,3,65,7,39.0,0,,0.0,,10.0,0.0,서그내로 43,6500.0,서향,11,44,27,85,113,103,13.0,2,2
36.06,353.0,31.0,2019.0,서그내로62번길 35,연립다세대,37.242482,127.0682545,1,23,2176,21,2,40,0,,0,,0,,0,,0,,3,97,6,23.0,0,,0.0,,13.0,3.0,서그내로62번길 35,916.6363636363636,동향,11,28,38,44,131,101,15.0,0,2
47.51,18000.0,0.0,2020.0,서그내로53번길 29,연립다세대,37.24114946,127.0709065,11,19,2195,20,1,106,0,,0,,0,,0,,0,,1,148,3,70.0,0,,0.0,,12.0,2.0,서그내로53번길 31,18000.0,Unknown,11,23,31,64,111,103,15.0,1,4
38.98,17000.0,0.0,2020.0,서그내로53번길 29,연립다세대,37.24114946,127.0709065,11,19,2195,20,1,106,0,,0,,0,,0,,0,,1,148,3,70.0,0,,0.0,,12.0,2.0,서그내로53번길 31,17000.0,Unknown,11,23,31,64,111,103,15.0,1,4
38.98,7000.0,25.0,2020.0,서그내로53번길 29,연립다세대,37.24114946,127.0709065,11,19,2195,20,1,106,0,,0,,0,,0,,0,,1,148,3,70.0,0,,0.0,,12.0,2.0,서그내로53번길 31,7454.545454545455,Unknown,11,23,31,64,111,103,15.0,1,4
42.1,3000.0,50.0,2020.0,서그내로53번길 31,연립다세대,37.24113549,127.0707007,11,19,2195,20,1,106,0,,0,,0,,0,,0,,1,148,3,70.0,0,,0.0,,12.0,2.0,서그내로53번길 31,3909.090909090909,Unknown,11,23,31,64,111,103,15.0,1,4
48.26,20000.0,0.0,2020.0,서그내로53번길 31,연립다세대,37.24113549,127.0707007,11,19,2195,20,1,106,0,,0,,0,,0,,0,,1,148,3,70.0,0,,0.0,,12.0,2.0,서그내로53번길 31,20000.0,Unknown,11,23,31,64,111,103,15.0,1,4
38.98,17000.0,0.0,2020.0,서그내로53번길 29,연립다세대,37.24114946,127.0709065,11,19,2195,20,1,106,0,,0,,0,,0,,0,,1,148,3,70.0,0,,0.0,,12.0,2.0,서그내로53번길 31,17000.0,Unknown,11,23,31,64,111,103,15.0,1,4
48.26,20000.0,0.0,2020.0,서그내로53번길 31,연립다세대,37.24113549,127.0707007,11,19,2195,20,1,106,0,,0,,0,,0,,0,,1,148,3,70.0,0,,0.0,,12.0,2.0,서그내로53번길 31,20000.0,Unknown,11,23,31,64,111,103,15.0,1,4
17.5,8900.0,0.0,2015.0,서그내로 43,연립다세대,37.24308982,127.074183,3,14,1661,13,2,54,0,,0,,0,,0,,1,189.0,3,65,7,39.0,0,,0.0,,10.0,0.0,서그내로 43,8900.0,서향,11,44,27,85,113,103,13.0,2,2
22.06,10000.0,0.0,2014.0,서그내로 30,연립다세대,37.24457167,127.0738645,3,14,1704,13,2,54,0,,0,,0,,0,,1,189.0,3,65,7,39.0,0,,0.0,,14.0,4.0,서그내로 30,10000.0,동향,14,45,37,82,133,102,12.0,1,4
47.475,14500.0,0.0,2013.0,서그내로16번길 25,연립다세대,37.24508382,127.0706698,13,17,1632,18,3,39,0,,0,,0,,0,,1,112.0,7,28,15,107.0,0,,0.0,,37.0,27.0,서그내로16번길 27,14500.0,Unknown,10,21,39,75,137,101,16.0,0,0
15.6,500.0,48.0,2018.0,서그내로53번길 33,연립다세대,37.24111925,127.070438,11,19,2195,20,1,106,0,,0,,0,,0,,0,,1,148,3,70.0,0,,0.0,,12.0,2.0,서그내로53번길 31,1372.7272727272727,Unknown,11,23,31,64,111,103,15.0,1,4
13.47,300.0,30.0,2012.0,서그내로16번길 27,연립다세대,37.245079,127.0705474,13,17,1632,18,3,39,0,,0,,0,,0,,1,112.0,7,28,15,107.0,0,,0.0,,37.0,27.0,서그내로16번길 27,845.4545454545455,동향,10,21,39,75,137,101,16.0,0,0
12.4,6000.0,0.0,2014.0,서그내로53번길 3-9,연립다세대,37.24240803,127.0742087,3,14,1661,13,2,54,0,,0,,0,,0,,1,189.0,3,65,7,39.0,0,,0.0,,10.0,0.0,서그내로 43,6000.0,동향,11,44,27,85,113,103,13.0,1,4
14.09,7000.0,0.0,2013.0,서그내로 46-2,연립다세대,37.24336243,127.0737232,3,14,1661,13,2,54,0,,0,,0,,0,,1,189.0,3,65,7,39.0,0,,0.0,,10.0,0.0,서그내로 43,7000.0,서향,11,44,27,85,113,103,13.0,2,2
25.19,1000.0,50.0,2015.0,서그내로 46,연립다세대,37.2431637,127.0736001,3,14,1661,13,2,54,0,,0,,0,,0,,1,189.0,3,65,7,39.0,0,,0.0,,10.0,0.0,서그내로 43,1909.090909090909,서향,11,44,27,85,113,103,13.0,2,2
20.8,13000.0,0.0,2020.0,서그내로 59,연립다세대,37.24224665,127.0726211,13,17,1727,18,3,39,0,,0,,0,,0,,1,112.0,7,28,15,107.0,0,,0.0,,11.0,1.0,서그내로 61,13000.0,Unknown,11,44,30,80,112,103,12.0,0,3
25.01,15500.0,0.0,2020.0,서그내로 59,연립다세대,37.24224665,127.0726211,13,17,1727,18,3,39,0,,0,,0,,0,,1,112.0,7,28,15,107.0,0,,0.0,,11.0,1.0,서그내로 61,15500.0,Unknown,11,44,30,80,112,103,12.0,0,3
16.03,7000.0,0.0,2013.0,서그내로 46-2,연립다세대,37.24336243,127.0737232,3,14,1661,13,2,54,0,,0,,0,,0,,1,189.0,3,65,7,39.0,0,,0.0,,10.0,0.0,서그내로 43,7000.0,서향,11,44,27,85,113,103,13.0,2,2
18.8,12000.0,0.0,2020.0,서그내로 59,연립다세대,37.24224665,127.0726211,13,17,1727,18,3,39,0,,0,,0,,0,,1,112.0,7,28,15,107.0,0,,0.0,,11.0,1.0,서그내로 61,12000.0,Unknown,11,44,30,80,112,103,12.0,0,3
14.61,7000.0,0.0,2013.0,서그내로 46-2,연립다세대,37.24336243,127.0737232,3,14,1661,13,2,54,0,,0,,0,,0,,1,189.0,3,65,7,39.0,0,,0.0,,10.0,0.0,서그내로 43,7000.0,서향,11,44,27,85,113,103,13.0,2,2
18.8,12000.0,0.0,2020.0,서그내로 59,연립다세대,37.24224665,127.0726211,13,17,1727,18,3,39,0,,0,,0,,0,,1,112.0,7,28,15,107.0,0,,0.0,,11.0,1.0,서그내로 61,12000.0,Unknown,11,44,30,80,112,103,12.0,0,3
32.37,3000.0,0.0,2018.0,서그내로53번길 33,연립다세대,37.24111925,127.070438,11,19,2195,20,1,106,0,,0,,0,,0,,0,,1,148,3,70.0,0,,0.0,,12.0,2.0,서그내로53번길 31,3000.0,Unknown,11,23,31,64,111,103,15.0,1,4
18.01,10000.0,0.0,2020.0,서그내로 59,연립다세대,37.24224665,127.0726211,13,17,1727,18,3,39,0,,0,,0,,0,,1,112.0,7,28,15,107.0,0,,0.0,,11.0,1.0,서그내로 61,10000.0,Unknown,11,44,30,80,112,103,12.0,0,3
20.14,12000.0,0.0,2020.0,서그내로 59,연립다세대,37.24224665,127.0726211,13,17,1727,18,3,39,0,,0,,0,,0,,1,112.0,7,28,15,107.0,0,,0.0,,11.0,1.0,서그내로 61,12000.0,Unknown,11,44,30,80,112,103,12.0,0,3
36.13,15000.0,0.0,2019.0,서그내로62번길 35,연립다세대,37.242482,127.0682545,1,23,2176,21,2,40,0,,0,,0,,0,,0,,3,97,6,23.0,0,,0.0,,13.0,3.0,서그내로62번길 35,15000.0,동향,11,28,38,44,131,101,15.0,0,2
18.8,12000.0,0.0,2020.0,서그내로 59,연립다세대,37.24224665,127.0726211,13,17,1727,18,3,39,0,,0,,0,,0,,1,112.0,7,28,15,107.0,0,,0.0,,11.0,1.0,서그내로 61,12000.0,Unknown,11,44,30,80,112,103,12.0,0,3
47.475,13500.0,0.0,2013.0,서그내로16번길 25,연립다세대,37.24508382,127.0706698,13,17,1632,18,3,39,0,,0,,0,,0,,1,112.0,7,28,15,107.0,0,,0.0,,37.0,27.0,서그내로16번길 27,13500.0,Unknown,10,21,39,75,137,101,16.0,0,0
47.475,13500.0,0.0,2013.0,서그내로16번길 25,연립다세대,37.24508382,127.0706698,13,17,1632,18,3,39,0,,0,,0,,0,,1,112.0,7,28,15,107.0,0,,0.0,,37.0,27.0,서그내로16번길 27,13500.0,Unknown,10,21,39,75,137,101,16.0,0,0
36.12,353.0,32.0,2019.0,서그내로62번길 35,연립다세대,37.242482,127.0682545,1,23,2176,21,2,40,0,,0,,0,,0,,0,,3,97,6,23.0,0,,0.0,,13.0,3.0,서그내로62번길 35,934.818181818182,동향,11,28,38,44,131,101,15.0,0,2
15.6,1000.0,45.0,2018.0,서그내로53번길 33,연립다세대,37.24111925,127.070438,11,19,2195,20,1,106,0,,0,,0,,0,,0,,1,148,3,70.0,0,,0.0,,12.0,2.0,서그내로53번길 31,1818.181818181818,Unknown,11,23,31,64,111,103,15.0,1,4
19.7272,12000.0,0.0,2020.0,서그내로53번길 24,연립다세대,37.241556,127.0715486,13,17,2195,18,3,39,0,,0,,0,,0,,1,112.0,7,28,15,107.0,0,,0.0,,12.0,2.0,서그내로53번길 31,12000.0,Unknown,11,23,31,64,111,103,15.0,0,4
19.7272,11500.0,0.0,2020.0,서그내로53번길 24,연립다세대,37.241556,127.0715486,13,17,2195,18,3,39,0,,0,,0,,0,,1,112.0,7,28,15,107.0,0,,0.0,,12.0,2.0,서그내로53번길 31,11500.0,Unknown,11,23,31,64,111,103,15.0,0,4
19.7272,11500.0,0.0,2020.0,서그내로53번길 24,연립다세대,37.241556,127.0715486,13,17,2195,18,3,39,0,,0,,0,,0,,1,112.0,7,28,15,107.0,0,,0.0,,12.0,2.0,서그내로53번길 31,11500.0,Unknown,11,23,31,64,111,103,15.0,0,4
21.48,100.0,30.0,1998.0,예현로35번길 5-13,연립다세대,37.24319556,127.0680041,1,23,2176,21,2,40,0,,0,,0,,0,,0,,3,97,6,23.0,0,,0.0,,13.0,3.0,서그내로62번길 35,645.4545454545455,Unknown,11,28,38,44,131,101,15.0,0,6
17.0,3000.0,25.0,2015.0,서그내로62번길 42,연립다세대,37.24291591,127.067901,1,23,2176,21,2,40,0,,0,,0,,0,,0,,3,97,6,23.0,0,,0.0,,13.0,3.0,서그내로62번길 35,3454.5454545454545,동향,11,28,38,44,131,101,15.0,1,4
26.02,510.0,40.8,2013.0,영통로501번길 7,연립다세대,37.26377649,127.0771124,9,50,1207,22,2,97,0,,2,132.0,2,69.0,0,,0,,5,16,15,22.0,1,119.0,0.0,,-1.0,,,1251.8181818181818,동향,0,0,0,0,0,0,,2,2
17.37,510.0,48.96,2017.0,영통로200번길 55,연립다세대,37.24450572,127.0596508,6,27,2936,11,6,65,0,,3,178.0,4,94.0,2,89.0,0,,15,52,15,5.0,0,,3.0,108.0,34.0,24.0,영통로200번길 59,1400.1818181818182,동향,19,0,40,0,143,25,14.0,1,4
19.11,1000.0,40.0,2016.0,영통로200번길 65,연립다세대,37.24441543,127.0603302,6,27,2936,11,6,65,0,,3,178.0,4,94.0,2,89.0,0,,15,52,15,5.0,0,,3.0,108.0,34.0,24.0,영통로200번길 59,1727.2727272727273,동향,19,0,40,0,143,25,14.0,1,5
21.99,9450.0,0.0,2016.0,영통로200번길 65,연립다세대,37.24441543,127.0603302,6,27,2936,11,6,65,0,,3,178.0,4,94.0,2,89.0,0,,15,52,15,5.0,0,,3.0,108.0,34.0,24.0,영통로200번길 59,9450.0,동향,19,0,40,0,143,25,14.0,1,5
41.71,17850.0,0.0,2016.0,영통로200번길 65,연립다세대,37.24441543,127.0603302,6,27,2936,11,6,65,0,,3,178.0,4,94.0,2,89.0,0,,15,52,15,5.0,0,,3.0,108.0,34.0,24.0,영통로200번길 59,17850.0,동향,19,0,40,0,143,25,14.0,1,5
44.0,18900.0,0.0,2017.0,영통로200번길 47,연립다세대,37.24461256,127.0592247,6,27,2936,11,6,65,0,,3,178.0,4,94.0,2,89.0,0,,15,52,15,5.0,0,,3.0,108.0,34.0,24.0,영통로200번길 59,18900.0,동향,19,0,40,0,143,25,14.0,0,5
41.71,17850.0,0.0,2016.0,영통로200번길 65,연립다세대,37.24441543,127.0603302,6,27,2936,11,6,65,0,,3,178.0,4,94.0,2,89.0,0,,15,52,15,5.0,0,,3.0,108.0,34.0,24.0,영통로200번길 59,17850.0,동향,19,0,40,0,143,25,14.0,1,5
40.75,16800.0,0.0,2016.0,영통로200번길 65,연립다세대,37.24441543,127.0603302,6,27,2936,11,6,65,0,,3,178.0,4,94.0,2,89.0,0,,15,52,15,5.0,0,,3.0,108.0,34.0,24.0,영통로200번길 59,16800.0,동향,19,0,40,0,143,25,14.0,1,5
19.59,10000.0,0.0,2016.0,영통로200번길 65,연립다세대,37.24441543,127.0603302,6,27,2936,11,6,65,0,,3,178.0,4,94.0,2,89.0,0,,15,52,15,5.0,0,,3.0,108.0,34.0,24.0,영통로200번길 59,10000.0,동향,19,0,40,0,143,25,14.0,1,5
23.27,10500.0,0.0,2016.0,영통로200번길 65,연립다세대,37.24441543,127.0603302,6,27,2936,11,6,65,0,,3,178.0,4,94.0,2,89.0,0,,15,52,15,5.0,0,,3.0,108.0,34.0,24.0,영통로200번길 59,10500.0,동향,19,0,40,0,143,25,14.0,1,5
18.66,12600.0,0.0,2017.0,영통로200번길 47,연립다세대,37.24461256,127.0592247,6,27,2936,11,6,65,0,,3,178.0,4,94.0,2,89.0,0,,15,52,15,5.0,0,,3.0,108.0,34.0,24.0,영통로200번길 59,12600.0,동향,19,0,40,0,143,25,14.0,0,5
25.02,12600.0,0.0,2017.0,영통로200번길 47,연립다세대,37.24461256,127.0592247,6,27,2936,11,6,65,0,,3,178.0,4,94.0,2,89.0,0,,15,52,15,5.0,0,,3.0,108.0,34.0,24.0,영통로200번길 59,12600.0,동향,19,0,40,0,143,25,14.0,0,5
41.71,17800.0,0.0,2016.0,영통로200번길 65,연립다세대,37.24441543,127.0603302,6,27,2936,11,6,65,0,,3,178.0,4,94.0,2,89.0,0,,15,52,15,5.0,0,,3.0,108.0,34.0,24.0,영통로200번길 59,17800.0,동향,19,0,40,0,143,25,14.0,1,5
34.19,18900.0,0.0,2017.0,영통로200번길 59,연립다세대,37.24447081,127.0598659,6,27,2936,11,6,65,0,,3,178.0,4,94.0,2,89.0,0,,15,52,15,5.0,0,,3.0,108.0,34.0,24.0,영통로200번길 59,18900.0,동향,19,0,40,0,143,25,14.0,1,4
54.8,20400.0,0.0,2017.0,영통로200번길 47,연립다세대,37.24461256,127.0592247,6,27,2936,11,6,65,0,,3,178.0,4,94.0,2,89.0,0,,15,52,15,5.0,0,,3.0,108.0,34.0,24.0,영통로200번길 59,20400.0,동향,19,0,40,0,143,25,14.0,0,5
14.14,8400.0,0.0,2017.0,영통로200번길 47,연립다세대,37.24461256,127.0592247,6,27,2936,11,6,65,0,,3,178.0,4,94.0,2,89.0,0,,15,52,15,5.0,0,,3.0,108.0,34.0,24.0,영통로200번길 59,8400.0,동향,19,0,40,0,143,25,14.0,0,5
24.98,13000.0,0.0,2017.0,영통로200번길 47,연립다세대,37.24461256,127.0592247,6,27,2936,11,6,65,0,,3,178.0,4,94.0,2,89.0,0,,15,52,15,5.0,0,,3.0,108.0,34.0,24.0,영통로200번길 59,13000.0,동향,19,0,40,0,143,25,14.0,0,5
24.57,10000.0,0.0,2018.0,영통로501번길 1-6,연립다세대,37.26339582,127.0772557,9,50,1207,22,2,97,0,,2,132.0,2,69.0,0,,0,,5,16,15,22.0,1,119.0,0.0,,-1.0,,,10000.0,동향,0,0,0,0,0,0,,2,2
24.88,15500.0,0.0,2017.0,영통로200번길 59,연립다세대,37.24447081,127.0598659,6,27,2936,11,6,65,0,,3,178.0,4,94.0,2,89.0,0,,15,52,15,5.0,0,,3.0,108.0,34.0,24.0,영통로200번길 59,15500.0,동향,19,0,40,0,143,25,14.0,1,4
54.8,20000.0,0.0,2017.0,영통로200번길 47,연립다세대,37.24461256,127.0592247,6,27,2936,11,6,65,0,,3,178.0,4,94.0,2,89.0,0,,15,52,15,5.0,0,,3.0,108.0,34.0,24.0,영통로200번길 59,20000.0,동향,19,0,40,0,143,25,14.0,0,5
24.88,2000.0,55.0,2017.0,영통로200번길 59,연립다세대,37.24447081,127.0598659,6,27,2936,11,6,65,0,,3,178.0,4,94.0,2,89.0,0,,15,52,15,5.0,0,,3.0,108.0,34.0,24.0,영통로200번길 59,3000.0,동향,19,0,40,0,143,25,14.0,1,4
23.99,11000.0,0.0,2017.0,영통로200번길 47,연립다세대,37.24461256,127.0592247,6,27,2936,11,6,65,0,,3,178.0,4,94.0,2,89.0,0,,15,52,15,5.0,0,,3.0,108.0,34.0,24.0,영통로200번길 59,11000.0,동향,19,0,40,0,143,25,14.0,0,5
18.0,1000.0,60.0,2017.0,영통로200번길 55,연립다세대,37.24450572,127.0596508,6,27,2936,11,6,65,0,,3,178.0,4,94.0,2,89.0,0,,15,52,15,5.0,0,,3.0,108.0,34.0,24.0,영통로200번길 59,2090.909090909091,동향,19,0,40,0,143,25,14.0,1,4
45.4,1000.0,0.0,2013.0,영통로501번길 7,연립다세대,37.26377649,127.0771124,9,50,1207,22,2,97,0,,2,132.0,2,69.0,0,,0,,5,16,15,22.0,1,119.0,0.0,,-1.0,,,1000.0,동향,0,0,0,0,0,0,,2,2
19.59,9000.0,0.0,2016.0,영통로200번길 65,연립다세대,37.24441543,127.0603302,6,27,2936,11,6,65,0,,3,178.0,4,94.0,2,89.0,0,,15,52,15,5.0,0,,3.0,108.0,34.0,24.0,영통로200번길 59,9000.0,동향,19,0,40,0,143,25,14.0,1,5
21.07,9500.0,0.0,2016.0,영통로200번길 65,연립다세대,37.24441543,127.0603302,6,27,2936,11,6,65,0,,3,178.0,4,94.0,2,89.0,0,,15,52,15,5.0,0,,3.0,108.0,34.0,24.0,영통로200번길 59,9500.0,동향,19,0,40,0,143,25,14.0,1,5
44.98,2000.0,50.0,2013.0,영통로501번길 7,연립다세대,37.26377649,127.0771124,9,50,1207,22,2,97,0,,2,132.0,2,69.0,0,,0,,5,16,15,22.0,1,119.0,0.0,,-1.0,,,2909.090909090909,동향,0,0,0,0,0,0,,2,2
20.67,5400.0,54.0,2023.0,서그내로53번길 3-5,연립다세대,37.24231621,127.073921,3,14,1661,13,2,54,0,,0,,0,,0,,1,189.0,3,65,7,39.0,0,,0.0,,10.0,0.0,서그내로 43,6381.818181818182,서향,11,44,27,85,113,103,13.0,0,3
36.06,4147.2,17.28,2019.0,서그내로62번길 35,연립다세대,37.242482,127.0682545,1,23,2176,21,2,40,0,,0,,0,,0,,0,,3,97,6,23.0,0,,0.0,,13.0,3.0,서그내로62번길 35,4461.381818181818,동향,11,28,38,44,131,101,15.0,0,2
16.45,4320.0,62.64,2022.0,덕영대로 1698,연립다세대,37.24679011,127.0765128,14,14,833,11,3,27,0,,0,,0,,1,77.0,2,146.0,15,36,15,11.0,1,158.0,1.0,84.0,17.0,7.0,덕영대로 1698,5458.909090909091,Unknown,21,29,44,48,119,99,17.0,0,3
22.86,1080.0,86.4,2022.0,서그내로 63,연립다세대,37.2420843,127.0722695,13,17,1727,18,3,39,0,,0,,0,,0,,1,112.0,7,28,15,107.0,0,,0.0,,11.0,1.0,서그내로 61,2650.909090909091,Unknown,11,44,30,80,112,103,12.0,0,1
13.42,324.0,33.48,2012.0,서그내로16번길 27,연립다세대,37.245079,127.0705474,13,17,1632,18,3,39,0,,0,,0,,0,,1,112.0,7,28,15,107.0,0,,0.0,,37.0,27.0,서그내로16번길 27,932.7272727272726,동향,10,21,39,75,137,101,16.0,0,0
13.6,2052.0,37.8,2013.0,서그내로 46-2,연립다세대,37.24336243,127.0737232,3,14,1661,13,2,54,0,,0,,0,,0,,1,189.0,3,65,7,39.0,0,,0.0,,10.0,0.0,서그내로 43,2739.272727272727,서향,11,44,27,85,113,103,13.0,2,2
15.6,1080.0,47.52,2018.0,서그내로53번길 33,연립다세대,37.24111925,127.070438,11,19,2195,20,1,106,0,,0,,0,,0,,0,,1,148,3,70.0,0,,0.0,,12.0,2.0,서그내로53번길 31,1944.0,Unknown,11,23,31,64,111,103,15.0,1,4
25.01,18360.0,0.0,2020.0,서그내로 59,연립다세대,37.24224665,127.0726211,13,17,1727,18,3,39,0,,0,,0,,0,,1,112.0,7,28,15,107.0,0,,0.0,,11.0,1.0,서그내로 61,18360.0,Unknown,11,44,30,80,112,103,12.0,0,3
21.48,0.0,35.64,1998.0,예현로35번길 5-13,연립다세대,37.24319556,127.0680041,1,23,2176,21,2,40,0,,0,,0,,0,,0,,3,97,6,23.0,0,,0.0,,13.0,3.0,서그내로62번길 35,648.0,Unknown,11,28,38,44,131,101,15.0,0,6
21.48,0.0,35.64,1998.0,예현로35번길 5-13,연립다세대,37.24319556,127.0680041,1,23,2176,21,2,40,0,,0,,0,,0,,0,,3,97,6,23.0,0,,0.0,,13.0,3.0,서그내로62번길 35,648.0,Unknown,11,28,38,44,131,101,15.0,0,6
13.3,324.0,34.56,2012.0,서그내로16번길 27,연립다세대,37.245079,127.0705474,13,17,1632,18,3,39,0,,0,,0,,0,,1,112.0,7,28,15,107.0,0,,0.0,,37.0,27.0,서그내로16번길 27,952.3636363636364,동향,10,21,39,75,137,101,16.0,0,0
21.715,1080.0,59.4,2014.0,서그내로 30,연립다세대,37.24457167,127.0738645,3,14,1704,13,2,54,0,,0,,0,,0,,1,189.0,3,65,7,39.0,0,,0.0,,14.0,4.0,서그내로 30,2160.0,동향,14,45,37,82,133,102,12.0,1,4
35.09,4385.88,15.12,2019.0,서그내로62번길 35,연립다세대,37.242482,127.0682545,1,23,2176,21,2,40,0,,0,,0,,0,,0,,3,97,6,23.0,0,,0.0,,13.0,3.0,서그내로62번길 35,4660.789090909091,동향,11,28,38,44,131,101,15.0,0,2
15.09,520.0,41.6,2014.0,서그내로53번길 3-7,연립다세대,37.24236467,127.0740844,3,14,1661,13,2,54,0,,0,,0,,0,,1,189.0,3,65,7,39.0,0,,0.0,,10.0,0.0,서그내로 43,1276.3636363636365,동향,11,44,27,85,113,103,13.0,0,4
23.21,15600.0,0.0,2022.0,서그내로62번길 23,연립다세대,37.24221939,127.0699161,11,19,2012,20,1,106,0,,0,,0,,0,,0,,1,148,3,70.0,0,,0.0,,16.0,6.0,서그내로62번길 23,15600.0,Unknown,12,33,33,65,125,101,11.0,0,0
23.21,15600.0,0.0,2022.0,서그내로62번길 23,연립다세대,37.24221939,127.0699161,11,19,2012,20,1,106,0,,0,,0,,0,,0,,1,148,3,70.0,0,,0.0,,16.0,6.0,서그내로62번길 23,15600.0,Unknown,12,33,33,65,125,101,11.0,0,0
14.09,1976.0,36.4,2013.0,서그내로 46-2,연립다세대,37.24336243,127.0737232,3,14,1661,13,2,54,0,,0,,0,,0,,1,189.0,3,65,7,39.0,0,,0.0,,10.0,0.0,서그내로 43,2637.818181818182,서향,11,44,27,85,113,103,13.0,2,2
13.6,1976.0,10.4,2013.0,서그내로 46-2,연립다세대,37.24336243,127.0737232,3,14,1661,13,2,54,0,,0,,0,,0,,1,189.0,3,65,7,39.0,0,,0.0,,10.0,0.0,서그내로 43,2165.090909090909,서향,11,44,27,85,113,103,13.0,2,2
14.09,1976.0,39.52,2013.0,서그내로 46-2,연립다세대,37.24336243,127.0737232,3,14,1661,13,2,54,0,,0,,0,,0,,1,189.0,3,65,7,39.0,0,,0.0,,10.0,0.0,서그내로 43,2694.5454545454545,서향,11,44,27,85,113,103,13.0,2,2
13.38,5200.0,0.0,2014.0,서그내로53번길 3-9,연립다세대,37.24240803,127.0742087,3,14,1661,13,2,54,0,,0,,0,,0,,1,189.0,3,65,7,39.0,0,,0.0,,10.0,0.0,서그내로 43,5200.0,동향,11,44,27,85,113,103,13.0,1,4
13.38,5200.0,0.0,2014.0,서그내로53번길 3-9,연립다세대,37.24240803,127.0742087,3,14,1661,13,2,54,0,,0,,0,,0,,1,189.0,3,65,7,39.0,0,,0.0,,10.0,0.0,서그내로 43,5200.0,동향,11,44,27,85,113,103,13.0,1,4
17.3762,16120.0,0.0,2020.0,서그내로53번길 24,연립다세대,37.241556,127.0715486,13,17,2195,18,3,39,0,,0,,0,,0,,1,112.0,7,28,15,107.0,0,,0.0,,12.0,2.0,서그내로53번길 31,16120.0,Unknown,11,23,31,64,111,103,15.0,0,4
28.84,8320.0,0.0,2015.0,서그내로 46,연립다세대,37.2431637,127.0736001,3,14,1661,13,2,54,0,,0,,0,,0,,1,189.0,3,65,7,39.0,0,,0.0,,10.0,0.0,서그내로 43,8320.0,서향,11,44,27,85,113,103,13.0,2,2
21.715,1040.0,58.24,2014.0,서그내로 30,연립다세대,37.24457167,127.0738645,3,14,1704,13,2,54,0,,0,,0,,0,,1,189.0,3,65,7,39.0,0,,0.0,,14.0,4.0,서그내로 30,2098.909090909091,동향,14,45,37,82,133,102,12.0,1,4
23.21,15600.0,0.0,2022.0,서그내로62번길 23,연립다세대,37.24221939,127.0699161,11,19,2012,20,1,106,0,,0,,0,,0,,0,,1,148,3,70.0,0,,0.0,,16.0,6.0,서그내로62번길 23,15600.0,Unknown,12,33,33,65,125,101,11.0,0,0
23.21,15600.0,0.0,2022.0,서그내로62번길 23,연립다세대,37.24221939,127.0699161,11,19,2012,20,1,106,0,,0,,0,,0,,0,,1,148,3,70.0,0,,0.0,,16.0,6.0,서그내로62번길 23,15600.0,Unknown,12,33,33,65,125,101,11.0,0,0
18.36,520.0,43.68,2015.0,서그내로62번길 33,연립다세대,37.24243355,127.0687739,1,23,2176,21,2,40,0,,0,,0,,0,,0,,3,97,6,23.0,0,,0.0,,13.0,3.0,서그내로62번길 35,1314.181818181818,Unknown,11,28,38,44,131,101,15.0,0,2
38.66,5200.0,88.4,2022.0,서그내로62번길 23,연립다세대,37.24221939,127.0699161,11,19,2012,20,1,106,0,,0,,0,,0,,0,,1,148,3,70.0,0,,0.0,,16.0,6.0,서그내로62번길 23,6807.272727272728,Unknown,12,33,33,65,125,101,11.0,0,0
48.26,678.08,34.32,2020.0,서그내로53번길 31,연립다세대,37.24113549,127.0707007,11,19,2195,20,1,106,0,,0,,0,,0,,0,,1,148,3,70.0,0,,0.0,,12.0,2.0,서그내로53번길 31,1302.08,Unknown,11,23,31,64,111,103,15.0,1,4
19.3984,14560.0,0.0,2020.0,서그내로53번길 24,연립다세대,37.241556,127.0715486,13,17,2195,18,3,39,0,,0,,0,,0,,1,112.0,7,28,15,107.0,0,,0.0,,12.0,2.0,서그내로53번길 31,14560.0,Unknown,11,23,31,64,111,103,15.0,0,4
21.21,1040.0,57.2,2014.0,서그내로 30,연립다세대,37.24457167,127.0738645,3,14,1704,13,2,54,0,,0,,0,,0,,1,189.0,3,65,7,39.0,0,,0.0,,14.0,4.0,서그내로 30,2080.0,동향,14,45,37,82,133,102,12.0,1,4
20.705,1040.0,57.2,2014.0,서그내로 30,연립다세대,37.24457167,127.0738645,3,14,1704,13,2,54,0,,0,,0,,0,,1,189.0,3,65,7,39.0,0,,0.0,,14.0,4.0,서그내로 30,2080.0,동향,14,45,37,82,133,102,12.0,1,4
21.715,1040.0,57.2,2014.0,서그내로 30,연립다세대,37.24457167,127.0738645,3,14,1704,13,2,54,0,,0,,0,,0,,1,189.0,3,65,7,39.0,0,,0.0,,14.0,4.0,서그내로 30,2080.0,동향,14,45,37,82,133,102,12.0,1,4
18.36,520.0,43.68,2015.0,서그내로62번길 33,연립다세대,37.24243355,127.0687739,1,23,2176,21,2,40,0,,0,,0,,0,,0,,3,97,6,23.0,0,,0.0,,13.0,3.0,서그내로62번길 35,1314.181818181818,Unknown,11,28,38,44,131,101,15.0,0,2
42.25,13000.0,0.0,2014.0,서그내로53번길 11-1,연립다세대,37.24174866,127.0727274,13,17,1727,18,3,39,0,,0,,0,,0,,1,112.0,7,28,15,107.0,0,,0.0,,11.0,1.0,서그내로 61,13000.0,Unknown,11,44,30,80,112,103,12.0,0,2
21.715,1040.0,59.28,2014.0,서그내로 30,연립다세대,37.24457167,127.0738645,3,14,1704,13,2,54,0,,0,,0,,0,,1,189.0,3,65,7,39.0,0,,0.0,,14.0,4.0,서그내로 30,2117.818181818182,동향,14,45,37,82,133,102,12.0,1,4
21.21,10400.0,34.32,2014.0,서그내로 30,연립다세대,37.24457167,127.0738645,3,14,1704,13,2,54,0,,0,,0,,0,,1,189.0,3,65,7,39.0,0,,0.0,,14.0,4.0,서그내로 30,11024.0,동향,14,45,37,82,133,102,12.0,1,4
19.7272,15600.0,0.0,2020.0,서그내로53번길 24,연립다세대,37.241556,127.0715486,13,17,2195,18,3,39,0,,0,,0,,0,,1,112.0,7,28,15,107.0,0,,0.0,,12.0,2.0,서그내로53번길 31,15600.0,Unknown,11,23,31,64,111,103,15.0,0,4
19.7272,15600.0,0.0,2020.0,서그내로53번길 24,연립다세대,37.241556,127.0715486,13,17,2195,18,3,39,0,,0,,0,,0,,1,112.0,7,28,15,107.0,0,,0.0,,12.0,2.0,서그내로53번길 31,15600.0,Unknown,11,23,31,64,111,103,15.0,0,4
38.98,17680.0,0.0,2020.0,서그내로53번길 29,연립다세대,37.24114946,127.0709065,11,19,2195,20,1,106,0,,0,,0,,0,,0,,1,148,3,70.0,0,,0.0,,12.0,2.0,서그내로53번길 31,17680.0,Unknown,11,23,31,64,111,103,15.0,1,4
19.7272,15600.0,0.0,2020.0,서그내로53번길 24,연립다세대,37.241556,127.0715486,13,17,2195,18,3,39,0,,0,,0,,0,,1,112.0,7,28,15,107.0,0,,0.0,,12.0,2.0,서그내로53번길 31,15600.0,Unknown,11,23,31,64,111,103,15.0,0,4
22.06,10400.0,0.0,2014.0,서그내로 30,연립다세대,37.24457167,127.0738645,3,14,1704,13,2,54,0,,0,,0,,0,,1,189.0,3,65,7,39.0,0,,0.0,,14.0,4.0,서그내로 30,10400.0,동향,14,45,37,82,133,102,12.0,1,4
38.59,13520.0,0.0,2014.0,서그내로53번길 11-1,연립다세대,37.24174866,127.0727274,13,17,1727,18,3,39,0,,0,,0,,0,,1,112.0,7,28,15,107.0,0,,0.0,,11.0,1.0,서그내로 61,13520.0,Unknown,11,44,30,80,112,103,12.0,0,2
25.01,18720.0,0.0,2020.0,서그내로 59,연립다세대,37.24224665,127.0726211,13,17,1727,18,3,39,0,,0,,0,,0,,1,112.0,7,28,15,107.0,0,,0.0,,11.0,1.0,서그내로 61,18720.0,Unknown,11,44,30,80,112,103,12.0,0,3
20.705,1040.0,55.12,2014.0,서그내로 30,연립다세대,37.24457167,127.0738645,3,14,1704,13,2,54,0,,0,,0,,0,,1,189.0,3,65,7,39.0,0,,0.0,,14.0,4.0,서그내로 30,2042.181818181818,동향,14,45,37,82,133,102,12.0,1,4
13.2,312.0,34.32,2012.0,서그내로16번길 27,연립다세대,37.245079,127.0705474,13,17,1632,18,3,39,0,,0,,0,,0,,1,112.0,7,28,15,107.0,0,,0.0,,37.0,27.0,서그내로16번길 27,936.0,동향,10,21,39,75,137,101,16.0,0,0
18.8,12480.0,0.0,2020.0,서그내로 59,연립다세대,37.24224665,127.0726211,13,17,1727,18,3,39,0,,0,,0,,0,,1,112.0,7,28,15,107.0,0,,0.0,,11.0,1.0,서그내로 61,12480.0,Unknown,11,44,30,80,112,103,12.0,0,3
38.66,5200.0,88.4,2022.0,서그내로62번길 23,연립다세대,37.24221939,127.0699161,11,19,2012,20,1,106,0,,0,,0,,0,,0,,1,148,3,70.0,0,,0.0,,16.0,6.0,서그내로62번길 23,6807.272727272728,Unknown,12,33,33,65,125,101,11.0,0,0
19.08,3120.0,78.0,2022.0,서그내로62번길 23,연립다세대,37.24221939,127.0699161,11,19,2012,20,1,106,0,,0,,0,,0,,0,,1,148,3,70.0,0,,0.0,,16.0,6.0,서그내로62번길 23,4538.181818181818,Unknown,12,33,33,65,125,101,11.0,0,0
19.08,3120.0,78.0,2022.0,서그내로62번길 23,연립다세대,37.24221939,127.0699161,11,19,2012,20,1,106,0,,0,,0,,0,,0,,1,148,3,70.0,0,,0.0,,16.0,6.0,서그내로62번길 23,4538.181818181818,Unknown,12,33,33,65,125,101,11.0,0,0
17.54,2080.0,69.68,2022.0,서그내로62번길 23,연립다세대,37.24221939,127.0699161,11,19,2012,20,1,106,0,,0,,0,,0,,0,,1,148,3,70.0,0,,0.0,,16.0,6.0,서그내로62번길 23,3346.909090909091,Unknown,12,33,33,65,125,101,11.0,0,0
19.08,2080.0,65.52,2022.0,서그내로62번길 23,연립다세대,37.24221939,127.0699161,11,19,2012,20,1,106,0,,0,,0,,0,,0,,1,148,3,70.0,0,,0.0,,16.0,6.0,서그내로62번길 23,3271.272727272727,Unknown,12,33,33,65,125,101,11.0,0,0
19.08,5200.0,52.0,2022.0,서그내로62번길 23,연립다세대,37.24221939,127.0699161,11,19,2012,20,1,106,0,,0,,0,,0,,0,,1,148,3,70.0,0,,0.0,,16.0,6.0,서그내로62번길 23,6145.454545454546,Unknown,12,33,33,65,125,101,11.0,0,0
19.08,15600.0,0.0,2022.0,서그내로62번길 23,연립다세대,37.24221939,127.0699161,11,19,2012,20,1,106,0,,0,,0,,0,,0,,1,148,3,70.0,0,,0.0,,16.0,6.0,서그내로62번길 23,15600.0,Unknown,12,33,33,65,125,101,11.0,0,0
19.08,15600.0,0.0,2022.0,서그내로62번길 23,연립다세대,37.24221939,127.0699161,11,19,2012,20,1,106,0,,0,,0,,0,,0,,1,148,3,70.0,0,,0.0,,16.0,6.0,서그내로62번길 23,15600.0,Unknown,12,33,33,65,125,101,11.0,0,0
16.03,1040.0,46.8,2013.0,서그내로 46-2,연립다세대,37.24336243,127.0737232,3,14,1661,13,2,54,0,,0,,0,,0,,1,189.0,3,65,7,39.0,0,,0.0,,10.0,0.0,서그내로 43,1890.909090909091,서향,11,44,27,85,113,103,13.0,2,2
20.705,1040.0,57.2,2014.0,서그내로 30,연립다세대,37.24457167,127.0738645,3,14,1704,13,2,54,0,,0,,0,,0,,1,189.0,3,65,7,39.0,0,,0.0,,14.0,4.0,서그내로 30,2080.0,동향,14,45,37,82,133,102,12.0,1,4
17.54,5200.0,52.0,2022.0,서그내로62번길 23,연립다세대,37.24221939,127.0699161,11,19,2012,20,1,106,0,,0,,0,,0,,0,,1,148,3,70.0,0,,0.0,,16.0,6.0,서그내로62번길 23,6145.454545454546,Unknown,12,33,33,65,125,101,11.0,0,0
19.7272,10400.0,31.2,2020.0,서그내로53번길 24,연립다세대,37.241556,127.0715486,13,17,2195,18,3,39,0,,0,,0,,0,,1,112.0,7,28,15,107.0,0,,0.0,,12.0,2.0,서그내로53번길 31,10967.272727272728,Unknown,11,23,31,64,111,103,15.0,0,4
17.95,2080.0,72.8,2022.0,서그내로62번길 23,연립다세대,37.24221939,127.0699161,11,19,2012,20,1,106,0,,0,,0,,0,,0,,1,148,3,70.0,0,,0.0,,16.0,6.0,서그내로62번길 23,3403.6363636363635,Unknown,12,33,33,65,125,101,11.0,0,0
23.21,18720.0,0.0,2022.0,서그내로62번길 23,연립다세대,37.24221939,127.0699161,11,19,2012,20,1,106,0,,0,,0,,0,,0,,1,148,3,70.0,0,,0.0,,16.0,6.0,서그내로62번길 23,18720.0,Unknown,12,33,33,65,125,101,11.0,0,0
21.715,520.0,57.2,2014.0,서그내로 30,연립다세대,37.24457167,127.0738645,3,14,1704,13,2,54,0,,0,,0,,0,,1,189.0,3,65,7,39.0,0,,0.0,,14.0,4.0,서그내로 30,1560.0,동향,14,45,37,82,133,102,12.0,1,4
14.76,312.0,41.6,2012.0,서그내로 23-5,연립다세대,37.24559678,127.0744081,3,14,1485,13,2,54,0,,0,,0,,0,,1,189.0,3,65,7,39.0,0,,0.0,,15.0,5.0,서그내로 23-5,1068.3636363636365,서향,18,41,39,71,129,102,15.0,2,3
17.95,2080.0,72.8,2022.0,서그내로62번길 23,연립다세대,37.24221939,127.0699161,11,19,2012,20,1,106,0,,0,,0,,0,,0,,1,148,3,70.0,0,,0.0,,16.0,6.0,서그내로62번길 23,3403.6363636363635,Unknown,12,33,33,65,125,101,11.0,0,0
21.715,1040.0,55.12,2014.0,서그내로 30,연립다세대,37.24457167,127.0738645,3,14,1704,13,2,54,0,,0,,0,,0,,1,189.0,3,65,7,39.0,0,,0.0,,14.0,4.0,서그내로 30,2042.181818181818,동향,14,45,37,82,133,102,12.0,1,4
14.09,1040.0,41.6,2013.0,서그내로 46-2,연립다세대,37.24336243,127.0737232,3,14,1661,13,2,54,0,,0,,0,,0,,1,189.0,3,65,7,39.0,0,,0.0,,10.0,0.0,서그내로 43,1796.3636363636365,서향,11,44,27,85,113,103,13.0,2,2
19.7272,10400.0,31.2,2020.0,서그내로53번길 24,연립다세대,37.241556,127.0715486,13,17,2195,18,3,39,0,,0,,0,,0,,1,112.0,7,28,15,107.0,0,,0.0,,12.0,2.0,서그내로53번길 31,10967.272727272728,Unknown,11,23,31,64,111,103,15.0,0,4
18.57,13000.0,0.0,2020.0,서그내로 59,연립다세대,37.24224665,127.0726211,13,17,1727,18,3,39,0,,0,,0,,0,,1,112.0,7,28,15,107.0,0,,0.0,,11.0,1.0,서그내로 61,13000.0,Unknown,11,44,30,80,112,103,12.0,0,3
18.01,10400.0,0.0,2020.0,서그내로 59,연립다세대,37.24224665,127.0726211,13,17,1727,18,3,39,0,,0,,0,,0,,1,112.0,7,28,15,107.0,0,,0.0,,11.0,1.0,서그내로 61,10400.0,Unknown,11,44,30,80,112,103,12.0,0,3
36.13,16380.0,0.0,2019.0,서그내로62번길 35,연립다세대,37.242482,127.0682545,1,23,2176,21,2,40,0,,0,,0,,0,,0,,3,97,6,23.0,0,,0.0,,13.0,3.0,서그내로62번길 35,16380.0,동향,11,28,38,44,131,101,15.0,0,2
49.56,654.16,36.4,2021.0,서천서로 28,연립다세대,37.24092305,127.0719148,13,17,2195,18,3,39,0,,0,,0,,0,,1,112.0,7,28,15,107.0,0,,0.0,,12.0,2.0,서그내로53번길 31,1315.9781818181818,Unknown,11,23,31,64,111,103,15.0,2,4
42.76,565.76,31.2,2021.0,서천서로 28,연립다세대,37.24092305,127.0719148,13,17,2195,18,3,39,0,,0,,0,,0,,1,112.0,7,28,15,107.0,0,,0.0,,12.0,2.0,서그내로53번길 31,1133.0327272727272,Unknown,11,23,31,64,111,103,15.0,2,4
22.44,10400.0,26.0,2022.0,서그내로 61,연립다세대,37.24216795,127.0724701,13,17,1727,18,3,39,0,,0,,0,,0,,1,112.0,7,28,15,107.0,0,,0.0,,11.0,1.0,서그내로 61,10872.727272727272,Unknown,11,44,30,80,112,103,12.0,0,1
42.76,565.76,32.24,2021.0,서천서로 28,연립다세대,37.24092305,127.0719148,13,17,2195,18,3,39,0,,0,,0,,0,,1,112.0,7,28,15,107.0,0,,0.0,,12.0,2.0,서그내로53번길 31,1151.9418181818182,Unknown,11,23,31,64,111,103,15.0,2,4
22.44,10398.96,26.0,2022.0,서그내로 61,연립다세대,37.24216795,127.0724701,13,17,1727,18,3,39,0,,0,,0,,0,,1,112.0,7,28,15,107.0,0,,0.0,,11.0,1.0,서그내로 61,10871.687272727271,Unknown,11,44,30,80,112,103,12.0,0,1
38.85,13520.0,0.0,2015.0,서그내로62번길 33,연립다세대,37.24243355,127.0687739,1,23,2176,21,2,40,0,,0,,0,,0,,0,,3,97,6,23.0,0,,0.0,,13.0,3.0,서그내로62번길 35,13520.0,Unknown,11,28,38,44,131,101,15.0,0,2
22.44,16640.0,0.0,2022.0,서그내로 61,연립다세대,37.24216795,127.0724701,13,17,1727,18,3,39,0,,0,,0,,0,,1,112.0,7,28,15,107.0,0,,0.0,,11.0,1.0,서그내로 61,16640.0,Unknown,11,44,30,80,112,103,12.0,0,1
22.86,10400.0,31.2,2022.0,서그내로 63,연립다세대,37.2420843,127.0722695,13,17,1727,18,3,39,0,,0,,0,,0,,1,112.0,7,28,15,107.0,0,,0.0,,11.0,1.0,서그내로 61,10967.272727272728,Unknown,11,44,30,80,112,103,12.0,0,1
22.86,12480.0,15.6,2022.0,서그내로 63,연립다세대,37.2420843,127.0722695,13,17,1727,18,3,39,0,,0,,0,,0,,1,112.0,7,28,15,107.0,0,,0.0,,11.0,1.0,서그내로 61,12763.636363636364,Unknown,11,44,30,80,112,103,12.0,0,1
19.3984,14560.0,0.0,2020.0,서그내로53번길 24,연립다세대,37.241556,127.0715486,13,17,2195,18,3,39,0,,0,,0,,0,,1,112.0,7,28,15,107.0,0,,0.0,,12.0,2.0,서그내로53번길 31,14560.0,Unknown,11,23,31,64,111,103,15.0,0,4
20.14,14040.0,0.0,2020.0,서그내로 59,연립다세대,37.24224665,127.0726211,13,17,1727,18,3,39,0,,0,,0,,0,,1,112.0,7,28,15,107.0,0,,0.0,,11.0,1.0,서그내로 61,14040.0,Unknown,11,44,30,80,112,103,12.0,0,3
22.86,8320.0,41.6,2022.0,서그내로 63,연립다세대,37.2420843,127.0722695,13,17,1727,18,3,39,0,,0,,0,,0,,1,112.0,7,28,15,107.0,0,,0.0,,11.0,1.0,서그내로 61,9076.363636363636,Unknown,11,44,30,80,112,103,12.0,0,1
22.86,14560.0,0.0,2022.0,서그내로 63,연립다세대,37.2420843,127.0722695,13,17,1727,18,3,39,0,,0,,0,,0,,1,112.0,7,28,15,107.0,0,,0.0,,11.0,1.0,서그내로 61,14560.0,Unknown,11,44,30,80,112,103,12.0,0,1
56.1,17680.0,0.0,2014.0,서그내로53번길 11-1,연립다세대,37.24174866,127.0727274,13,17,1727,18,3,39,0,,0,,0,,0,,1,112.0,7,28,15,107.0,0,,0.0,,11.0,1.0,서그내로 61,17680.0,Unknown,11,44,30,80,112,103,12.0,0,2
22.86,16640.0,0.0,2022.0,서그내로 63,연립다세대,37.2420843,127.0722695,13,17,1727,18,3,39,0,,0,,0,,0,,1,112.0,7,28,15,107.0,0,,0.0,,11.0,1.0,서그내로 61,16640.0,Unknown,11,44,30,80,112,103,12.0,0,1
22.86,12480.0,15.6,2022.0,서그내로 63,연립다세대,37.2420843,127.0722695,13,17,1727,18,3,39,0,,0,,0,,0,,1,112.0,7,28,15,107.0,0,,0.0,,11.0,1.0,서그내로 61,12763.636363636364,Unknown,11,44,30,80,112,103,12.0,0,1
22.86,10400.0,31.2,2022.0,서그내로 63,연립다세대,37.2420843,127.0722695,13,17,1727,18,3,39,0,,0,,0,,0,,1,112.0,7,28,15,107.0,0,,0.0,,11.0,1.0,서그내로 61,10967.272727272728,Unknown,11,44,30,80,112,103,12.0,0,1
22.86,14560.0,0.0,2022.0,서그내로 63,연립다세대,37.2420843,127.0722695,13,17,1727,18,3,39,0,,0,,0,,0,,1,112.0,7,28,15,107.0,0,,0.0,,11.0,1.0,서그내로 61,14560.0,Unknown,11,44,30,80,112,103,12.0,0,1
22.44,5200.0,52.0,2022.0,서그내로 61,연립다세대,37.24216795,127.0724701,13,17,1727,18,3,39,0,,0,,0,,0,,1,112.0,7,28,15,107.0,0,,0.0,,11.0,1.0,서그내로 61,6145.454545454546,Unknown,11,44,30,80,112,103,12.0,0,1
22.86,1040.0,83.2,2022.0,서그내로 63,연립다세대,37.2420843,127.0722695,13,17,1727,18,3,39,0,,0,,0,,0,,1,112.0,7,28,15,107.0,0,,0.0,,11.0,1.0,서그내로 61,2552.727272727273,Unknown,11,44,30,80,112,103,12.0,0,1
52.31,12172.16,10.4,2020.0,서그내로53번길 41,연립다세대,37.24069422,127.0700268,11,19,2195,20,1,106,0,,0,,0,,0,,0,,1,148,3,70.0,0,,0.0,,12.0,2.0,서그내로53번길 31,12361.25090909091,Unknown,11,23,31,64,111,103,15.0,2,4
22.86,10400.0,26.0,2022.0,서그내로 63,연립다세대,37.2420843,127.0722695,13,17,1727,18,3,39,0,,0,,0,,0,,1,112.0,7,28,15,107.0,0,,0.0,,11.0,1.0,서그내로 61,10872.727272727272,Unknown,11,44,30,80,112,103,12.0,0,1
27.1,16640.0,0.0,2022.0,서그내로 61,연립다세대,37.24216795,127.0724701,13,17,1727,18,3,39,0,,0,,0,,0,,1,112.0,7,28,15,107.0,0,,0.0,,11.0,1.0,서그내로 61,16640.0,Unknown,11,44,30,80,112,103,12.0,0,1
27.1,16640.0,0.0,2022.0,서그내로 61,연립다세대,37.24216795,127.0724701,13,17,1727,18,3,39,0,,0,,0,,0,,1,112.0,7,28,15,107.0,0,,0.0,,11.0,1.0,서그내로 61,16640.0,Unknown,11,44,30,80,112,103,12.0,0,1
22.86,12480.0,20.8,2022.0,서그내로 63,연립다세대,37.2420843,127.0722695,13,17,1727,18,3,39,0,,0,,0,,0,,1,112.0,7,28,15,107.0,0,,0.0,,11.0,1.0,서그내로 61,12858.181818181818,Unknown,11,44,30,80,112,103,12.0,0,1
13.38,312.0,31.2,2014.0,서그내로53번길 3-9,연립다세대,37.24240803,127.0742087,3,14,1661,13,2,54,0,,0,,0,,0,,1,189.0,3,65,7,39.0,0,,0.0,,10.0,0.0,서그내로 43,879.2727272727273,동향,11,44,27,85,113,103,13.0,1,4
28.33,19760.0,0.0,2022.0,서그내로 63,연립다세대,37.2420843,127.0722695,13,17,1727,18,3,39,0,,0,,0,,0,,1,112.0,7,28,15,107.0,0,,0.0,,11.0,1.0,서그내로 61,19760.0,Unknown,11,44,30,80,112,103,12.0,0,1
23.05,2080.0,72.8,2022.0,서그내로 61,연립다세대,37.24216795,127.0724701,13,17,1727,18,3,39,0,,0,,0,,0,,1,112.0,7,28,15,107.0,0,,0.0,,11.0,1.0,서그내로 61,3403.6363636363635,Unknown,11,44,30,80,112,103,12.0,0,1
44.52,21840.0,0.0,2022.0,서그내로 61,연립다세대,37.24216795,127.0724701,13,17,1727,18,3,39,0,,0,,0,,0,,1,112.0,7,28,15,107.0,0,,0.0,,11.0,1.0,서그내로 61,21840.0,Unknown,11,44,30,80,112,103,12.0,0,1
28.33,19760.0,0.0,2022.0,서그내로 63,연립다세대,37.2420843,127.0722695,13,17,1727,18,3,39,0,,0,,0,,0,,1,112.0,7,28,15,107.0,0,,0.0,,11.0,1.0,서그내로 61,19760.0,Unknown,11,44,30,80,112,103,12.0,0,1
19.3984,12480.0,15.6,2020.0,서그내로53번길 24,연립다세대,37.241556,127.0715486,13,17,2195,18,3,39,0,,0,,0,,0,,1,112.0,7,28,15,107.0,0,,0.0,,12.0,2.0,서그내로53번길 31,12763.636363636364,Unknown,11,23,31,64,111,103,15.0,0,4
44.52,21840.0,0.0,2022.0,서그내로 61,연립다세대,37.24216795,127.0724701,13,17,1727,18,3,39,0,,0,,0,,0,,1,112.0,7,28,15,107.0,0,,0.0,,11.0,1.0,서그내로 61,21840.0,Unknown,11,44,30,80,112,103,12.0,0,1
22.86,16640.0,0.0,2022.0,서그내로 63,연립다세대,37.2420843,127.0722695,13,17,1727,18,3,39,0,,0,,0,,0,,1,112.0,7,28,15,107.0,0,,0.0,,11.0,1.0,서그내로 61,16640.0,Unknown,11,44,30,80,112,103,12.0,0,1
44.52,20800.0,0.0,2022.0,서그내로 61,연립다세대,37.24216795,127.0724701,13,17,1727,18,3,39,0,,0,,0,,0,,1,112.0,7,28,15,107.0,0,,0.0,,11.0,1.0,서그내로 61,20800.0,Unknown,11,44,30,80,112,103,12.0,0,1
22.86,15600.0,0.0,2022.0,서그내로 63,연립다세대,37.2420843,127.0722695,13,17,1727,18,3,39,0,,0,,0,,0,,1,112.0,7,28,15,107.0,0,,0.0,,11.0,1.0,서그내로 61,15600.0,Unknown,11,44,30,80,112,103,12.0,0,1
22.44,14560.0,0.0,2022.0,서그내로 61,연립다세대,37.24216795,127.0724701,13,17,1727,18,3,39,0,,0,,0,,0,,1,112.0,7,28,15,107.0,0,,0.0,,11.0,1.0,서그내로 61,14560.0,Unknown,11,44,30,80,112,103,12.0,0,1
22.44,16640.0,0.0,2022.0,서그내로 61,연립다세대,37.24216795,127.0724701,13,17,1727,18,3,39,0,,0,,0,,0,,1,112.0,7,28,15,107.0,0,,0.0,,11.0,1.0,서그내로 61,16640.0,Unknown,11,44,30,80,112,103,12.0,0,1
22.44,16640.0,0.0,2022.0,서그내로 61,연립다세대,37.24216795,127.0724701,13,17,1727,18,3,39,0,,0,,0,,0,,1,112.0,7,28,15,107.0,0,,0.0,,11.0,1.0,서그내로 61,16640.0,Unknown,11,44,30,80,112,103,12.0,0,1
22.44,14560.0,0.0,2022.0,서그내로 61,연립다세대,37.24216795,127.0724701,13,17,1727,18,3,39,0,,0,,0,,0,,1,112.0,7,28,15,107.0,0,,0.0,,11.0,1.0,서그내로 61,14560.0,Unknown,11,44,30,80,112,103,12.0,0,1
22.44,16640.0,0.0,2022.0,서그내로 61,연립다세대,37.24216795,127.0724701,13,17,1727,18,3,39,0,,0,,0,,0,,1,112.0,7,28,15,107.0,0,,0.0,,11.0,1.0,서그내로 61,16640.0,Unknown,11,44,30,80,112,103,12.0,0,1
19.3984,13104.0,0.0,2020.0,서그내로53번길 24,연립다세대,37.241556,127.0715486,13,17,2195,18,3,39,0,,0,,0,,0,,1,112.0,7,28,15,107.0,0,,0.0,,12.0,2.0,서그내로53번길 31,13104.0,Unknown,11,23,31,64,111,103,15.0,0,4
12.96,312.0,31.2,2014.0,서그내로53번길 3-9,연립다세대,37.24240803,127.0742087,3,14,1661,13,2,54,0,,0,,0,,0,,1,189.0,3,65,7,39.0,0,,0.0,,10.0,0.0,서그내로 43,879.2727272727273,동향,11,44,27,85,113,103,13.0,1,4
27.68,1040.0,78.0,2022.0,서그내로 61,연립다세대,37.24216795,127.0724701,13,17,1727,18,3,39,0,,0,,0,,0,,1,112.0,7,28,15,107.0,0,,0.0,,11.0,1.0,서그내로 61,2458.181818181818,Unknown,11,44,30,80,112,103,12.0,0,1
16.45,1040.0,69.68,2022.0,덕영대로 1698,연립다세대,37.24679011,127.0765128,14,14,833,11,3,27,0,,0,,0,,1,77.0,2,146.0,15,36,15,11.0,1,158.0,1.0,84.0,17.0,7.0,덕영대로 1698,2306.909090909091,Unknown,21,29,44,48,119,99,17.0,0,3
37.8,12480.0,0.0,2014.0,서그내로53번길 11-1,연립다세대,37.24174866,127.0727274,13,17,1727,18,3,39,0,,0,,0,,0,,1,112.0,7,28,15,107.0,0,,0.0,,11.0,1.0,서그내로 61,12480.0,Unknown,11,44,30,80,112,103,12.0,0,2
16.39,1040.0,70.72,2022.0,덕영대로 1698,연립다세대,37.24679011,127.0765128,14,14,833,11,3,27,0,,0,,0,,1,77.0,2,146.0,15,36,15,11.0,1,158.0,1.0,84.0,17.0,7.0,덕영대로 1698,2325.818181818182,Unknown,21,29,44,48,119,99,17.0,0,3
19.59,10400.0,0.0,2016.0,영통로200번길 65,연립다세대,37.24441543,127.0603302,6,27,2936,11,6,65,0,,3,178.0,4,94.0,2,89.0,0,,15,52,15,5.0,0,,3.0,108.0,34.0,24.0,영통로200번길 59,10400.0,동향,19,0,40,0,143,25,14.0,1,5
54.8,21840.0,0.0,2017.0,영통로200번길 47,연립다세대,37.24461256,127.0592247,6,27,2936,11,6,65,0,,3,178.0,4,94.0,2,89.0,0,,15,52,15,5.0,0,,3.0,108.0,34.0,24.0,영통로200번길 59,21840.0,동향,19,0,40,0,143,25,14.0,0,5
21.99,10920.0,0.0,2016.0,영통로200번길 65,연립다세대,37.24441543,127.0603302,6,27,2936,11,6,65,0,,3,178.0,4,94.0,2,89.0,0,,15,52,15,5.0,0,,3.0,108.0,34.0,24.0,영통로200번길 59,10920.0,동향,19,0,40,0,143,25,14.0,1,5
18.66,12480.0,0.0,2017.0,영통로200번길 47,연립다세대,37.24461256,127.0592247,6,27,2936,11,6,65,0,,3,178.0,4,94.0,2,89.0,0,,15,52,15,5.0,0,,3.0,108.0,34.0,24.0,영통로200번길 59,12480.0,동향,19,0,40,0,143,25,14.0,0,5
26.94,1040.0,39.52,2018.0,영통로501번길 1-6,연립다세대,37.26339582,127.0772557,9,50,1207,22,2,97,0,,2,132.0,2,69.0,0,,0,,5,16,15,22.0,1,119.0,0.0,,-1.0,,,1758.5454545454545,동향,0,0,0,0,0,0,,2,2
40.75,18304.0,0.0,2016.0,영통로200번길 65,연립다세대,37.24441543,127.0603302,6,27,2936,11,6,65,0,,3,178.0,4,94.0,2,89.0,0,,15,52,15,5.0,0,,3.0,108.0,34.0,24.0,영통로200번길 59,18304.0,동향,19,0,40,0,143,25,14.0,1,5
26.79,520.0,41.6,2013.0,영통로501번길 7,연립다세대,37.26377649,127.0771124,9,50,1207,22,2,97,0,,2,132.0,2,69.0,0,,0,,5,16,15,22.0,1,119.0,0.0,,-1.0,,,1276.3636363636365,동향,0,0,0,0,0,0,,2,2
19.11,1040.0,43.68,2016.0,영통로200번길 65,연립다세대,37.24441543,127.0603302,6,27,2936,11,6,65,0,,3,178.0,4,94.0,2,89.0,0,,15,52,15,5.0,0,,3.0,108.0,34.0,24.0,영통로200번길 59,1834.181818181818,동향,19,0,40,0,143,25,14.0,1,5
49.1,1040.0,52.0,2013.0,영통로501번길 7,연립다세대,37.26377649,127.0771124,9,50,1207,22,2,97,0,,2,132.0,2,69.0,0,,0,,5,16,15,22.0,1,119.0,0.0,,-1.0,,,1985.4545454545453,동향,0,0,0,0,0,0,,2,2
35.67,18564.0,0.0,2016.0,영통로200번길 65,연립다세대,37.24441543,127.0603302,6,27,2936,11,6,65,0,,3,178.0,4,94.0,2,89.0,0,,15,52,15,5.0,0,,3.0,108.0,34.0,24.0,영통로200번길 59,18564.0,동향,19,0,40,0,143,25,14.0,1,5
19.11,1040.0,43.68,2016.0,영통로200번길 65,연립다세대,37.24441543,127.0603302,6,27,2936,11,6,65,0,,3,178.0,4,94.0,2,89.0,0,,15,52,15,5.0,0,,3.0,108.0,34.0,24.0,영통로200번길 59,1834.181818181818,동향,19,0,40,0,143,25,14.0,1,5
19.59,10920.0,0.0,2016.0,영통로200번길 65,연립다세대,37.24441543,127.0603302,6,27,2936,11,6,65,0,,3,178.0,4,94.0,2,89.0,0,,15,52,15,5.0,0,,3.0,108.0,34.0,24.0,영통로200번길 59,10920.0,동향,19,0,40,0,143,25,14.0,1,5
19.59,10400.0,0.0,2016.0,영통로200번길 65,연립다세대,37.24441543,127.0603302,6,27,2936,11,6,65,0,,3,178.0,4,94.0,2,89.0,0,,15,52,15,5.0,0,,3.0,108.0,34.0,24.0,영통로200번길 59,10400.0,동향,19,0,40,0,143,25,14.0,1,5
19.59,10400.0,0.0,2016.0,영통로200번길 65,연립다세대,37.24441543,127.0603302,6,27,2936,11,6,65,0,,3,178.0,4,94.0,2,89.0,0,,15,52,15,5.0,0,,3.0,108.0,34.0,24.0,영통로200번길 59,10400.0,동향,19,0,40,0,143,25,14.0,1,5
19.59,10920.0,0.0,2016.0,영통로200번길 65,연립다세대,37.24441543,127.0603302,6,27,2936,11,6,65,0,,3,178.0,4,94.0,2,89.0,0,,15,52,15,5.0,0,,3.0,108.0,34.0,24.0,영통로200번길 59,10920.0,동향,19,0,40,0,143,25,14.0,1,5
19.59,10400.0,0.0,2016.0,영통로200번길 65,연립다세대,37.24441543,127.0603302,6,27,2936,11,6,65,0,,3,178.0,4,94.0,2,89.0,0,,15,52,15,5.0,0,,3.0,108.0,34.0,24.0,영통로200번길 59,10400.0,동향,19,0,40,0,143,25,14.0,1,5
19.59,10400.0,0.0,2016.0,영통로200번길 65,연립다세대,37.24441543,127.0603302,6,27,2936,11,6,65,0,,3,178.0,4,94.0,2,89.0,0,,15,52,15,5.0,0,,3.0,108.0,34.0,24.0,영통로200번길 59,10400.0,동향,19,0,40,0,143,25,14.0,1,5
54.8,2080.0,117.52,2017.0,영통로200번길 47,연립다세대,37.24461256,127.0592247,6,27,2936,11,6,65,0,,3,178.0,4,94.0,2,89.0,0,,15,52,15,5.0,0,,3.0,108.0,34.0,24.0,영통로200번길 59,4216.727272727272,동향,19,0,40,0,143,25,14.0,0,5
49.25,1040.0,62.4,2013.0,영통로501번길 7,연립다세대,37.26377649,127.0771124,9,50,1207,22,2,97,0,,2,132.0,2,69.0,0,,0,,5,16,15,22.0,1,119.0,0.0,,-1.0,,,2174.5454545454545,동향,0,0,0,0,0,0,,2,2
46.68,1040.0,52.0,2013.0,영통로501번길 7,연립다세대,37.26377649,127.0771124,9,50,1207,22,2,97,0,,2,132.0,2,69.0,0,,0,,5,16,15,22.0,1,119.0,0.0,,-1.0,,,1985.4545454545453,동향,0,0,0,0,0,0,,2,2
21.99,9360.0,0.0,2016.0,영통로200번길 65,연립다세대,37.24441543,127.0603302,6,27,2936,11,6,65,0,,3,178.0,4,94.0,2,89.0,0,,15,52,15,5.0,0,,3.0,108.0,34.0,24.0,영통로200번길 59,9360.0,동향,19,0,40,0,143,25,14.0,1,5
21.99,10920.0,0.0,2016.0,영통로200번길 65,연립다세대,37.24441543,127.0603302,6,27,2936,11,6,65,0,,3,178.0,4,94.0,2,89.0,0,,15,52,15,5.0,0,,3.0,108.0,34.0,24.0,영통로200번길 59,10920.0,동향,19,0,40,0,143,25,14.0,1,5
35.67,18564.0,0.0,2016.0,영통로200번길 65,연립다세대,37.24441543,127.0603302,6,27,2936,11,6,65,0,,3,178.0,4,94.0,2,89.0,0,,15,52,15,5.0,0,,3.0,108.0,34.0,24.0,영통로200번길 59,18564.0,동향,19,0,40,0,143,25,14.0,1,5
21.99,10920.0,0.0,2016.0,영통로200번길 65,연립다세대,37.24441543,127.0603302,6,27,2936,11,6,65,0,,3,178.0,4,94.0,2,89.0,0,,15,52,15,5.0,0,,3.0,108.0,34.0,24.0,영통로200번길 59,10920.0,동향,19,0,40,0,143,25,14.0,1,5
40.943,436.8,23.92,2018.0,영통로200번길 43,연립다세대,37.24454081,127.0589993,6,27,2936,11,6,65,0,,3,178.0,4,94.0,2,89.0,0,,15,52,15,5.0,0,,3.0,108.0,34.0,24.0,영통로200번길 59,871.709090909091,동향,19,0,40,0,143,25,14.0,0,4
24.88,8944.0,41.6,2017.0,영통로200번길 59,연립다세대,37.24447081,127.0598659,6,27,2936,11,6,65,0,,3,178.0,4,94.0,2,89.0,0,,15,52,15,5.0,0,,3.0,108.0,34.0,24.0,영통로200번길 59,9700.363636363636,동향,19,0,40,0,143,25,14.0,1,4
24.88,8944.0,41.6,2017.0,영통로200번길 59,연립다세대,37.24447081,127.0598659,6,27,2936,11,6,65,0,,3,178.0,4,94.0,2,89.0,0,,15,52,15,5.0,0,,3.0,108.0,34.0,24.0,영통로200번길 59,9700.363636363636,동향,19,0,40,0,143,25,14.0,1,4
21.67,11440.0,0.0,2016.0,영통로200번길 65,연립다세대,37.24441543,127.0603302,6,27,2936,11,6,65,0,,3,178.0,4,94.0,2,89.0,0,,15,52,15,5.0,0,,3.0,108.0,34.0,24.0,영통로200번길 59,11440.0,동향,19,0,40,0,143,25,14.0,1,5
21.99,11466.0,0.0,2016.0,영통로200번길 65,연립다세대,37.24441543,127.0603302,6,27,2936,11,6,65,0,,3,178.0,4,94.0,2,89.0,0,,15,52,15,5.0,0,,3.0,108.0,34.0,24.0,영통로200번길 59,11466.0,동향,19,0,40,0,143,25,14.0,1,5
21.07,10810.8,0.0,2016.0,영통로200번길 65,연립다세대,37.24441543,127.0603302,6,27,2936,11,6,65,0,,3,178.0,4,94.0,2,89.0,0,,15,52,15,5.0,0,,3.0,108.0,34.0,24.0,영통로200번길 59,10810.8,동향,19,0,40,0,143,25,14.0,1,5
24.88,9048.0,43.68,2017.0,영통로200번길 59,연립다세대,37.24447081,127.0598659,6,27,2936,11,6,65,0,,3,178.0,4,94.0,2,89.0,0,,15,52,15,5.0,0,,3.0,108.0,34.0,24.0,영통로200번길 59,9842.181818181818,동향,19,0,40,0,143,25,14.0,1,4
14.14,1130.0,50.85,2017.0,영통로200번길 47,연립다세대,37.24461256,127.0592247,6,27,2936,11,6,65,0,,3,178.0,4,94.0,2,89.0,0,,15,52,15,5.0,0,,3.0,108.0,34.0,24.0,영통로200번길 59,2054.5454545454545,동향,19,0,40,0,143,25,14.0,0,5
14.14,1130.0,50.85,2017.0,영통로200번길 47,연립다세대,37.24461256,127.0592247,6,27,2936,11,6,65,0,,3,178.0,4,94.0,2,89.0,0,,15,52,15,5.0,0,,3.0,108.0,34.0,24.0,영통로200번길 59,2054.5454545454545,동향,19,0,40,0,143,25,14.0,0,5
21.07,11746.35,0.0,2016.0,영통로200번길 65,연립다세대,37.24441543,127.0603302,6,27,2936,11,6,65,0,,3,178.0,4,94.0,2,89.0,0,,15,52,15,5.0,0,,3.0,108.0,34.0,24.0,영통로200번길 59,11746.35,동향,19,0,40,0,143,25,14.0,1,5
19.44,565.0,45.2,2018.0,영통로501번길 1-6,연립다세대,37.26339582,127.0772557,9,50,1207,22,2,97,0,,2,132.0,2,69.0,0,,0,,5,16,15,22.0,1,119.0,0.0,,-1.0,,,1386.818181818182,동향,0,0,0,0,0,0,,2,2
19.44,565.0,45.2,2018.0,영통로501번길 1-6,연립다세대,37.26339582,127.0772557,9,50,1207,22,2,97,0,,2,132.0,2,69.0,0,,0,,5,16,15,22.0,1,119.0,0.0,,-1.0,,,1386.818181818182,동향,0,0,0,0,0,0,,2,2
18.0,1695.0,56.5,2017.0,영통로200번길 55,연립다세대,37.24450572,127.0596508,6,27,2936,11,6,65,0,,3,178.0,4,94.0,2,89.0,0,,15,52,15,5.0,0,,3.0,108.0,34.0,24.0,영통로200번길 59,2722.272727272727,동향,19,0,40,0,143,25,14.0,1,4
18.66,13608.0,0.0,2017.0,영통로200번길 47,연립다세대,37.24461256,127.0592247,6,27,2936,11,6,65,0,,3,178.0,4,94.0,2,89.0,0,,15,52,15,5.0,0,,3.0,108.0,34.0,24.0,영통로200번길 59,13608.0,동향,19,0,40,0,143,25,14.0,0,5
24.98,17280.0,0.0,2017.0,영통로200번길 47,연립다세대,37.24461256,127.0592247,6,27,2936,11,6,65,0,,3,178.0,4,94.0,2,89.0,0,,15,52,15,5.0,0,,3.0,108.0,34.0,24.0,영통로200번길 59,17280.0,동향,19,0,40,0,143,25,14.0,0,5
37.93,324.0,108.0,2021.0,영통로200번길 63,연립다세대,37.24439355,127.0600847,6,27,2936,11,6,65,0,,3,178.0,4,94.0,2,89.0,0,,15,52,15,5.0,0,,3.0,108.0,34.0,24.0,영통로200번길 59,2287.636363636364,동향,19,0,40,0,143,25,14.0,1,5
30.69,19980.0,0.0,2017.0,영통로200번길 59,연립다세대,37.24447081,127.0598659,6,27,2936,11,6,65,0,,3,178.0,4,94.0,2,89.0,0,,15,52,15,5.0,0,,3.0,108.0,34.0,24.0,영통로200번길 59,19980.0,동향,19,0,40,0,143,25,14.0,1,4
41.71,18360.0,0.0,2016.0,영통로200번길 65,연립다세대,37.24441543,127.0603302,6,27,2936,11,6,65,0,,3,178.0,4,94.0,2,89.0,0,,15,52,15,5.0,0,,3.0,108.0,34.0,24.0,영통로200번길 59,18360.0,동향,19,0,40,0,143,25,14.0,1,5
24.98,14688.0,0.0,2017.0,영통로200번길 47,연립다세대,37.24461256,127.0592247,6,27,2936,11,6,65,0,,3,178.0,4,94.0,2,89.0,0,,15,52,15,5.0,0,,3.0,108.0,34.0,24.0,영통로200번길 59,14688.0,동향,19,0,40,0,143,25,14.0,0,5
23.45,11880.0,30.24,2017.0,영통로200번길 59,연립다세대,37.24447081,127.0598659,6,27,2936,11,6,65,0,,3,178.0,4,94.0,2,89.0,0,,15,52,15,5.0,0,,3.0,108.0,34.0,24.0,영통로200번길 59,12429.818181818182,동향,19,0,40,0,143,25,14.0,1,4
44.0,21060.0,0.0,2017.0,영통로200번길 47,연립다세대,37.24461256,127.0592247,6,27,2936,11,6,65,0,,3,178.0,4,94.0,2,89.0,0,,15,52,15,5.0,0,,3.0,108.0,34.0,24.0,영통로200번길 59,21060.0,동향,19,0,40,0,143,25,14.0,0,5
34.19,20412.0,0.0,2017.0,영통로200번길 59,연립다세대,37.24447081,127.0598659,6,27,2936,11,6,65,0,,3,178.0,4,94.0,2,89.0,0,,15,52,15,5.0,0,,3.0,108.0,34.0,24.0,영통로200번길 59,20412.0,동향,19,0,40,0,143,25,14.0,1,4
30.69,18144.0,17.28,2017.0,영통로200번길 59,연립다세대,37.24447081,127.0598659,6,27,2936,11,6,65,0,,3,178.0,4,94.0,2,89.0,0,,15,52,15,5.0,0,,3.0,108.0,34.0,24.0,영통로200번길 59,18458.18181818182,동향,19,0,40,0,143,25,14.0,1,4
18.66,12960.0,0.0,2017.0,영통로200번길 47,연립다세대,37.24461256,127.0592247,6,27,2936,11,6,65,0,,3,178.0,4,94.0,2,89.0,0,,15,52,15,5.0,0,,3.0,108.0,34.0,24.0,영통로200번길 59,12960.0,동향,19,0,40,0,143,25,14.0,0,5
25.02,14580.0,0.0,2017.0,영통로200번길 47,연립다세대,37.24461256,127.0592247,6,27,2936,11,6,65,0,,3,178.0,4,94.0,2,89.0,0,,15,52,15,5.0,0,,3.0,108.0,34.0,24.0,영통로200번길 59,14580.0,동향,19,0,40,0,143,25,14.0,0,5
44.98,2160.0,51.84,2013.0,영통로501번길 7,연립다세대,37.26377649,127.0771124,9,50,1207,22,2,97,0,,2,132.0,2,69.0,0,,0,,5,16,15,22.0,1,119.0,0.0,,-1.0,,,3102.5454545454545,동향,0,0,0,0,0,0,,2,2
30.69,8640.0,59.4,2017.0,영통로200번길 59,연립다세대,37.24447081,127.0598659,6,27,2936,11,6,65,0,,3,178.0,4,94.0,2,89.0,0,,15,52,15,5.0,0,,3.0,108.0,34.0,24.0,영통로200번길 59,9720.0,동향,19,0,40,0,143,25,14.0,1,4
23.45,15660.0,0.0,2017.0,영통로200번길 59,연립다세대,37.24447081,127.0598659,6,27,2936,11,6,65,0,,3,178.0,4,94.0,2,89.0,0,,15,52,15,5.0,0,,3.0,108.0,34.0,24.0,영통로200번길 59,15660.0,동향,19,0,40,0,143,25,14.0,1,4
21.99,10800.0,0.0,2016.0,영통로200번길 65,연립다세대,37.24441543,127.0603302,6,27,2936,11,6,65,0,,3,178.0,4,94.0,2,89.0,0,,15,52,15,5.0,0,,3.0,108.0,34.0,24.0,영통로200번길 59,10800.0,동향,19,0,40,0,143,25,14.0,1,5
43.8,21600.0,0.0,2017.0,영통로200번길 55,연립다세대,37.24450572,127.0596508,6,27,2936,11,6,65,0,,3,178.0,4,94.0,2,89.0,0,,15,52,15,5.0,0,,3.0,108.0,34.0,24.0,영통로200번길 59,21600.0,동향,19,0,40,0,143,25,14.0,1,4
24.88,5400.0,59.4,2017.0,영통로200번길 59,연립다세대,37.24447081,127.0598659,6,27,2936,11,6,65,0,,3,178.0,4,94.0,2,89.0,0,,15,52,15,5.0,0,,3.0,108.0,34.0,24.0,영통로200번길 59,6480.0,동향,19,0,40,0,143,25,14.0,1,4
24.43,18900.0,0.0,2017.0,영통로200번길 59,연립다세대,37.24447081,127.0598659,6,27,2936,11,6,65,0,,3,178.0,4,94.0,2,89.0,0,,15,52,15,5.0,0,,3.0,108.0,34.0,24.0,영통로200번길 59,18900.0,동향,19,0,40,0,143,25,14.0,1,4
56.199,540.0,54.0,2018.0,영통로200번길 39,연립다세대,37.24468621,127.0587773,6,27,2936,11,6,65,0,,3,178.0,4,94.0,2,89.0,0,,15,52,15,5.0,0,,3.0,108.0,34.0,24.0,영통로200번길 59,1521.818181818182,동향,19,0,40,0,143,25,14.0,0,4
24.88,9288.0,47.52,2017.0,영통로200번길 59,연립다세대,37.24447081,127.0598659,6,27,2936,11,6,65,0,,3,178.0,4,94.0,2,89.0,0,,15,52,15,5.0,0,,3.0,108.0,34.0,24.0,영통로200번길 59,10152.0,동향,19,0,40,0,143,25,14.0,1,4
21.94,540.0,39.96,2013.0,영통로501번길 7,연립다세대,37.26377649,127.0771124,9,50,1207,22,2,97,0,,2,132.0,2,69.0,0,,0,,5,16,15,22.0,1,119.0,0.0,,-1.0,,,1266.5454545454545,동향,0,0,0,0,0,0,,2,2
21.35,540.0,50.76,2016.0,영통로200번길 65,연립다세대,37.24441543,127.0603302,6,27,2936,11,6,65,0,,3,178.0,4,94.0,2,89.0,0,,15,52,15,5.0,0,,3.0,108.0,34.0,24.0,영통로200번길 59,1462.909090909091,동향,19,0,40,0,143,25,14.0,1,5
19.11,8640.0,10.8,2016.0,영통로200번길 65,연립다세대,37.24441543,127.0603302,6,27,2936,11,6,65,0,,3,178.0,4,94.0,2,89.0,0,,15,52,15,5.0,0,,3.0,108.0,34.0,24.0,영통로200번길 59,8836.363636363636,동향,19,0,40,0,143,25,14.0,1,5
49.1,540.0,60.48,2013.0,영통로501번길 7,연립다세대,37.26377649,127.0771124,9,50,1207,22,2,97,0,,2,132.0,2,69.0,0,,0,,5,16,15,22.0,1,119.0,0.0,,-1.0,,,1639.6363636363635,동향,0,0,0,0,0,0,,2,2
23.01,12960.0,0.0,2016.0,영통로200번길 65,연립다세대,37.24441543,127.0603302,6,27,2936,11,6,65,0,,3,178.0,4,94.0,2,89.0,0,,15,52,15,5.0,0,,3.0,108.0,34.0,24.0,영통로200번길 59,12960.0,동향,19,0,40,0,143,25,14.0,1,5
23.27,11880.0,0.0,2016.0,영통로200번길 65,연립다세대,37.24441543,127.0603302,6,27,2936,11,6,65,0,,3,178.0,4,94.0,2,89.0,0,,15,52,15,5.0,0,,3.0,108.0,34.0,24.0,영통로200번길 59,11880.0,동향,19,0,40,0,143,25,14.0,1,5
40.75,19224.0,0.0,2016.0,영통로200번길 65,연립다세대,37.24441543,127.0603302,6,27,2936,11,6,65,0,,3,178.0,4,94.0,2,89.0,0,,15,52,15,5.0,0,,3.0,108.0,34.0,24.0,영통로200번길 59,19224.0,동향,19,0,40,0,143,25,14.0,1,5
23.99,14040.0,0.0,2017.0,영통로200번길 47,연립다세대,37.24461256,127.0592247,6,27,2936,11,6,65,0,,3,178.0,4,94.0,2,89.0,0,,15,52,15,5.0,0,,3.0,108.0,34.0,24.0,영통로200번길 59,14040.0,동향,19,0,40,0,143,25,14.0,0,5
19.11,10767.6,0.0,2016.0,영통로200번길 65,연립다세대,37.24441543,127.0603302,6,27,2936,11,6,65,0,,3,178.0,4,94.0,2,89.0,0,,15,52,15,5.0,0,,3.0,108.0,34.0,24.0,영통로200번길 59,10767.6,동향,19,0,40,0,143,25,14.0,1,5
21.35,10773.0,0.0,2016.0,영통로200번길 65,연립다세대,37.24441543,127.0603302,6,27,2936,11,6,65,0,,3,178.0,4,94.0,2,89.0,0,,15,52,15,5.0,0,,3.0,108.0,34.0,24.0,영통로200번길 59,10773.0,동향,19,0,40,0,143,25,14.0,1,5
23.01,11340.0,0.0,2016.0,영통로200번길 65,연립다세대,37.24441543,127.0603302,6,27,2936,11,6,65,0,,3,178.0,4,94.0,2,89.0,0,,15,52,15,5.0,0,,3.0,108.0,34.0,24.0,영통로200번길 59,11340.0,동향,19,0,40,0,143,25,14.0,1,5
21.99,11340.0,0.0,2016.0,영통로200번길 65,연립다세대,37.24441543,127.0603302,6,27,2936,11,6,65,0,,3,178.0,4,94.0,2,89.0,0,,15,52,15,5.0,0,,3.0,108.0,34.0,24.0,영통로200번길 59,11340.0,동향,19,0,40,0,143,25,14.0,1,5
24.69,18900.0,0.0,2017.0,영통로200번길 59,연립다세대,37.24447081,127.0598659,6,27,2936,11,6,65,0,,3,178.0,4,94.0,2,89.0,0,,15,52,15,5.0,0,,3.0,108.0,34.0,24.0,영통로200번길 59,18900.0,동향,19,0,40,0,143,25,14.0,1,4
56.348,9850.68,11.88,2018.0,영통로200번길 43,연립다세대,37.24454081,127.0589993,6,27,2936,11,6,65,0,,3,178.0,4,94.0,2,89.0,0,,15,52,15,5.0,0,,3.0,108.0,34.0,24.0,영통로200번길 59,10066.68,동향,19,0,40,0,143,25,14.0,0,4
18.0,13500.0,0.0,2017.0,영통로200번길 55,연립다세대,37.24450572,127.0596508,6,27,2936,11,6,65,0,,3,178.0,4,94.0,2,89.0,0,,15,52,15,5.0,0,,3.0,108.0,34.0,24.0,영통로200번길 59,13500.0,동향,19,0,40,0,143,25,14.0,1,4
21.99,11340.0,0.0,2016.0,영통로200번길 65,연립다세대,37.24441543,127.0603302,6,27,2936,11,6,65,0,,3,178.0,4,94.0,2,89.0,0,,15,52,15,5.0,0,,3.0,108.0,34.0,24.0,영통로200번길 59,11340.0,동향,19,0,40,0,143,25,14.0,1,5
21.99,11340.0,0.0,2016.0,영통로200번길 65,연립다세대,37.24441543,127.0603302,6,27,2936,11,6,65,0,,3,178.0,4,94.0,2,89.0,0,,15,52,15,5.0,0,,3.0,108.0,34.0,24.0,영통로200번길 59,11340.0,동향,19,0,40,0,143,25,14.0,1,5
22.24,16200.0,0.0,2017.0,영통로200번길 55,연립다세대,37.24450572,127.0596508,6,27,2936,11,6,65,0,,3,178.0,4,94.0,2,89.0,0,,15,52,15,5.0,0,,3.0,108.0,34.0,24.0,영통로200번길 59,16200.0,동향,19,0,40,0,143,25,14.0,1,4
20.65,1130.0,56.5,2015.0,서그내로62번길 42,연립다세대,37.24291591,127.067901,1,23,2176,21,2,40,0,,0,,0,,0,,0,,3,97,6,23.0,0,,0.0,,13.0,3.0,서그내로62번길 35,2157.272727272727,동향,11,28,38,44,131,101,15.0,1,4
29.52,1130.0,73.45,2015.0,서그내로 43,연립다세대,37.24308982,127.074183,3,14,1661,13,2,54,0,,0,,0,,0,,1,189.0,3,65,7,39.0,0,,0.0,,10.0,0.0,서그내로 43,2465.454545454545,서향,11,44,27,85,113,103,13.0,2,2
17.5,1130.0,58.76,2015.0,서그내로 43,연립다세대,37.24308982,127.074183,3,14,1661,13,2,54,0,,0,,0,,0,,1,189.0,3,65,7,39.0,0,,0.0,,10.0,0.0,서그내로 43,2198.363636363636,서향,11,44,27,85,113,103,13.0,2,2
47.475,18080.0,0.0,2013.0,서그내로16번길 25,연립다세대,37.24508382,127.0706698,13,17,1632,18,3,39,0,,0,,0,,0,,1,112.0,7,28,15,107.0,0,,0.0,,37.0,27.0,서그내로16번길 27,18080.0,Unknown,10,21,39,75,137,101,16.0,0,0
21.36,1130.0,84.75,2024.0,예현로35번길 32,연립다세대,37.24137365,127.0662886,1,23,2168,21,2,40,0,,0,,0,,0,,0,,3,97,6,23.0,0,,0.0,,36.0,26.0,예현로35번길 32,2670.909090909091,Unknown,13,11,31,29,138,90,12.0,2,4
20.65,8475.0,0.0,2015.0,서그내로62번길 42,연립다세대,37.24291591,127.067901,1,23,2176,21,2,40,0,,0,,0,,0,,0,,3,97,6,23.0,0,,0.0,,13.0,3.0,서그내로62번길 35,8475.0,동향,11,28,38,44,131,101,15.0,1,4
20.64,9040.0,33.9,2023.0,서그내로53번길 40-1,연립다세대,37.24109643,127.0695717,11,19,2195,20,1,106,0,,0,,0,,0,,0,,1,148,3,70.0,0,,0.0,,12.0,2.0,서그내로53번길 31,9656.363636363636,Unknown,11,23,31,64,111,103,15.0,1,3
22.06,1130.0,67.8,2014.0,서그내로 30,연립다세대,37.24457167,127.0738645,3,14,1704,13,2,54,0,,0,,0,,0,,1,189.0,3,65,7,39.0,0,,0.0,,14.0,4.0,서그내로 30,2362.727272727273,동향,14,45,37,82,133,102,12.0,1,4
19.3984,5650.0,50.85,2020.0,서그내로53번길 24,연립다세대,37.241556,127.0715486,13,17,2195,18,3,39,0,,0,,0,,0,,1,112.0,7,28,15,107.0,0,,0.0,,12.0,2.0,서그내로53번길 31,6574.545454545455,Unknown,11,23,31,64,111,103,15.0,0,4
19.3984,5650.0,45.2,2020.0,서그내로53번길 24,연립다세대,37.241556,127.0715486,13,17,2195,18,3,39,0,,0,,0,,0,,1,112.0,7,28,15,107.0,0,,0.0,,12.0,2.0,서그내로53번길 31,6471.818181818182,Unknown,11,23,31,64,111,103,15.0,0,4
23.21,12430.0,0.0,2023.0,서그내로53번길 40-1,연립다세대,37.24109643,127.0695717,11,19,2195,20,1,106,0,,0,,0,,0,,0,,1,148,3,70.0,0,,0.0,,12.0,2.0,서그내로53번길 31,12430.0,Unknown,11,23,31,64,111,103,15.0,1,3
23.28,565.0,53.11,2015.0,서그내로62번길 33,연립다세대,37.24243355,127.0687739,1,23,2176,21,2,40,0,,0,,0,,0,,0,,3,97,6,23.0,0,,0.0,,13.0,3.0,서그내로62번길 35,1530.6363636363635,Unknown,11,28,38,44,131,101,15.0,0,2
23.68,9040.0,33.9,2023.0,서그내로53번길 40-1,연립다세대,37.24109643,127.0695717,11,19,2195,20,1,106,0,,0,,0,,0,,0,,1,148,3,70.0,0,,0.0,,12.0,2.0,서그내로53번길 31,9656.363636363636,Unknown,11,23,31,64,111,103,15.0,1,3
23.21,5650.0,56.5,2022.0,서그내로62번길 23,연립다세대,37.24221939,127.0699161,11,19,2012,20,1,106,0,,0,,0,,0,,0,,1,148,3,70.0,0,,0.0,,16.0,6.0,서그내로62번길 23,6677.272727272727,Unknown,12,33,33,65,125,101,11.0,0,0
15.6,1130.0,55.37,2018.0,서그내로53번길 33,연립다세대,37.24111925,127.070438,11,19,2195,20,1,106,0,,0,,0,,0,,0,,1,148,3,70.0,0,,0.0,,12.0,2.0,서그내로53번길 31,2136.7272727272725,Unknown,11,23,31,64,111,103,15.0,1,4
13.6,3390.0,39.55,2013.0,서그내로 46-2,연립다세대,37.24336243,127.0737232,3,14,1661,13,2,54,0,,0,,0,,0,,1,189.0,3,65,7,39.0,0,,0.0,,10.0,0.0,서그내로 43,4109.090909090909,서향,11,44,27,85,113,103,13.0,2,2
25.97,6780.0,42.94,2015.0,서그내로 43,연립다세대,37.24308982,127.074183,3,14,1661,13,2,54,0,,0,,0,,0,,1,189.0,3,65,7,39.0,0,,0.0,,10.0,0.0,서그내로 43,7560.727272727273,서향,11,44,27,85,113,103,13.0,2,2
50.89,19888.0,0.0,2015.0,서그내로 43,연립다세대,37.24308982,127.074183,3,14,1661,13,2,54,0,,0,,0,,0,,1,189.0,3,65,7,39.0,0,,0.0,,10.0,0.0,서그내로 43,19888.0,서향,11,44,27,85,113,103,13.0,2,2
50.89,19888.0,0.0,2015.0,서그내로 43,연립다세대,37.24308982,127.074183,3,14,1661,13,2,54,0,,0,,0,,0,,1,189.0,3,65,7,39.0,0,,0.0,,10.0,0.0,서그내로 43,19888.0,서향,11,44,27,85,113,103,13.0,2,2
16.03,3390.0,45.2,2013.0,서그내로 46-2,연립다세대,37.24336243,127.0737232,3,14,1661,13,2,54,0,,0,,0,,0,,1,189.0,3,65,7,39.0,0,,0.0,,10.0,0.0,서그내로 43,4211.818181818182,서향,11,44,27,85,113,103,13.0,2,2
16.03,2147.0,27.12,2013.0,서그내로 46-2,연립다세대,37.24336243,127.0737232,3,14,1661,13,2,54,0,,0,,0,,0,,1,189.0,3,65,7,39.0,0,,0.0,,10.0,0.0,서그내로 43,2640.090909090909,서향,11,44,27,85,113,103,13.0,2,2
14.73,339.0,45.2,2012.0,서그내로 23-5,연립다세대,37.24559678,127.0744081,3,14,1485,13,2,54,0,,0,,0,,0,,1,189.0,3,65,7,39.0,0,,0.0,,15.0,5.0,서그내로 23-5,1160.818181818182,서향,18,41,39,71,129,102,15.0,2,3
47.7,19888.0,0.0,2015.0,서그내로 43,연립다세대,37.24308982,127.074183,3,14,1661,13,2,54,0,,0,,0,,0,,1,189.0,3,65,7,39.0,0,,0.0,,10.0,0.0,서그내로 43,19888.0,서향,11,44,27,85,113,103,13.0,2,2
15.6,1130.0,51.98,2018.0,서그내로53번길 33,연립다세대,37.24111925,127.070438,11,19,2195,20,1,106,0,,0,,0,,0,,0,,1,148,3,70.0,0,,0.0,,12.0,2.0,서그내로53번길 31,2075.090909090909,Unknown,11,23,31,64,111,103,15.0,1,4
16.03,7910.0,0.0,2013.0,서그내로 46-2,연립다세대,37.24336243,127.0737232,3,14,1661,13,2,54,0,,0,,0,,0,,1,189.0,3,65,7,39.0,0,,0.0,,10.0,0.0,서그내로 43,7910.0,서향,11,44,27,85,113,103,13.0,2,2
13.6,2147.0,50.85,2013.0,서그내로 46-2,연립다세대,37.24336243,127.0737232,3,14,1661,13,2,54,0,,0,,0,,0,,1,189.0,3,65,7,39.0,0,,0.0,,10.0,0.0,서그내로 43,3071.5454545454545,서향,11,44,27,85,113,103,13.0,2,2
47.7,18645.0,0.0,2015.0,서그내로 43,연립다세대,37.24308982,127.074183,3,14,1661,13,2,54,0,,0,,0,,0,,1,189.0,3,65,7,39.0,0,,0.0,,10.0,0.0,서그내로 43,18645.0,서향,11,44,27,85,113,103,13.0,2,2
15.6,1130.0,53.11,2018.0,서그내로53번길 33,연립다세대,37.24111925,127.070438,11,19,2195,20,1,106,0,,0,,0,,0,,0,,1,148,3,70.0,0,,0.0,,12.0,2.0,서그내로53번길 31,2095.6363636363635,Unknown,11,23,31,64,111,103,15.0,1,4
23.28,565.0,53.11,2015.0,서그내로62번길 33,연립다세대,37.24243355,127.0687739,1,23,2176,21,2,40,0,,0,,0,,0,,0,,3,97,6,23.0,0,,0.0,,13.0,3.0,서그내로62번길 35,1530.6363636363635,Unknown,11,28,38,44,131,101,15.0,0,2
20.65,565.0,50.85,2015.0,서그내로62번길 42,연립다세대,37.24291591,127.067901,1,23,2176,21,2,40,0,,0,,0,,0,,0,,3,97,6,23.0,0,,0.0,,13.0,3.0,서그내로62번길 35,1489.5454545454545,동향,11,28,38,44,131,101,15.0,1,4
15.39,1130.0,42.94,2018.0,서그내로53번길 33,연립다세대,37.24111925,127.070438,11,19,2195,20,1,106,0,,0,,0,,0,,0,,1,148,3,70.0,0,,0.0,,12.0,2.0,서그내로53번길 31,1910.7272727272723,Unknown,11,23,31,64,111,103,15.0,1,4
23.52,1130.0,62.15,2015.0,서그내로62번길 42,연립다세대,37.24291591,127.067901,1,23,2176,21,2,40,0,,0,,0,,0,,0,,3,97,6,23.0,0,,0.0,,13.0,3.0,서그내로62번길 35,2260.0,동향,11,28,38,44,131,101,15.0,1,4
13.6,2147.0,50.85,2013.0,서그내로 46-2,연립다세대,37.24336243,127.0737232,3,14,1661,13,2,54,0,,0,,0,,0,,1,189.0,3,65,7,39.0,0,,0.0,,10.0,0.0,서그내로 43,3071.5454545454545,서향,11,44,27,85,113,103,13.0,2,2
47.08,6602.59,18.08,2020.0,서그내로53번길 41,연립다세대,37.24069422,127.0700268,11,19,2195,20,1,106,0,,0,,0,,0,,0,,1,148,3,70.0,0,,0.0,,12.0,2.0,서그내로53번길 31,6931.317272727273,Unknown,11,23,31,64,111,103,15.0,2,4
18.9459,11300.0,0.0,2020.0,서그내로53번길 24,연립다세대,37.241556,127.0715486,13,17,2195,18,3,39,0,,0,,0,,0,,1,112.0,7,28,15,107.0,0,,0.0,,12.0,2.0,서그내로53번길 31,11300.0,Unknown,11,23,31,64,111,103,15.0,0,4
20.705,1080.0,60.48,2014.0,서그내로 30,연립다세대,37.24457167,127.0738645,3,14,1704,13,2,54,0,,0,,0,,0,,1,189.0,3,65,7,39.0,0,,0.0,,14.0,4.0,서그내로 30,2179.6363636363635,동향,14,45,37,82,133,102,12.0,1,4
20.705,1080.0,60.48,2014.0,서그내로 30,연립다세대,37.24457167,127.0738645,3,14,1704,13,2,54,0,,0,,0,,0,,1,189.0,3,65,7,39.0,0,,0.0,,14.0,4.0,서그내로 30,2179.6363636363635,동향,14,45,37,82,133,102,12.0,1,4
13.2,324.0,34.56,2012.0,서그내로16번길 27,연립다세대,37.245079,127.0705474,13,17,1632,18,3,39,0,,0,,0,,0,,1,112.0,7,28,15,107.0,0,,0.0,,37.0,27.0,서그내로16번길 27,952.3636363636364,동향,10,21,39,75,137,101,16.0,0,0
22.06,1080.0,64.8,2014.0,서그내로 30,연립다세대,37.24457167,127.0738645,3,14,1704,13,2,54,0,,0,,0,,0,,1,189.0,3,65,7,39.0,0,,0.0,,14.0,4.0,서그내로 30,2258.181818181818,동향,14,45,37,82,133,102,12.0,1,4
22.86,5400.0,48.6,2022.0,서그내로 63,연립다세대,37.2420843,127.0722695,13,17,1727,18,3,39,0,,0,,0,,0,,1,112.0,7,28,15,107.0,0,,0.0,,11.0,1.0,서그내로 61,6283.636363636364,Unknown,11,44,30,80,112,103,12.0,0,1
22.86,5400.0,48.6,2022.0,서그내로 63,연립다세대,37.2420843,127.0722695,13,17,1727,18,3,39,0,,0,,0,,0,,1,112.0,7,28,15,107.0,0,,0.0,,11.0,1.0,서그내로 61,6283.636363636364,Unknown,11,44,30,80,112,103,12.0,0,1
12.96,540.0,33.48,2014.0,서그내로53번길 3-9,연립다세대,37.24240803,127.0742087,3,14,1661,13,2,54,0,,0,,0,,0,,1,189.0,3,65,7,39.0,0,,0.0,,10.0,0.0,서그내로 43,1148.7272727272723,동향,11,44,27,85,113,103,13.0,1,4
21.715,540.0,63.72,2014.0,서그내로 30,연립다세대,37.24457167,127.0738645,3,14,1704,13,2,54,0,,0,,0,,0,,1,189.0,3,65,7,39.0,0,,0.0,,14.0,4.0,서그내로 30,1698.5454545454545,동향,14,45,37,82,133,102,12.0,1,4
21.715,1080.0,60.48,2014.0,서그내로 30,연립다세대,37.24457167,127.0738645,3,14,1704,13,2,54,0,,0,,0,,0,,1,189.0,3,65,7,39.0,0,,0.0,,14.0,4.0,서그내로 30,2179.6363636363635,동향,14,45,37,82,133,102,12.0,1,4
21.21,1080.0,60.48,2014.0,서그내로 30,연립다세대,37.24457167,127.0738645,3,14,1704,13,2,54,0,,0,,0,,0,,1,189.0,3,65,7,39.0,0,,0.0,,14.0,4.0,서그내로 30,2179.6363636363635,동향,14,45,37,82,133,102,12.0,1,4
17.54,4320.0,59.4,2022.0,서그내로62번길 23,연립다세대,37.24221939,127.0699161,11,19,2012,20,1,106,0,,0,,0,,0,,0,,1,148,3,70.0,0,,0.0,,16.0,6.0,서그내로62번길 23,5400.0,Unknown,12,33,33,65,125,101,11.0,0,0
14.61,2052.0,48.6,2013.0,서그내로 46-2,연립다세대,37.24336243,127.0737232,3,14,1661,13,2,54,0,,0,,0,,0,,1,189.0,3,65,7,39.0,0,,0.0,,10.0,0.0,서그내로 43,2935.6363636363635,서향,11,44,27,85,113,103,13.0,2,2
19.08,2160.0,70.2,2022.0,서그내로62번길 23,연립다세대,37.24221939,127.0699161,11,19,2012,20,1,106,0,,0,,0,,0,,0,,1,148,3,70.0,0,,0.0,,16.0,6.0,서그내로62번길 23,3436.3636363636365,Unknown,12,33,33,65,125,101,11.0,0,0
21.21,1080.0,60.48,2014.0,서그내로 30,연립다세대,37.24457167,127.0738645,3,14,1704,13,2,54,0,,0,,0,,0,,1,189.0,3,65,7,39.0,0,,0.0,,14.0,4.0,서그내로 30,2179.6363636363635,동향,14,45,37,82,133,102,12.0,1,4
21.21,1080.0,60.48,2014.0,서그내로 30,연립다세대,37.24457167,127.0738645,3,14,1704,13,2,54,0,,0,,0,,0,,1,189.0,3,65,7,39.0,0,,0.0,,14.0,4.0,서그내로 30,2179.6363636363635,동향,14,45,37,82,133,102,12.0,1,4
21.715,1080.0,60.48,2014.0,서그내로 30,연립다세대,37.24457167,127.0738645,3,14,1704,13,2,54,0,,0,,0,,0,,1,189.0,3,65,7,39.0,0,,0.0,,14.0,4.0,서그내로 30,2179.6363636363635,동향,14,45,37,82,133,102,12.0,1,4
12.96,540.0,33.48,2014.0,서그내로53번길 3-9,연립다세대,37.24240803,127.0742087,3,14,1661,13,2,54,0,,0,,0,,0,,1,189.0,3,65,7,39.0,0,,0.0,,10.0,0.0,서그내로 43,1148.7272727272723,동향,11,44,27,85,113,103,13.0,1,4
20.705,1080.0,60.48,2014.0,서그내로 30,연립다세대,37.24457167,127.0738645,3,14,1704,13,2,54,0,,0,,0,,0,,1,189.0,3,65,7,39.0,0,,0.0,,14.0,4.0,서그내로 30,2179.6363636363635,동향,14,45,37,82,133,102,12.0,1,4
15.6,1080.0,47.52,2018.0,서그내로53번길 33,연립다세대,37.24111925,127.070438,11,19,2195,20,1,106,0,,0,,0,,0,,0,,1,148,3,70.0,0,,0.0,,12.0,2.0,서그내로53번길 31,1944.0,Unknown,11,23,31,64,111,103,15.0,1,4
21.715,1080.0,60.48,2014.0,서그내로 30,연립다세대,37.24457167,127.0738645,3,14,1704,13,2,54,0,,0,,0,,0,,1,189.0,3,65,7,39.0,0,,0.0,,14.0,4.0,서그내로 30,2179.6363636363635,동향,14,45,37,82,133,102,12.0,1,4
17.5,1080.0,56.16,2015.0,서그내로 43,연립다세대,37.24308982,127.074183,3,14,1661,13,2,54,0,,0,,0,,0,,1,189.0,3,65,7,39.0,0,,0.0,,10.0,0.0,서그내로 43,2101.090909090909,서향,11,44,27,85,113,103,13.0,2,2
11.46,540.0,37.8,2014.0,서그내로53번길 3-9,연립다세대,37.24240803,127.0742087,3,14,1661,13,2,54,0,,0,,0,,0,,1,189.0,3,65,7,39.0,0,,0.0,,10.0,0.0,서그내로 43,1227.2727272727273,동향,11,44,27,85,113,103,13.0,1,4
17.54,2160.0,64.8,2022.0,서그내로62번길 23,연립다세대,37.24221939,127.0699161,11,19,2012,20,1,106,0,,0,,0,,0,,0,,1,148,3,70.0,0,,0.0,,16.0,6.0,서그내로62번길 23,3338.181818181818,Unknown,12,33,33,65,125,101,11.0,0,0
21.21,1080.0,60.48,2014.0,서그내로 30,연립다세대,37.24457167,127.0738645,3,14,1704,13,2,54,0,,0,,0,,0,,1,189.0,3,65,7,39.0,0,,0.0,,14.0,4.0,서그내로 30,2179.6363636363635,동향,14,45,37,82,133,102,12.0,1,4
21.43,540.0,38.88,2015.0,서그내로 46,연립다세대,37.2431637,127.0736001,3,14,1661,13,2,54,0,,0,,0,,0,,1,189.0,3,65,7,39.0,0,,0.0,,10.0,0.0,서그내로 43,1246.909090909091,서향,11,44,27,85,113,103,13.0,2,2
17.5,1080.0,56.16,2015.0,서그내로 43,연립다세대,37.24308982,127.074183,3,14,1661,13,2,54,0,,0,,0,,0,,1,189.0,3,65,7,39.0,0,,0.0,,10.0,0.0,서그내로 43,2101.090909090909,서향,11,44,27,85,113,103,13.0,2,2
21.715,1080.0,60.48,2014.0,서그내로 30,연립다세대,37.24457167,127.0738645,3,14,1704,13,2,54,0,,0,,0,,0,,1,189.0,3,65,7,39.0,0,,0.0,,14.0,4.0,서그내로 30,2179.6363636363635,동향,14,45,37,82,133,102,12.0,1,4
42.25,12960.0,0.0,2014.0,서그내로53번길 11-1,연립다세대,37.24174866,127.0727274,13,17,1727,18,3,39,0,,0,,0,,0,,1,112.0,7,28,15,107.0,0,,0.0,,11.0,1.0,서그내로 61,12960.0,Unknown,11,44,30,80,112,103,12.0,0,2
18.8,5400.0,37.8,2020.0,서그내로 59,연립다세대,37.24224665,127.0726211,13,17,1727,18,3,39,0,,0,,0,,0,,1,112.0,7,28,15,107.0,0,,0.0,,11.0,1.0,서그내로 61,6087.272727272727,Unknown,11,44,30,80,112,103,12.0,0,3
36.56,4654.8,14.04,2019.0,서그내로62번길 35,연립다세대,37.242482,127.0682545,1,23,2176,21,2,40,0,,0,,0,,0,,0,,3,97,6,23.0,0,,0.0,,13.0,3.0,서그내로62번길 35,4910.072727272727,동향,11,28,38,44,131,101,15.0,0,2
17.0,540.0,46.44,2015.0,서그내로62번길 42,연립다세대,37.24291591,127.067901,1,23,2176,21,2,40,0,,0,,0,,0,,0,,3,97,6,23.0,0,,0.0,,13.0,3.0,서그내로62번길 35,1384.3636363636365,동향,11,28,38,44,131,101,15.0,1,4
20.65,9072.0,0.0,2015.0,서그내로 46,연립다세대,37.2431637,127.0736001,3,14,1661,13,2,54,0,,0,,0,,0,,1,189.0,3,65,7,39.0,0,,0.0,,10.0,0.0,서그내로 43,9072.0,서향,11,44,27,85,113,103,13.0,2,2
20.67,5400.0,48.6,2023.0,서그내로53번길 3-5,연립다세대,37.24231621,127.073921,3,14,1661,13,2,54,0,,0,,0,,0,,1,189.0,3,65,7,39.0,0,,0.0,,10.0,0.0,서그내로 43,6283.636363636364,서향,11,44,27,85,113,103,13.0,0,3
23.19,540.0,43.2,2015.0,서그내로62번길 33,연립다세대,37.24243355,127.0687739,1,23,2176,21,2,40,0,,0,,0,,0,,0,,3,97,6,23.0,0,,0.0,,13.0,3.0,서그내로62번길 35,1325.4545454545455,Unknown,11,28,38,44,131,101,15.0,0,2
88.95,10800.0,129.6,2022.0,서그내로 61,연립다세대,37.24216795,127.0724701,13,17,1727,18,3,39,0,,0,,0,,0,,1,112.0,7,28,15,107.0,0,,0.0,,11.0,1.0,서그내로 61,13156.363636363636,Unknown,11,44,30,80,112,103,12.0,0,1
88.95,10800.0,129.6,2022.0,서그내로 61,연립다세대,37.24216795,127.0724701,13,17,1727,18,3,39,0,,0,,0,,0,,1,112.0,7,28,15,107.0,0,,0.0,,11.0,1.0,서그내로 61,13156.363636363636,Unknown,11,44,30,80,112,103,12.0,0,1
22.44,12960.0,0.0,2022.0,서그내로 61,연립다세대,37.24216795,127.0724701,13,17,1727,18,3,39,0,,0,,0,,0,,1,112.0,7,28,15,107.0,0,,0.0,,11.0,1.0,서그내로 61,12960.0,Unknown,11,44,30,80,112,103,12.0,0,1
20.67,3240.0,70.2,2023.0,서그내로53번길 3-5,연립다세대,37.24231621,127.073921,3,14,1661,13,2,54,0,,0,,0,,0,,1,189.0,3,65,7,39.0,0,,0.0,,10.0,0.0,서그내로 43,4516.363636363636,서향,11,44,27,85,113,103,13.0,0,3
47.08,4415.04,23.76,2020.0,서그내로53번길 41,연립다세대,37.24069422,127.0700268,11,19,2195,20,1,106,0,,0,,0,,0,,0,,1,148,3,70.0,0,,0.0,,12.0,2.0,서그내로53번길 31,4847.04,Unknown,11,23,31,64,111,103,15.0,2,4
19.32,540.0,48.6,2015.0,서그내로62번길 42,연립다세대,37.24291591,127.067901,1,23,2176,21,2,40,0,,0,,0,,0,,0,,3,97,6,23.0,0,,0.0,,13.0,3.0,서그내로62번길 35,1423.6363636363635,동향,11,28,38,44,131,101,15.0,1,4
19.08,5400.0,43.2,2022.0,서그내로62번길 23,연립다세대,37.24221939,127.0699161,11,19,2012,20,1,106,0,,0,,0,,0,,0,,1,148,3,70.0,0,,0.0,,16.0,6.0,서그내로62번길 23,6185.454545454546,Unknown,12,33,33,65,125,101,11.0,0,0
47.475,2160.0,75.6,2013.0,서그내로16번길 25,연립다세대,37.24508382,127.0706698,13,17,1632,18,3,39,0,,0,,0,,0,,1,112.0,7,28,15,107.0,0,,0.0,,37.0,27.0,서그내로16번길 27,3534.5454545454545,Unknown,10,21,39,75,137,101,16.0,0,0
20.67,7560.0,43.2,2023.0,서그내로53번길 3-5,연립다세대,37.24231621,127.073921,3,14,1661,13,2,54,0,,0,,0,,0,,1,189.0,3,65,7,39.0,0,,0.0,,10.0,0.0,서그내로 43,8345.454545454546,서향,11,44,27,85,113,103,13.0,0,3
14.09,2052.0,48.6,2013.0,서그내로 46-2,연립다세대,37.24336243,127.0737232,3,14,1661,13,2,54,0,,0,,0,,0,,1,189.0,3,65,7,39.0,0,,0.0,,10.0,0.0,서그내로 43,2935.6363636363635,서향,11,44,27,85,113,103,13.0,2,2
44.52,18360.0,0.0,2022.0,서그내로 61,연립다세대,37.24216795,127.0724701,13,17,1727,18,3,39,0,,0,,0,,0,,1,112.0,7,28,15,107.0,0,,0.0,,11.0,1.0,서그내로 61,18360.0,Unknown,11,44,30,80,112,103,12.0,0,1
20.705,1080.0,60.48,2014.0,서그내로 30,연립다세대,37.24457167,127.0738645,3,14,1704,13,2,54,0,,0,,0,,0,,1,189.0,3,65,7,39.0,0,,0.0,,14.0,4.0,서그내로 30,2179.6363636363635,동향,14,45,37,82,133,102,12.0,1,4
25.97,1080.0,52.92,2015.0,서그내로 43,연립다세대,37.24308982,127.074183,3,14,1661,13,2,54,0,,0,,0,,0,,1,189.0,3,65,7,39.0,0,,0.0,,10.0,0.0,서그내로 43,2042.1818181818185,서향,11,44,27,85,113,103,13.0,2,2
34.31,12960.0,43.2,2023.0,서그내로53번길 3-5,연립다세대,37.24231621,127.073921,3,14,1661,13,2,54,0,,0,,0,,0,,1,189.0,3,65,7,39.0,0,,0.0,,10.0,0.0,서그내로 43,13745.454545454546,서향,11,44,27,85,113,103,13.0,0,3
13.42,324.0,34.56,2012.0,서그내로16번길 27,연립다세대,37.245079,127.0705474,13,17,1632,18,3,39,0,,0,,0,,0,,1,112.0,7,28,15,107.0,0,,0.0,,37.0,27.0,서그내로16번길 27,952.3636363636364,동향,10,21,39,75,137,101,16.0,0,0
23.37,6480.0,48.6,2023.0,서그내로53번길 3-5,연립다세대,37.24231621,127.073921,3,14,1661,13,2,54,0,,0,,0,,0,,1,189.0,3,65,7,39.0,0,,0.0,,10.0,0.0,서그내로 43,7363.636363636364,서향,11,44,27,85,113,103,13.0,0,3
23.37,7560.0,41.04,2023.0,서그내로53번길 3-5,연립다세대,37.24231621,127.073921,3,14,1661,13,2,54,0,,0,,0,,0,,1,189.0,3,65,7,39.0,0,,0.0,,10.0,0.0,서그내로 43,8306.181818181818,서향,11,44,27,85,113,103,13.0,0,3
20.67,11880.0,0.0,2023.0,서그내로53번길 3-5,연립다세대,37.24231621,127.073921,3,14,1661,13,2,54,0,,0,,0,,0,,1,189.0,3,65,7,39.0,0,,0.0,,10.0,0.0,서그내로 43,11880.0,서향,11,44,27,85,113,103,13.0,0,3
20.14,12960.0,0.0,2020.0,서그내로 59,연립다세대,37.24224665,127.0726211,13,17,1727,18,3,39,0,,0,,0,,0,,1,112.0,7,28,15,107.0,0,,0.0,,11.0,1.0,서그내로 61,12960.0,Unknown,11,44,30,80,112,103,12.0,0,3
21.715,1080.0,60.48,2014.0,서그내로 30,연립다세대,37.24457167,127.0738645,3,14,1704,13,2,54,0,,0,,0,,0,,1,189.0,3,65,7,39.0,0,,0.0,,14.0,4.0,서그내로 30,2179.6363636363635,동향,14,45,37,82,133,102,12.0,1,4
11.46,324.0,34.56,2014.0,서그내로53번길 3-9,연립다세대,37.24240803,127.0742087,3,14,1661,13,2,54,0,,0,,0,,0,,1,189.0,3,65,7,39.0,0,,0.0,,10.0,0.0,서그내로 43,952.3636363636364,동향,11,44,27,85,113,103,13.0,1,4
42.16,21600.0,0.0,2023.0,서그내로53번길 40-1,연립다세대,37.24109643,127.0695717,11,19,2195,20,1,106,0,,0,,0,,0,,0,,1,148,3,70.0,0,,0.0,,12.0,2.0,서그내로53번길 31,21600.0,Unknown,11,23,31,64,111,103,15.0,1,3
25.01,10800.0,37.8,2020.0,서그내로 59,연립다세대,37.24224665,127.0726211,13,17,1727,18,3,39,0,,0,,0,,0,,1,112.0,7,28,15,107.0,0,,0.0,,11.0,1.0,서그내로 61,11487.272727272728,Unknown,11,44,30,80,112,103,12.0,0,3
19.3984,17280.0,0.0,2020.0,서그내로53번길 24,연립다세대,37.241556,127.0715486,13,17,2195,18,3,39,0,,0,,0,,0,,1,112.0,7,28,15,107.0,0,,0.0,,12.0,2.0,서그내로53번길 31,17280.0,Unknown,11,23,31,64,111,103,15.0,0,4
21.715,1080.0,60.48,2014.0,서그내로 30,연립다세대,37.24457167,127.0738645,3,14,1704,13,2,54,0,,0,,0,,0,,1,189.0,3,65,7,39.0,0,,0.0,,14.0,4.0,서그내로 30,2179.6363636363635,동향,14,45,37,82,133,102,12.0,1,4
47.475,17280.0,0.0,2013.0,서그내로16번길 25,연립다세대,37.24508382,127.0706698,13,17,1632,18,3,39,0,,0,,0,,0,,1,112.0,7,28,15,107.0,0,,0.0,,37.0,27.0,서그내로16번길 27,17280.0,Unknown,10,21,39,75,137,101,16.0,0,0
17.95,5400.0,54.0,2022.0,서그내로62번길 23,연립다세대,37.24221939,127.0699161,11,19,2012,20,1,106,0,,0,,0,,0,,0,,1,148,3,70.0,0,,0.0,,16.0,6.0,서그내로62번길 23,6381.818181818182,Unknown,12,33,33,65,125,101,11.0,0,0
19.3984,5400.0,43.2,2020.0,서그내로53번길 24,연립다세대,37.241556,127.0715486,13,17,2195,18,3,39,0,,0,,0,,0,,1,112.0,7,28,15,107.0,0,,0.0,,12.0,2.0,서그내로53번길 31,6185.454545454546,Unknown,11,23,31,64,111,103,15.0,0,4
46.14,18036.0,0.0,2015.0,서그내로 43,연립다세대,37.24308982,127.074183,3,14,1661,13,2,54,0,,0,,0,,0,,1,189.0,3,65,7,39.0,0,,0.0,,10.0,0.0,서그내로 43,18036.0,서향,11,44,27,85,113,103,13.0,2,2
19.3984,11880.0,0.0,2020.0,서그내로53번길 24,연립다세대,37.241556,127.0715486,13,17,2195,18,3,39,0,,0,,0,,0,,1,112.0,7,28,15,107.0,0,,0.0,,12.0,2.0,서그내로53번길 31,11880.0,Unknown,11,23,31,64,111,103,15.0,0,4
17.44,15120.0,0.0,2023.0,서그내로53번길 3-5,연립다세대,37.24231621,127.073921,3,14,1661,13,2,54,0,,0,,0,,0,,1,189.0,3,65,7,39.0,0,,0.0,,10.0,0.0,서그내로 43,15120.0,서향,11,44,27,85,113,103,13.0,0,3
20.705,1080.0,60.48,2014.0,서그내로 30,연립다세대,37.24457167,127.0738645,3,14,1704,13,2,54,0,,0,,0,,0,,1,189.0,3,65,7,39.0,0,,0.0,,14.0,4.0,서그내로 30,2179.6363636363635,동향,14,45,37,82,133,102,12.0,1,4
29.52,1080.0,69.12,2015.0,서그내로 43,연립다세대,37.24308982,127.074183,3,14,1661,13,2,54,0,,0,,0,,0,,1,189.0,3,65,7,39.0,0,,0.0,,10.0,0.0,서그내로 43,2336.727272727273,서향,11,44,27,85,113,103,13.0,2,2
47.7,15984.0,0.0,2015.0,서그내로 43,연립다세대,37.24308982,127.074183,3,14,1661,13,2,54,0,,0,,0,,0,,1,189.0,3,65,7,39.0,0,,0.0,,10.0,0.0,서그내로 43,15984.0,서향,11,44,27,85,113,103,13.0,2,2
38.85,10800.0,64.8,2023.0,서그내로53번길 40-1,연립다세대,37.24109643,127.0695717,11,19,2195,20,1,106,0,,0,,0,,0,,0,,1,148,3,70.0,0,,0.0,,12.0,2.0,서그내로53번길 31,11978.181818181818,Unknown,11,23,31,64,111,103,15.0,1,3
23.21,10800.0,27.0,2023.0,서그내로53번길 40-1,연립다세대,37.24109643,127.0695717,11,19,2195,20,1,106,0,,0,,0,,0,,0,,1,148,3,70.0,0,,0.0,,12.0,2.0,서그내로53번길 31,11290.90909090909,Unknown,11,23,31,64,111,103,15.0,1,3
34.36,19980.0,0.0,2023.0,서그내로53번길 3-5,연립다세대,37.24231621,127.073921,3,14,1661,13,2,54,0,,0,,0,,0,,1,189.0,3,65,7,39.0,0,,0.0,,10.0,0.0,서그내로 43,19980.0,서향,11,44,27,85,113,103,13.0,0,3
23.21,5400.0,60.48,2023.0,서그내로53번길 40-1,연립다세대,37.24109643,127.0695717,11,19,2195,20,1,106,0,,0,,0,,0,,0,,1,148,3,70.0,0,,0.0,,12.0,2.0,서그내로53번길 31,6499.636363636364,Unknown,11,23,31,64,111,103,15.0,1,3
15.39,1080.0,45.36,2018.0,서그내로53번길 33,연립다세대,37.24111925,127.070438,11,19,2195,20,1,106,0,,0,,0,,0,,0,,1,148,3,70.0,0,,0.0,,12.0,2.0,서그내로53번길 31,1904.7272727272727,Unknown,11,23,31,64,111,103,15.0,1,4
37.43,8640.0,48.6,2023.0,서그내로53번길 3-5,연립다세대,37.24231621,127.073921,3,14,1661,13,2,54,0,,0,,0,,0,,1,189.0,3,65,7,39.0,0,,0.0,,10.0,0.0,서그내로 43,9523.636363636364,서향,11,44,27,85,113,103,13.0,0,3
37.43,10800.0,43.2,2023.0,서그내로53번길 3-5,연립다세대,37.24231621,127.073921,3,14,1661,13,2,54,0,,0,,0,,0,,1,189.0,3,65,7,39.0,0,,0.0,,10.0,0.0,서그내로 43,11585.454545454546,서향,11,44,27,85,113,103,13.0,0,3
23.21,15660.0,0.0,2023.0,서그내로53번길 40-1,연립다세대,37.24109643,127.0695717,11,19,2195,20,1,106,0,,0,,0,,0,,0,,1,148,3,70.0,0,,0.0,,12.0,2.0,서그내로53번길 31,15660.0,Unknown,11,23,31,64,111,103,15.0,1,3
24.05,18360.0,0.0,2023.0,서그내로53번길 3-5,연립다세대,37.24231621,127.073921,3,14,1661,13,2,54,0,,0,,0,,0,,1,189.0,3,65,7,39.0,0,,0.0,,10.0,0.0,서그내로 43,18360.0,서향,11,44,27,85,113,103,13.0,0,3
20.67,14580.0,0.0,2023.0,서그내로53번길 3-5,연립다세대,37.24231621,127.073921,3,14,1661,13,2,54,0,,0,,0,,0,,1,189.0,3,65,7,39.0,0,,0.0,,10.0,0.0,서그내로 43,14580.0,서향,11,44,27,85,113,103,13.0,0,3
24.05,17820.0,0.0,2023.0,서그내로53번길 3-5,연립다세대,37.24231621,127.073921,3,14,1661,13,2,54,0,,0,,0,,0,,1,189.0,3,65,7,39.0,0,,0.0,,10.0,0.0,서그내로 43,17820.0,서향,11,44,27,85,113,103,13.0,0,3
19.29,17280.0,0.0,2023.0,서그내로53번길 3-5,연립다세대,37.24231621,127.073921,3,14,1661,13,2,54,0,,0,,0,,0,,1,189.0,3,65,7,39.0,0,,0.0,,10.0,0.0,서그내로 43,17280.0,서향,11,44,27,85,113,103,13.0,0,3
19.29,17280.0,0.0,2023.0,서그내로53번길 3-5,연립다세대,37.24231621,127.073921,3,14,1661,13,2,54,0,,0,,0,,0,,1,189.0,3,65,7,39.0,0,,0.0,,10.0,0.0,서그내로 43,17280.0,서향,11,44,27,85,113,103,13.0,0,3
30.3,18360.0,0.0,2020.0,서그내로 59,연립다세대,37.24224665,127.0726211,13,17,1727,18,3,39,0,,0,,0,,0,,1,112.0,7,28,15,107.0,0,,0.0,,11.0,1.0,서그내로 61,18360.0,Unknown,11,44,30,80,112,103,12.0,0,3
30.3,19440.0,0.0,2020.0,서그내로 59,연립다세대,37.24224665,127.0726211,13,17,1727,18,3,39,0,,0,,0,,0,,1,112.0,7,28,15,107.0,0,,0.0,,11.0,1.0,서그내로 61,19440.0,Unknown,11,44,30,80,112,103,12.0,0,3
36.12,2670.84,22.68,2019.0,서그내로62번길 35,연립다세대,37.242482,127.0682545,1,23,2176,21,2,40,0,,0,,0,,0,,0,,3,97,6,23.0,0,,0.0,,13.0,3.0,서그내로62번길 35,3083.2036363636366,동향,11,28,38,44,131,101,15.0,0,2
23.05,2160.0,75.6,2022.0,서그내로 61,연립다세대,37.24216795,127.0724701,13,17,1727,18,3,39,0,,0,,0,,0,,1,112.0,7,28,15,107.0,0,,0.0,,11.0,1.0,서그내로 61,3534.5454545454545,Unknown,11,44,30,80,112,103,12.0,0,1
17.54,2160.0,64.8,2022.0,서그내로62번길 23,연립다세대,37.24221939,127.0699161,11,19,2012,20,1,106,0,,0,,0,,0,,0,,1,148,3,70.0,0,,0.0,,16.0,6.0,서그내로62번길 23,3338.181818181818,Unknown,12,33,33,65,125,101,11.0,0,0
19.08,5400.0,54.0,2022.0,서그내로62번길 23,연립다세대,37.24221939,127.0699161,11,19,2012,20,1,106,0,,0,,0,,0,,0,,1,148,3,70.0,0,,0.0,,16.0,6.0,서그내로62번길 23,6381.818181818182,Unknown,12,33,33,65,125,101,11.0,0,0
27.1,17280.0,0.0,2022.0,서그내로 61,연립다세대,37.24216795,127.0724701,13,17,1727,18,3,39,0,,0,,0,,0,,1,112.0,7,28,15,107.0,0,,0.0,,11.0,1.0,서그내로 61,17280.0,Unknown,11,44,30,80,112,103,12.0,0,1
19.3984,7560.0,32.4,2020.0,서그내로53번길 24,연립다세대,37.241556,127.0715486,13,17,2195,18,3,39,0,,0,,0,,0,,1,112.0,7,28,15,107.0,0,,0.0,,12.0,2.0,서그내로53번길 31,8149.090909090909,Unknown,11,23,31,64,111,103,15.0,0,4
25.97,1080.0,52.92,2015.0,서그내로 43,연립다세대,37.24308982,127.074183,3,14,1661,13,2,54,0,,0,,0,,0,,1,189.0,3,65,7,39.0,0,,0.0,,10.0,0.0,서그내로 43,2042.1818181818185,서향,11,44,27,85,113,103,13.0,2,2
27.68,2160.0,81.0,2022.0,서그내로 61,연립다세대,37.24216795,127.0724701,13,17,1727,18,3,39,0,,0,,0,,0,,1,112.0,7,28,15,107.0,0,,0.0,,11.0,1.0,서그내로 61,3632.727272727273,Unknown,11,44,30,80,112,103,12.0,0,1
23.21,5400.0,54.0,2022.0,서그내로62번길 23,연립다세대,37.24221939,127.0699161,11,19,2012,20,1,106,0,,0,,0,,0,,0,,1,148,3,70.0,0,,0.0,,16.0,6.0,서그내로62번길 23,6381.818181818182,Unknown,12,33,33,65,125,101,11.0,0,0
20.65,1130.0,56.5,2015.0,서그내로62번길 42,연립다세대,37.24291591,127.067901,1,23,2176,21,2,40,0,,0,,0,,0,,0,,3,97,6,23.0,0,,0.0,,13.0,3.0,서그내로62번길 35,2157.272727272727,동향,11,28,38,44,131,101,15.0,1,4
29.52,1130.0,73.45,2015.0,서그내로 43,연립다세대,37.24308982,127.074183,3,14,1661,13,2,54,0,,0,,0,,0,,1,189.0,3,65,7,39.0,0,,0.0,,10.0,0.0,서그내로 43,2465.454545454545,서향,11,44,27,85,113,103,13.0,2,2
17.5,1130.0,58.76,2015.0,서그내로 43,연립다세대,37.24308982,127.074183,3,14,1661,13,2,54,0,,0,,0,,0,,1,189.0,3,65,7,39.0,0,,0.0,,10.0,0.0,서그내로 43,2198.363636363636,서향,11,44,27,85,113,103,13.0,2,2
47.475,18080.0,0.0,2013.0,서그내로16번길 25,연립다세대,37.24508382,127.0706698,13,17,1632,18,3,39,0,,0,,0,,0,,1,112.0,7,28,15,107.0,0,,0.0,,37.0,27.0,서그내로16번길 27,18080.0,Unknown,10,21,39,75,137,101,16.0,0,0
21.36,1130.0,84.75,2024.0,예현로35번길 32,연립다세대,37.24137365,127.0662886,1,23,2168,21,2,40,0,,0,,0,,0,,0,,3,97,6,23.0,0,,0.0,,36.0,26.0,예현로35번길 32,2670.909090909091,Unknown,13,11,31,29,138,90,12.0,2,4
20.65,8475.0,0.0,2015.0,서그내로62번길 42,연립다세대,37.24291591,127.067901,1,23,2176,21,2,40,0,,0,,0,,0,,0,,3,97,6,23.0,0,,0.0,,13.0,3.0,서그내로62번길 35,8475.0,동향,11,28,38,44,131,101,15.0,1,4
20.64,9040.0,33.9,2023.0,서그내로53번길 40-1,연립다세대,37.24109643,127.0695717,11,19,2195,20,1,106,0,,0,,0,,0,,0,,1,148,3,70.0,0,,0.0,,12.0,2.0,서그내로53번길 31,9656.363636363636,Unknown,11,23,31,64,111,103,15.0,1,3
22.06,1130.0,67.8,2014.0,서그내로 30,연립다세대,37.24457167,127.0738645,3,14,1704,13,2,54,0,,0,,0,,0,,1,189.0,3,65,7,39.0,0,,0.0,,14.0,4.0,서그내로 30,2362.727272727273,동향,14,45,37,82,133,102,12.0,1,4
19.3984,5650.0,50.85,2020.0,서그내로53번길 24,연립다세대,37.241556,127.0715486,13,17,2195,18,3,39,0,,0,,0,,0,,1,112.0,7,28,15,107.0,0,,0.0,,12.0,2.0,서그내로53번길 31,6574.545454545455,Unknown,11,23,31,64,111,103,15.0,0,4
19.3984,5650.0,45.2,2020.0,서그내로53번길 24,연립다세대,37.241556,127.0715486,13,17,2195,18,3,39,0,,0,,0,,0,,1,112.0,7,28,15,107.0,0,,0.0,,12.0,2.0,서그내로53번길 31,6471.818181818182,Unknown,11,23,31,64,111,103,15.0,0,4
23.21,12430.0,0.0,2023.0,서그내로53번길 40-1,연립다세대,37.24109643,127.0695717,11,19,2195,20,1,106,0,,0,,0,,0,,0,,1,148,3,70.0,0,,0.0,,12.0,2.0,서그내로53번길 31,12430.0,Unknown,11,23,31,64,111,103,15.0,1,3
23.28,565.0,53.11,2015.0,서그내로62번길 33,연립다세대,37.24243355,127.0687739,1,23,2176,21,2,40,0,,0,,0,,0,,0,,3,97,6,23.0,0,,0.0,,13.0,3.0,서그내로62번길 35,1530.6363636363635,Unknown,11,28,38,44,131,101,15.0,0,2
23.68,9040.0,33.9,2023.0,서그내로53번길 40-1,연립다세대,37.24109643,127.0695717,11,19,2195,20,1,106,0,,0,,0,,0,,0,,1,148,3,70.0,0,,0.0,,12.0,2.0,서그내로53번길 31,9656.363636363636,Unknown,11,23,31,64,111,103,15.0,1,3
23.21,5650.0,56.5,2022.0,서그내로62번길 23,연립다세대,37.24221939,127.0699161,11,19,2012,20,1,106,0,,0,,0,,0,,0,,1,148,3,70.0,0,,0.0,,16.0,6.0,서그내로62번길 23,6677.272727272727,Unknown,12,33,33,65,125,101,11.0,0,0
15.6,1130.0,55.37,2018.0,서그내로53번길 33,연립다세대,37.24111925,127.070438,11,19,2195,20,1,106,0,,0,,0,,0,,0,,1,148,3,70.0,0,,0.0,,12.0,2.0,서그내로53번길 31,2136.7272727272725,Unknown,11,23,31,64,111,103,15.0,1,4
13.6,3390.0,39.55,2013.0,서그내로 46-2,연립다세대,37.24336243,127.0737232,3,14,1661,13,2,54,0,,0,,0,,0,,1,189.0,3,65,7,39.0,0,,0.0,,10.0,0.0,서그내로 43,4109.090909090909,서향,11,44,27,85,113,103,13.0,2,2
25.97,6780.0,42.94,2015.0,서그내로 43,연립다세대,37.24308982,127.074183,3,14,1661,13,2,54,0,,0,,0,,0,,1,189.0,3,65,7,39.0,0,,0.0,,10.0,0.0,서그내로 43,7560.727272727273,서향,11,44,27,85,113,103,13.0,2,2
50.89,19888.0,0.0,2015.0,서그내로 43,연립다세대,37.24308982,127.074183,3,14,1661,13,2,54,0,,0,,0,,0,,1,189.0,3,65,7,39.0,0,,0.0,,10.0,0.0,서그내로 43,19888.0,서향,11,44,27,85,113,103,13.0,2,2
50.89,19888.0,0.0,2015.0,서그내로 43,연립다세대,37.24308982,127.074183,3,14,1661,13,2,54,0,,0,,0,,0,,1,189.0,3,65,7,39.0,0,,0.0,,10.0,0.0,서그내로 43,19888.0,서향,11,44,27,85,113,103,13.0,2,2
16.03,3390.0,45.2,2013.0,서그내로 46-2,연립다세대,37.24336243,127.0737232,3,14,1661,13,2,54,0,,0,,0,,0,,1,189.0,3,65,7,39.0,0,,0.0,,10.0,0.0,서그내로 43,4211.818181818182,서향,11,44,27,85,113,103,13.0,2,2
16.03,2147.0,27.12,2013.0,서그내로 46-2,연립다세대,37.24336243,127.0737232,3,14,1661,13,2,54,0,,0,,0,,0,,1,189.0,3,65,7,39.0,0,,0.0,,10.0,0.0,서그내로 43,2640.090909090909,서향,11,44,27,85,113,103,13.0,2,2
14.73,339.0,45.2,2012.0,서그내로 23-5,연립다세대,37.24559678,127.0744081,3,14,1485,13,2,54,0,,0,,0,,0,,1,189.0,3,65,7,39.0,0,,0.0,,15.0,5.0,서그내로 23-5,1160.818181818182,서향,18,41,39,71,129,102,15.0,2,3
47.7,19888.0,0.0,2015.0,서그내로 43,연립다세대,37.24308982,127.074183,3,14,1661,13,2,54,0,,0,,0,,0,,1,189.0,3,65,7,39.0,0,,0.0,,10.0,0.0,서그내로 43,19888.0,서향,11,44,27,85,113,103,13.0,2,2
15.6,1130.0,51.98,2018.0,서그내로53번길 33,연립다세대,37.24111925,127.070438,11,19,2195,20,1,106,0,,0,,0,,0,,0,,1,148,3,70.0,0,,0.0,,12.0,2.0,서그내로53번길 31,2075.090909090909,Unknown,11,23,31,64,111,103,15.0,1,4
16.03,7910.0,0.0,2013.0,서그내로 46-2,연립다세대,37.24336243,127.0737232,3,14,1661,13,2,54,0,,0,,0,,0,,1,189.0,3,65,7,39.0,0,,0.0,,10.0,0.0,서그내로 43,7910.0,서향,11,44,27,85,113,103,13.0,2,2
13.6,2147.0,50.85,2013.0,서그내로 46-2,연립다세대,37.24336243,127.0737232,3,14,1661,13,2,54,0,,0,,0,,0,,1,189.0,3,65,7,39.0,0,,0.0,,10.0,0.0,서그내로 43,3071.5454545454545,서향,11,44,27,85,113,103,13.0,2,2
47.7,18645.0,0.0,2015.0,서그내로 43,연립다세대,37.24308982,127.074183,3,14,1661,13,2,54,0,,0,,0,,0,,1,189.0,3,65,7,39.0,0,,0.0,,10.0,0.0,서그내로 43,18645.0,서향,11,44,27,85,113,103,13.0,2,2
15.6,1130.0,53.11,2018.0,서그내로53번길 33,연립다세대,37.24111925,127.070438,11,19,2195,20,1,106,0,,0,,0,,0,,0,,1,148,3,70.0,0,,0.0,,12.0,2.0,서그내로53번길 31,2095.6363636363635,Unknown,11,23,31,64,111,103,15.0,1,4
23.28,565.0,53.11,2015.0,서그내로62번길 33,연립다세대,37.24243355,127.0687739,1,23,2176,21,2,40,0,,0,,0,,0,,0,,3,97,6,23.0,0,,0.0,,13.0,3.0,서그내로62번길 35,1530.6363636363635,Unknown,11,28,38,44,131,101,15.0,0,2
20.65,565.0,50.85,2015.0,서그내로62번길 42,연립다세대,37.24291591,127.067901,1,23,2176,21,2,40,0,,0,,0,,0,,0,,3,97,6,23.0,0,,0.0,,13.0,3.0,서그내로62번길 35,1489.5454545454545,동향,11,28,38,44,131,101,15.0,1,4
15.39,1130.0,42.94,2018.0,서그내로53번길 33,연립다세대,37.24111925,127.070438,11,19,2195,20,1,106,0,,0,,0,,0,,0,,1,148,3,70.0,0,,0.0,,12.0,2.0,서그내로53번길 31,1910.7272727272723,Unknown,11,23,31,64,111,103,15.0,1,4
23.52,1130.0,62.15,2015.0,서그내로62번길 42,연립다세대,37.24291591,127.067901,1,23,2176,21,2,40,0,,0,,0,,0,,0,,3,97,6,23.0,0,,0.0,,13.0,3.0,서그내로62번길 35,2260.0,동향,11,28,38,44,131,101,15.0,1,4
13.6,2147.0,50.85,2013.0,서그내로 46-2,연립다세대,37.24336243,127.0737232,3,14,1661,13,2,54,0,,0,,0,,0,,1,189.0,3,65,7,39.0,0,,0.0,,10.0,0.0,서그내로 43,3071.5454545454545,서향,11,44,27,85,113,103,13.0,2,2
47.08,6602.59,18.08,2020.0,서그내로53번길 41,연립다세대,37.24069422,127.0700268,11,19,2195,20,1,106,0,,0,,0,,0,,0,,1,148,3,70.0,0,,0.0,,12.0,2.0,서그내로53번길 31,6931.317272727273,Unknown,11,23,31,64,111,103,15.0,2,4
18.9459,11300.0,0.0,2020.0,서그내로53번길 24,연립다세대,37.241556,127.0715486,13,17,2195,18,3,39,0,,0,,0,,0,,1,112.0,7,28,15,107.0,0,,0.0,,12.0,2.0,서그내로53번길 31,11300.0,Unknown,11,23,31,64,111,103,15.0,0,4
20.705,1080.0,60.48,2014.0,서그내로 30,연립다세대,37.24457167,127.0738645,3,14,1704,13,2,54,0,,0,,0,,0,,1,189.0,3,65,7,39.0,0,,0.0,,14.0,4.0,서그내로 30,2179.6363636363635,동향,14,45,37,82,133,102,12.0,1,4
20.705,1080.0,60.48,2014.0,서그내로 30,연립다세대,37.24457167,127.0738645,3,14,1704,13,2,54,0,,0,,0,,0,,1,189.0,3,65,7,39.0,0,,0.0,,14.0,4.0,서그내로 30,2179.6363636363635,동향,14,45,37,82,133,102,12.0,1,4
13.2,324.0,34.56,2012.0,서그내로16번길 27,연립다세대,37.245079,127.0705474,13,17,1632,18,3,39,0,,0,,0,,0,,1,112.0,7,28,15,107.0,0,,0.0,,37.0,27.0,서그내로16번길 27,952.3636363636364,동향,10,21,39,75,137,101,16.0,0,0
22.06,1080.0,64.8,2014.0,서그내로 30,연립다세대,37.24457167,127.0738645,3,14,1704,13,2,54,0,,0,,0,,0,,1,189.0,3,65,7,39.0,0,,0.0,,14.0,4.0,서그내로 30,2258.181818181818,동향,14,45,37,82,133,102,12.0,1,4
22.86,5400.0,48.6,2022.0,서그내로 63,연립다세대,37.2420843,127.0722695,13,17,1727,18,3,39,0,,0,,0,,0,,1,112.0,7,28,15,107.0,0,,0.0,,11.0,1.0,서그내로 61,6283.636363636364,Unknown,11,44,30,80,112,103,12.0,0,1
22.86,5400.0,48.6,2022.0,서그내로 63,연립다세대,37.2420843,127.0722695,13,17,1727,18,3,39,0,,0,,0,,0,,1,112.0,7,28,15,107.0,0,,0.0,,11.0,1.0,서그내로 61,6283.636363636364,Unknown,11,44,30,80,112,103,12.0,0,1
12.96,540.0,33.48,2014.0,서그내로53번길 3-9,연립다세대,37.24240803,127.0742087,3,14,1661,13,2,54,0,,0,,0,,0,,1,189.0,3,65,7,39.0,0,,0.0,,10.0,0.0,서그내로 43,1148.7272727272723,동향,11,44,27,85,113,103,13.0,1,4
21.715,540.0,63.72,2014.0,서그내로 30,연립다세대,37.24457167,127.0738645,3,14,1704,13,2,54,0,,0,,0,,0,,1,189.0,3,65,7,39.0,0,,0.0,,14.0,4.0,서그내로 30,1698.5454545454545,동향,14,45,37,82,133,102,12.0,1,4
21.715,1080.0,60.48,2014.0,서그내로 30,연립다세대,37.24457167,127.0738645,3,14,1704,13,2,54,0,,0,,0,,0,,1,189.0,3,65,7,39.0,0,,0.0,,14.0,4.0,서그내로 30,2179.6363636363635,동향,14,45,37,82,133,102,12.0,1,4
21.21,1080.0,60.48,2014.0,서그내로 30,연립다세대,37.24457167,127.0738645,3,14,1704,13,2,54,0,,0,,0,,0,,1,189.0,3,65,7,39.0,0,,0.0,,14.0,4.0,서그내로 30,2179.6363636363635,동향,14,45,37,82,133,102,12.0,1,4
17.54,4320.0,59.4,2022.0,서그내로62번길 23,연립다세대,37.24221939,127.0699161,11,19,2012,20,1,106,0,,0,,0,,0,,0,,1,148,3,70.0,0,,0.0,,16.0,6.0,서그내로62번길 23,5400.0,Unknown,12,33,33,65,125,101,11.0,0,0
14.61,2052.0,48.6,2013.0,서그내로 46-2,연립다세대,37.24336243,127.0737232,3,14,1661,13,2,54,0,,0,,0,,0,,1,189.0,3,65,7,39.0,0,,0.0,,10.0,0.0,서그내로 43,2935.6363636363635,서향,11,44,27,85,113,103,13.0,2,2
19.08,2160.0,70.2,2022.0,서그내로62번길 23,연립다세대,37.24221939,127.0699161,11,19,2012,20,1,106,0,,0,,0,,0,,0,,1,148,3,70.0,0,,0.0,,16.0,6.0,서그내로62번길 23,3436.3636363636365,Unknown,12,33,33,65,125,101,11.0,0,0
21.21,1080.0,60.48,2014.0,서그내로 30,연립다세대,37.24457167,127.0738645,3,14,1704,13,2,54,0,,0,,0,,0,,1,189.0,3,65,7,39.0,0,,0.0,,14.0,4.0,서그내로 30,2179.6363636363635,동향,14,45,37,82,133,102,12.0,1,4
21.21,1080.0,60.48,2014.0,서그내로 30,연립다세대,37.24457167,127.0738645,3,14,1704,13,2,54,0,,0,,0,,0,,1,189.0,3,65,7,39.0,0,,0.0,,14.0,4.0,서그내로 30,2179.6363636363635,동향,14,45,37,82,133,102,12.0,1,4
21.715,1080.0,60.48,2014.0,서그내로 30,연립다세대,37.24457167,127.0738645,3,14,1704,13,2,54,0,,0,,0,,0,,1,189.0,3,65,7,39.0,0,,0.0,,14.0,4.0,서그내로 30,2179.6363636363635,동향,14,45,37,82,133,102,12.0,1,4
12.96,540.0,33.48,2014.0,서그내로53번길 3-9,연립다세대,37.24240803,127.0742087,3,14,1661,13,2,54,0,,0,,0,,0,,1,189.0,3,65,7,39.0,0,,0.0,,10.0,0.0,서그내로 43,1148.7272727272723,동향,11,44,27,85,113,103,13.0,1,4
20.705,1080.0,60.48,2014.0,서그내로 30,연립다세대,37.24457167,127.0738645,3,14,1704,13,2,54,0,,0,,0,,0,,1,189.0,3,65,7,39.0,0,,0.0,,14.0,4.0,서그내로 30,2179.6363636363635,동향,14,45,37,82,133,102,12.0,1,4
15.6,1080.0,47.52,2018.0,서그내로53번길 33,연립다세대,37.24111925,127.070438,11,19,2195,20,1,106,0,,0,,0,,0,,0,,1,148,3,70.0,0,,0.0,,12.0,2.0,서그내로53번길 31,1944.0,Unknown,11,23,31,64,111,103,15.0,1,4
21.715,1080.0,60.48,2014.0,서그내로 30,연립다세대,37.24457167,127.0738645,3,14,1704,13,2,54,0,,0,,0,,0,,1,189.0,3,65,7,39.0,0,,0.0,,14.0,4.0,서그내로 30,2179.6363636363635,동향,14,45,37,82,133,102,12.0,1,4
17.5,1080.0,56.16,2015.0,서그내로 43,연립다세대,37.24308982,127.074183,3,14,1661,13,2,54,0,,0,,0,,0,,1,189.0,3,65,7,39.0,0,,0.0,,10.0,0.0,서그내로 43,2101.090909090909,서향,11,44,27,85,113,103,13.0,2,2
11.46,540.0,37.8,2014.0,서그내로53번길 3-9,연립다세대,37.24240803,127.0742087,3,14,1661,13,2,54,0,,0,,0,,0,,1,189.0,3,65,7,39.0,0,,0.0,,10.0,0.0,서그내로 43,1227.2727272727273,동향,11,44,27,85,113,103,13.0,1,4
17.54,2160.0,64.8,2022.0,서그내로62번길 23,연립다세대,37.24221939,127.0699161,11,19,2012,20,1,106,0,,0,,0,,0,,0,,1,148,3,70.0,0,,0.0,,16.0,6.0,서그내로62번길 23,3338.181818181818,Unknown,12,33,33,65,125,101,11.0,0,0
21.21,1080.0,60.48,2014.0,서그내로 30,연립다세대,37.24457167,127.0738645,3,14,1704,13,2,54,0,,0,,0,,0,,1,189.0,3,65,7,39.0,0,,0.0,,14.0,4.0,서그내로 30,2179.6363636363635,동향,14,45,37,82,133,102,12.0,1,4
21.43,540.0,38.88,2015.0,서그내로 46,연립다세대,37.2431637,127.0736001,3,14,1661,13,2,54,0,,0,,0,,0,,1,189.0,3,65,7,39.0,0,,0.0,,10.0,0.0,서그내로 43,1246.909090909091,서향,11,44,27,85,113,103,13.0,2,2
17.5,1080.0,56.16,2015.0,서그내로 43,연립다세대,37.24308982,127.074183,3,14,1661,13,2,54,0,,0,,0,,0,,1,189.0,3,65,7,39.0,0,,0.0,,10.0,0.0,서그내로 43,2101.090909090909,서향,11,44,27,85,113,103,13.0,2,2
21.715,1080.0,60.48,2014.0,서그내로 30,연립다세대,37.24457167,127.0738645,3,14,1704,13,2,54,0,,0,,0,,0,,1,189.0,3,65,7,39.0,0,,0.0,,14.0,4.0,서그내로 30,2179.6363636363635,동향,14,45,37,82,133,102,12.0,1,4
42.25,12960.0,0.0,2014.0,서그내로53번길 11-1,연립다세대,37.24174866,127.0727274,13,17,1727,18,3,39,0,,0,,0,,0,,1,112.0,7,28,15,107.0,0,,0.0,,11.0,1.0,서그내로 61,12960.0,Unknown,11,44,30,80,112,103,12.0,0,2
18.8,5400.0,37.8,2020.0,서그내로 59,연립다세대,37.24224665,127.0726211,13,17,1727,18,3,39,0,,0,,0,,0,,1,112.0,7,28,15,107.0,0,,0.0,,11.0,1.0,서그내로 61,6087.272727272727,Unknown,11,44,30,80,112,103,12.0,0,3
36.56,4654.8,14.04,2019.0,서그내로62번길 35,연립다세대,37.242482,127.0682545,1,23,2176,21,2,40,0,,0,,0,,0,,0,,3,97,6,23.0,0,,0.0,,13.0,3.0,서그내로62번길 35,4910.072727272727,동향,11,28,38,44,131,101,15.0,0,2
17.0,540.0,46.44,2015.0,서그내로62번길 42,연립다세대,37.24291591,127.067901,1,23,2176,21,2,40,0,,0,,0,,0,,0,,3,97,6,23.0,0,,0.0,,13.0,3.0,서그내로62번길 35,1384.3636363636365,동향,11,28,38,44,131,101,15.0,1,4
20.65,9072.0,0.0,2015.0,서그내로 46,연립다세대,37.2431637,127.0736001,3,14,1661,13,2,54,0,,0,,0,,0,,1,189.0,3,65,7,39.0,0,,0.0,,10.0,0.0,서그내로 43,9072.0,서향,11,44,27,85,113,103,13.0,2,2
20.67,5400.0,48.6,2023.0,서그내로53번길 3-5,연립다세대,37.24231621,127.073921,3,14,1661,13,2,54,0,,0,,0,,0,,1,189.0,3,65,7,39.0,0,,0.0,,10.0,0.0,서그내로 43,6283.636363636364,서향,11,44,27,85,113,103,13.0,0,3
23.19,540.0,43.2,2015.0,서그내로62번길 33,연립다세대,37.24243355,127.0687739,1,23,2176,21,2,40,0,,0,,0,,0,,0,,3,97,6,23.0,0,,0.0,,13.0,3.0,서그내로62번길 35,1325.4545454545455,Unknown,11,28,38,44,131,101,15.0,0,2
88.95,10800.0,129.6,2022.0,서그내로 61,연립다세대,37.24216795,127.0724701,13,17,1727,18,3,39,0,,0,,0,,0,,1,112.0,7,28,15,107.0,0,,0.0,,11.0,1.0,서그내로 61,13156.363636363636,Unknown,11,44,30,80,112,103,12.0,0,1
88.95,10800.0,129.6,2022.0,서그내로 61,연립다세대,37.24216795,127.0724701,13,17,1727,18,3,39,0,,0,,0,,0,,1,112.0,7,28,15,107.0,0,,0.0,,11.0,1.0,서그내로 61,13156.363636363636,Unknown,11,44,30,80,112,103,12.0,0,1
21.21,1150.0,64.4,2014.0,서그내로 30,연립다세대,37.24457167,127.0738645,3,14,1704,13,2,54,0,,0,,0,,0,,1,189.0,3,65,7,39.0,0,,0.0,,14.0,4.0,서그내로 30,2320.909090909091,동향,14,45,37,82,133,102,12.0,1,4
27.1,13800.0,0.0,2022.0,서그내로 61,연립다세대,37.24216795,127.0724701,13,17,1727,18,3,39,0,,0,,0,,0,,1,112.0,7,28,15,107.0,0,,0.0,,11.0,1.0,서그내로 61,13800.0,Unknown,11,44,30,80,112,103,12.0,0,1
27.1,9200.0,23.0,2022.0,서그내로 61,연립다세대,37.24216795,127.0724701,13,17,1727,18,3,39,0,,0,,0,,0,,1,112.0,7,28,15,107.0,0,,0.0,,11.0,1.0,서그내로 61,9618.181818181818,Unknown,11,44,30,80,112,103,12.0,0,1
47.475,18400.0,0.0,2013.0,서그내로16번길 25,연립다세대,37.24508382,127.0706698,13,17,1632,18,3,39,0,,0,,0,,0,,1,112.0,7,28,15,107.0,0,,0.0,,37.0,27.0,서그내로16번길 27,18400.0,Unknown,10,21,39,75,137,101,16.0,0,0
24.05,19550.0,0.0,2023.0,서그내로53번길 3-5,연립다세대,37.24231621,127.073921,3,14,1661,13,2,54,0,,0,,0,,0,,1,189.0,3,65,7,39.0,0,,0.0,,10.0,0.0,서그내로 43,19550.0,서향,11,44,27,85,113,103,13.0,0,3
29.52,1150.0,78.2,2015.0,서그내로 43,연립다세대,37.24308982,127.074183,3,14,1661,13,2,54,0,,0,,0,,0,,1,189.0,3,65,7,39.0,0,,0.0,,10.0,0.0,서그내로 43,2571.818181818182,서향,11,44,27,85,113,103,13.0,2,2
15.6,1150.0,57.5,2018.0,서그내로53번길 33,연립다세대,37.24111925,127.070438,11,19,2195,20,1,106,0,,0,,0,,0,,0,,1,148,3,70.0,0,,0.0,,12.0,2.0,서그내로53번길 31,2195.454545454545,Unknown,11,23,31,64,111,103,15.0,1,4
15.6,1150.0,55.2,2018.0,서그내로53번길 33,연립다세대,37.24111925,127.070438,11,19,2195,20,1,106,0,,0,,0,,0,,0,,1,148,3,70.0,0,,0.0,,12.0,2.0,서그내로53번길 31,2153.636363636364,Unknown,11,23,31,64,111,103,15.0,1,4
21.715,1150.0,64.4,2014.0,서그내로 30,연립다세대,37.24457167,127.0738645,3,14,1704,13,2,54,0,,0,,0,,0,,1,189.0,3,65,7,39.0,0,,0.0,,14.0,4.0,서그내로 30,2320.909090909091,동향,14,45,37,82,133,102,12.0,1,4
14.09,2185.0,51.75,2013.0,서그내로 46-2,연립다세대,37.24336243,127.0737232,3,14,1661,13,2,54,0,,0,,0,,0,,1,189.0,3,65,7,39.0,0,,0.0,,10.0,0.0,서그내로 43,3125.909090909091,서향,11,44,27,85,113,103,13.0,2,2
13.63,575.0,36.8,2012.0,서그내로16번길 27,연립다세대,37.245079,127.0705474,13,17,1632,18,3,39,0,,0,,0,,0,,1,112.0,7,28,15,107.0,0,,0.0,,37.0,27.0,서그내로16번길 27,1244.090909090909,동향,10,21,39,75,137,101,16.0,0,0
25.97,1150.0,74.75,2015.0,서그내로 43,연립다세대,37.24308982,127.074183,3,14,1661,13,2,54,0,,0,,0,,0,,1,189.0,3,65,7,39.0,0,,0.0,,10.0,0.0,서그내로 43,2509.090909090909,서향,11,44,27,85,113,103,13.0,2,2
15.6,1150.0,58.65,2018.0,서그내로53번길 33,연립다세대,37.24111925,127.070438,11,19,2195,20,1,106,0,,0,,0,,0,,0,,1,148,3,70.0,0,,0.0,,12.0,2.0,서그내로53번길 31,2216.363636363636,Unknown,11,23,31,64,111,103,15.0,1,4
25.97,6900.0,46.0,2015.0,서그내로 43,연립다세대,37.24308982,127.074183,3,14,1661,13,2,54,0,,0,,0,,0,,1,189.0,3,65,7,39.0,0,,0.0,,10.0,0.0,서그내로 43,7736.363636363636,서향,11,44,27,85,113,103,13.0,2,2
29.52,1150.0,74.75,2015.0,서그내로 43,연립다세대,37.24308982,127.074183,3,14,1661,13,2,54,0,,0,,0,,0,,1,189.0,3,65,7,39.0,0,,0.0,,10.0,0.0,서그내로 43,2509.090909090909,서향,11,44,27,85,113,103,13.0,2,2
23.52,1150.0,57.5,2015.0,서그내로62번길 42,연립다세대,37.24291591,127.067901,1,23,2176,21,2,40,0,,0,,0,,0,,0,,3,97,6,23.0,0,,0.0,,13.0,3.0,서그내로62번길 35,2195.454545454545,동향,11,28,38,44,131,101,15.0,1,4
12.96,575.0,36.8,2014.0,서그내로53번길 3-9,연립다세대,37.24240803,127.0742087,3,14,1661,13,2,54,0,,0,,0,,0,,1,189.0,3,65,7,39.0,0,,0.0,,10.0,0.0,서그내로 43,1244.090909090909,동향,11,44,27,85,113,103,13.0,1,4
17.5,1150.0,62.1,2015.0,서그내로 43,연립다세대,37.24308982,127.074183,3,14,1661,13,2,54,0,,0,,0,,0,,1,189.0,3,65,7,39.0,0,,0.0,,10.0,0.0,서그내로 43,2279.090909090909,서향,11,44,27,85,113,103,13.0,2,2
24.42,1150.0,57.5,2015.0,서그내로62번길 42,연립다세대,37.24291591,127.067901,1,23,2176,21,2,40,0,,0,,0,,0,,0,,3,97,6,23.0,0,,0.0,,13.0,3.0,서그내로62번길 35,2195.454545454545,동향,11,28,38,44,131,101,15.0,1,4
12.4,575.0,42.55,2014.0,서그내로53번길 3-9,연립다세대,37.24240803,127.0742087,3,14,1661,13,2,54,0,,0,,0,,0,,1,189.0,3,65,7,39.0,0,,0.0,,10.0,0.0,서그내로 43,1348.6363636363635,동향,11,44,27,85,113,103,13.0,1,4
25.19,6900.0,11.5,2015.0,서그내로 46,연립다세대,37.2431637,127.0736001,3,14,1661,13,2,54,0,,0,,0,,0,,1,189.0,3,65,7,39.0,0,,0.0,,10.0,0.0,서그내로 43,7109.090909090909,서향,11,44,27,85,113,103,13.0,2,2
22.86,4945.0,57.5,2022.0,서그내로 63,연립다세대,37.2420843,127.0722695,13,17,1727,18,3,39,0,,0,,0,,0,,1,112.0,7,28,15,107.0,0,,0.0,,11.0,1.0,서그내로 61,5990.454545454546,Unknown,11,44,30,80,112,103,12.0,0,1
14.09,2185.0,51.75,2013.0,서그내로 46-2,연립다세대,37.24336243,127.0737232,3,14,1661,13,2,54,0,,0,,0,,0,,1,189.0,3,65,7,39.0,0,,0.0,,10.0,0.0,서그내로 43,3125.909090909091,서향,11,44,27,85,113,103,13.0,2,2
21.18,0.0,55.2,2015.0,서그내로62번길 42,연립다세대,37.24291591,127.067901,1,23,2176,21,2,40,0,,0,,0,,0,,0,,3,97,6,23.0,0,,0.0,,13.0,3.0,서그내로62번길 35,1003.6363636363636,동향,11,28,38,44,131,101,15.0,1,4
38.85,15697.5,0.0,2015.0,서그내로62번길 33,연립다세대,37.24243355,127.0687739,1,23,2176,21,2,40,0,,0,,0,,0,,0,,3,97,6,23.0,0,,0.0,,13.0,3.0,서그내로62번길 35,15697.5,Unknown,11,28,38,44,131,101,15.0,0,2
14.61,3450.0,40.25,2013.0,서그내로 46-2,연립다세대,37.24336243,127.0737232,3,14,1661,13,2,54,0,,0,,0,,0,,1,189.0,3,65,7,39.0,0,,0.0,,10.0,0.0,서그내로 43,4181.818181818182,서향,11,44,27,85,113,103,13.0,2,2
15.6,1150.0,57.5,2018.0,서그내로53번길 33,연립다세대,37.24111925,127.070438,11,19,2195,20,1,106,0,,0,,0,,0,,0,,1,148,3,70.0,0,,0.0,,12.0,2.0,서그내로53번길 31,2195.454545454545,Unknown,11,23,31,64,111,103,15.0,1,4
38.85,15697.5,0.0,2015.0,서그내로62번길 33,연립다세대,37.24243355,127.0687739,1,23,2176,21,2,40,0,,0,,0,,0,,0,,3,97,6,23.0,0,,0.0,,13.0,3.0,서그내로62번길 35,15697.5,Unknown,11,28,38,44,131,101,15.0,0,2
27.1,2300.0,80.5,2022.0,서그내로 61,연립다세대,37.24216795,127.0724701,13,17,1727,18,3,39,0,,0,,0,,0,,1,112.0,7,28,15,107.0,0,,0.0,,11.0,1.0,서그내로 61,3763.636363636364,Unknown,11,44,30,80,112,103,12.0,0,1
13.6,2185.0,51.75,2013.0,서그내로 46-2,연립다세대,37.24336243,127.0737232,3,14,1661,13,2,54,0,,0,,0,,0,,1,189.0,3,65,7,39.0,0,,0.0,,10.0,0.0,서그내로 43,3125.909090909091,서향,11,44,27,85,113,103,13.0,2,2
16.03,4600.0,34.5,2013.0,서그내로 46-2,연립다세대,37.24336243,127.0737232,3,14,1661,13,2,54,0,,0,,0,,0,,1,189.0,3,65,7,39.0,0,,0.0,,10.0,0.0,서그내로 43,5227.272727272727,서향,11,44,27,85,113,103,13.0,2,2
17.5,1150.0,62.1,2015.0,서그내로 43,연립다세대,37.24308982,127.074183,3,14,1661,13,2,54,0,,0,,0,,0,,1,189.0,3,65,7,39.0,0,,0.0,,10.0,0.0,서그내로 43,2279.090909090909,서향,11,44,27,85,113,103,13.0,2,2
23.21,16675.0,0.0,2023.0,서그내로53번길 40-1,연립다세대,37.24109643,127.0695717,11,19,2195,20,1,106,0,,0,,0,,0,,0,,1,148,3,70.0,0,,0.0,,12.0,2.0,서그내로53번길 31,16675.0,Unknown,11,23,31,64,111,103,15.0,1,3
16.48,4520.0,64.41,2022.0,덕영대로 1698,연립다세대,37.24679011,127.0765128,14,14,833,11,3,27,0,,0,,0,,1,77.0,2,146.0,15,36,15,11.0,1,158.0,1.0,84.0,17.0,7.0,덕영대로 1698,5691.090909090909,Unknown,21,29,44,48,119,99,17.0,0,3
46.14,19775.0,0.0,2015.0,서그내로 43,연립다세대,37.24308982,127.074183,3,14,1661,13,2,54,0,,0,,0,,0,,1,189.0,3,65,7,39.0,0,,0.0,,10.0,0.0,서그내로 43,19775.0,서향,11,44,27,85,113,103,13.0,2,2
17.5,2260.0,56.5,2015.0,서그내로 43,연립다세대,37.24308982,127.074183,3,14,1661,13,2,54,0,,0,,0,,0,,1,189.0,3,65,7,39.0,0,,0.0,,10.0,0.0,서그내로 43,3287.272727272727,서향,11,44,27,85,113,103,13.0,2,2
17.5,2260.0,56.5,2015.0,서그내로 43,연립다세대,37.24308982,127.074183,3,14,1661,13,2,54,0,,0,,0,,0,,1,189.0,3,65,7,39.0,0,,0.0,,10.0,0.0,서그내로 43,3287.272727272727,서향,11,44,27,85,113,103,13.0,2,2
19.3984,5650.0,45.2,2020.0,서그내로53번길 24,연립다세대,37.241556,127.0715486,13,17,2195,18,3,39,0,,0,,0,,0,,1,112.0,7,28,15,107.0,0,,0.0,,12.0,2.0,서그내로53번길 31,6471.818181818182,Unknown,11,23,31,64,111,103,15.0,0,4
20.705,1130.0,63.28,2014.0,서그내로 30,연립다세대,37.24457167,127.0738645,3,14,1704,13,2,54,0,,0,,0,,0,,1,189.0,3,65,7,39.0,0,,0.0,,14.0,4.0,서그내로 30,2280.5454545454545,동향,14,45,37,82,133,102,12.0,1,4
20.705,1130.0,63.28,2014.0,서그내로 30,연립다세대,37.24457167,127.0738645,3,14,1704,13,2,54,0,,0,,0,,0,,1,189.0,3,65,7,39.0,0,,0.0,,14.0,4.0,서그내로 30,2280.5454545454545,동향,14,45,37,82,133,102,12.0,1,4
20.705,1130.0,63.28,2014.0,서그내로 30,연립다세대,37.24457167,127.0738645,3,14,1704,13,2,54,0,,0,,0,,0,,1,189.0,3,65,7,39.0,0,,0.0,,14.0,4.0,서그내로 30,2280.5454545454545,동향,14,45,37,82,133,102,12.0,1,4
22.86,5650.0,56.5,2022.0,서그내로 63,연립다세대,37.2420843,127.0722695,13,17,1727,18,3,39,0,,0,,0,,0,,1,112.0,7,28,15,107.0,0,,0.0,,11.0,1.0,서그내로 61,6677.272727272727,Unknown,11,44,30,80,112,103,12.0,0,1
22.86,5650.0,54.24,2022.0,서그내로 63,연립다세대,37.2420843,127.0722695,13,17,1727,18,3,39,0,,0,,0,,0,,1,112.0,7,28,15,107.0,0,,0.0,,11.0,1.0,서그내로 61,6636.181818181818,Unknown,11,44,30,80,112,103,12.0,0,1
16.45,4520.0,65.54,2022.0,덕영대로 1698,연립다세대,37.24679011,127.0765128,14,14,833,11,3,27,0,,0,,0,,1,77.0,2,146.0,15,36,15,11.0,1,158.0,1.0,84.0,17.0,7.0,덕영대로 1698,5711.636363636364,Unknown,21,29,44,48,119,99,17.0,0,3
46.59,1421.54,44.07,2020.0,서그내로53번길 41,연립다세대,37.24069422,127.0700268,11,19,2195,20,1,106,0,,0,,0,,0,,0,,1,148,3,70.0,0,,0.0,,12.0,2.0,서그내로53번길 31,2222.812727272727,Unknown,11,23,31,64,111,103,15.0,2,4
18.01,11300.0,0.0,2020.0,서그내로 59,연립다세대,37.24224665,127.0726211,13,17,1727,18,3,39,0,,0,,0,,0,,1,112.0,7,28,15,107.0,0,,0.0,,11.0,1.0,서그내로 61,11300.0,Unknown,11,44,30,80,112,103,12.0,0,3
15.09,339.0,45.2,2012.0,서그내로 23-5,연립다세대,37.24559678,127.0744081,3,14,1485,13,2,54,0,,0,,0,,0,,1,189.0,3,65,7,39.0,0,,0.0,,15.0,5.0,서그내로 23-5,1160.818181818182,서향,18,41,39,71,129,102,15.0,2,3
14.54,2260.0,67.8,2022.0,덕영대로 1698,연립다세대,37.24679011,127.0765128,14,14,833,11,3,27,0,,0,,0,,1,77.0,2,146.0,15,36,15,11.0,1,158.0,1.0,84.0,17.0,7.0,덕영대로 1698,3492.727272727273,Unknown,21,29,44,48,119,99,17.0,0,3
22.06,1130.0,67.8,2014.0,서그내로 30,연립다세대,37.24457167,127.0738645,3,14,1704,13,2,54,0,,0,,0,,0,,1,189.0,3,65,7,39.0,0,,0.0,,14.0,4.0,서그내로 30,2362.727272727273,동향,14,45,37,82,133,102,12.0,1,4
21.715,1130.0,63.28,2014.0,서그내로 30,연립다세대,37.24457167,127.0738645,3,14,1704,13,2,54,0,,0,,0,,0,,1,189.0,3,65,7,39.0,0,,0.0,,14.0,4.0,서그내로 30,2280.5454545454545,동향,14,45,37,82,133,102,12.0,1,4
15.6,1130.0,55.37,2018.0,서그내로53번길 33,연립다세대,37.24111925,127.070438,11,19,2195,20,1,106,0,,0,,0,,0,,0,,1,148,3,70.0,0,,0.0,,12.0,2.0,서그내로53번길 31,2136.7272727272725,Unknown,11,23,31,64,111,103,15.0,1,4
21.43,1130.0,49.72,2015.0,서그내로 46,연립다세대,37.2431637,127.0736001,3,14,1661,13,2,54,0,,0,,0,,0,,1,189.0,3,65,7,39.0,0,,0.0,,10.0,0.0,서그내로 43,2034.0,서향,11,44,27,85,113,103,13.0,2,2
24.05,19210.0,0.0,2023.0,서그내로53번길 3-5,연립다세대,37.24231621,127.073921,3,14,1661,13,2,54,0,,0,,0,,0,,1,189.0,3,65,7,39.0,0,,0.0,,10.0,0.0,서그내로 43,19210.0,서향,11,44,27,85,113,103,13.0,0,3
24.05,19210.0,0.0,2023.0,서그내로53번길 3-5,연립다세대,37.24231621,127.073921,3,14,1661,13,2,54,0,,0,,0,,0,,1,189.0,3,65,7,39.0,0,,0.0,,10.0,0.0,서그내로 43,19210.0,서향,11,44,27,85,113,103,13.0,0,3
21.21,1130.0,63.28,2014.0,서그내로 30,연립다세대,37.24457167,127.0738645,3,14,1704,13,2,54,0,,0,,0,,0,,1,189.0,3,65,7,39.0,0,,0.0,,14.0,4.0,서그내로 30,2280.5454545454545,동향,14,45,37,82,133,102,12.0,1,4
21.43,1017.0,40.68,2015.0,서그내로 46,연립다세대,37.2431637,127.0736001,3,14,1661,13,2,54,0,,0,,0,,0,,1,189.0,3,65,7,39.0,0,,0.0,,10.0,0.0,서그내로 43,1756.6363636363635,서향,11,44,27,85,113,103,13.0,2,2
48.26,0.0,38.42,2020.0,서그내로53번길 31,연립다세대,37.24113549,127.0707007,11,19,2195,20,1,106,0,,0,,0,,0,,0,,1,148,3,70.0,0,,0.0,,12.0,2.0,서그내로53번길 31,698.5454545454546,Unknown,11,23,31,64,111,103,15.0,1,4
34.31,5650.0,101.7,2023.0,서그내로53번길 3-5,연립다세대,37.24231621,127.073921,3,14,1661,13,2,54,0,,0,,0,,0,,1,189.0,3,65,7,39.0,0,,0.0,,10.0,0.0,서그내로 43,7499.090909090909,서향,11,44,27,85,113,103,13.0,0,3
25.19,6780.0,19.21,2015.0,서그내로 46,연립다세대,37.2431637,127.0736001,3,14,1661,13,2,54,0,,0,,0,,0,,1,189.0,3,65,7,39.0,0,,0.0,,10.0,0.0,서그내로 43,7129.272727272727,서향,11,44,27,85,113,103,13.0,2,2
13.6,2147.0,50.85,2013.0,서그내로 46-2,연립다세대,37.24336243,127.0737232,3,14,1661,13,2,54,0,,0,,0,,0,,1,189.0,3,65,7,39.0,0,,0.0,,10.0,0.0,서그내로 43,3071.5454545454545,서향,11,44,27,85,113,103,13.0,2,2
14.76,339.0,45.2,2012.0,서그내로 23-5,연립다세대,37.24559678,127.0744081,3,14,1485,13,2,54,0,,0,,0,,0,,1,189.0,3,65,7,39.0,0,,0.0,,15.0,5.0,서그내로 23-5,1160.818181818182,서향,18,41,39,71,129,102,15.0,2,3
20.67,15255.0,0.0,2023.0,서그내로53번길 3-5,연립다세대,37.24231621,127.073921,3,14,1661,13,2,54,0,,0,,0,,0,,1,189.0,3,65,7,39.0,0,,0.0,,10.0,0.0,서그내로 43,15255.0,서향,11,44,27,85,113,103,13.0,0,3
16.45,4520.0,65.54,2022.0,덕영대로 1698,연립다세대,37.24679011,127.0765128,14,14,833,11,3,27,0,,0,,0,,1,77.0,2,146.0,15,36,15,11.0,1,158.0,1.0,84.0,17.0,7.0,덕영대로 1698,5711.636363636364,Unknown,21,29,44,48,119,99,17.0,0,3
23.19,565.0,49.72,2015.0,서그내로62번길 33,연립다세대,37.24243355,127.0687739,1,23,2176,21,2,40,0,,0,,0,,0,,0,,3,97,6,23.0,0,,0.0,,13.0,3.0,서그내로62번길 35,1469.0,Unknown,11,28,38,44,131,101,15.0,0,2
15.09,339.0,45.2,2012.0,서그내로 23-5,연립다세대,37.24559678,127.0744081,3,14,1485,13,2,54,0,,0,,0,,0,,1,189.0,3,65,7,39.0,0,,0.0,,15.0,5.0,서그내로 23-5,1160.818181818182,서향,18,41,39,71,129,102,15.0,2,3
19.3984,14690.0,0.0,2020.0,서그내로53번길 24,연립다세대,37.241556,127.0715486,13,17,2195,18,3,39,0,,0,,0,,0,,1,112.0,7,28,15,107.0,0,,0.0,,12.0,2.0,서그내로53번길 31,14690.0,Unknown,11,23,31,64,111,103,15.0,0,4
21.715,1130.0,63.28,2014.0,서그내로 30,연립다세대,37.24457167,127.0738645,3,14,1704,13,2,54,0,,0,,0,,0,,1,189.0,3,65,7,39.0,0,,0.0,,14.0,4.0,서그내로 30,2280.5454545454545,동향,14,45,37,82,133,102,12.0,1,4
12.4,565.0,41.81,2014.0,서그내로53번길 3-9,연립다세대,37.24240803,127.0742087,3,14,1661,13,2,54,0,,0,,0,,0,,1,189.0,3,65,7,39.0,0,,0.0,,10.0,0.0,서그내로 43,1325.1818181818182,동향,11,44,27,85,113,103,13.0,1,4
12.4,565.0,41.81,2014.0,서그내로53번길 3-9,연립다세대,37.24240803,127.0742087,3,14,1661,13,2,54,0,,0,,0,,0,,1,189.0,3,65,7,39.0,0,,0.0,,10.0,0.0,서그내로 43,1325.1818181818182,동향,11,44,27,85,113,103,13.0,1,4
16.45,2260.0,74.58,2022.0,덕영대로 1698,연립다세대,37.24679011,127.0765128,14,14,833,11,3,27,0,,0,,0,,1,77.0,2,146.0,15,36,15,11.0,1,158.0,1.0,84.0,17.0,7.0,덕영대로 1698,3616.0,Unknown,21,29,44,48,119,99,17.0,0,3
17.5,2260.0,36.16,2015.0,서그내로 43,연립다세대,37.24308982,127.074183,3,14,1661,13,2,54,0,,0,,0,,0,,1,189.0,3,65,7,39.0,0,,0.0,,10.0,0.0,서그내로 43,2917.454545454545,서향,11,44,27,85,113,103,13.0,2,2
19.7272,15255.0,0.0,2020.0,서그내로53번길 24,연립다세대,37.241556,127.0715486,13,17,2195,18,3,39,0,,0,,0,,0,,1,112.0,7,28,15,107.0,0,,0.0,,12.0,2.0,서그내로53번길 31,15255.0,Unknown,11,23,31,64,111,103,15.0,0,4
18.01,11300.0,0.0,2020.0,서그내로 59,연립다세대,37.24224665,127.0726211,13,17,1727,18,3,39,0,,0,,0,,0,,1,112.0,7,28,15,107.0,0,,0.0,,11.0,1.0,서그내로 61,11300.0,Unknown,11,44,30,80,112,103,12.0,0,3
18.57,14125.0,0.0,2020.0,서그내로 59,연립다세대,37.24224665,127.0726211,13,17,1727,18,3,39,0,,0,,0,,0,,1,112.0,7,28,15,107.0,0,,0.0,,11.0,1.0,서그내로 61,14125.0,Unknown,11,44,30,80,112,103,12.0,0,3
19.3984,14238.0,0.0,2020.0,서그내로53번길 24,연립다세대,37.241556,127.0715486,13,17,2195,18,3,39,0,,0,,0,,0,,1,112.0,7,28,15,107.0,0,,0.0,,12.0,2.0,서그내로53번길 31,14238.0,Unknown,11,23,31,64,111,103,15.0,0,4
23.05,2260.0,79.1,2022.0,서그내로 61,연립다세대,37.24216795,127.0724701,13,17,1727,18,3,39,0,,0,,0,,0,,1,112.0,7,28,15,107.0,0,,0.0,,11.0,1.0,서그내로 61,3698.181818181818,Unknown,11,44,30,80,112,103,12.0,0,1
18.9459,13560.0,0.0,2020.0,서그내로53번길 24,연립다세대,37.241556,127.0715486,13,17,2195,18,3,39,0,,0,,0,,0,,1,112.0,7,28,15,107.0,0,,0.0,,12.0,2.0,서그내로53번길 31,13560.0,Unknown,11,23,31,64,111,103,15.0,0,4
23.19,565.0,47.46,2015.0,서그내로62번길 33,연립다세대,37.24243355,127.0687739,1,23,2176,21,2,40,0,,0,,0,,0,,0,,3,97,6,23.0,0,,0.0,,13.0,3.0,서그내로62번길 35,1427.909090909091,Unknown,11,28,38,44,131,101,15.0,0,2
19.3984,5650.0,45.2,2020.0,서그내로53번길 24,연립다세대,37.241556,127.0715486,13,17,2195,18,3,39,0,,0,,0,,0,,1,112.0,7,28,15,107.0,0,,0.0,,12.0,2.0,서그내로53번길 31,6471.818181818182,Unknown,11,23,31,64,111,103,15.0,0,4
20.67,3390.0,73.45,2023.0,서그내로53번길 3-5,연립다세대,37.24231621,127.073921,3,14,1661,13,2,54,0,,0,,0,,0,,1,189.0,3,65,7,39.0,0,,0.0,,10.0,0.0,서그내로 43,4725.454545454546,서향,11,44,27,85,113,103,13.0,0,3
20.14,13560.0,0.0,2020.0,서그내로 59,연립다세대,37.24224665,127.0726211,13,17,1727,18,3,39,0,,0,,0,,0,,1,112.0,7,28,15,107.0,0,,0.0,,11.0,1.0,서그내로 61,13560.0,Unknown,11,44,30,80,112,103,12.0,0,3
19.08,15820.0,0.0,2022.0,서그내로62번길 23,연립다세대,37.24221939,127.0699161,11,19,2012,20,1,106,0,,0,,0,,0,,0,,1,148,3,70.0,0,,0.0,,16.0,6.0,서그내로62번길 23,15820.0,Unknown,12,33,33,65,125,101,11.0,0,0
19.7272,14690.0,0.0,2020.0,서그내로53번길 24,연립다세대,37.241556,127.0715486,13,17,2195,18,3,39,0,,0,,0,,0,,1,112.0,7,28,15,107.0,0,,0.0,,12.0,2.0,서그내로53번길 31,14690.0,Unknown,11,23,31,64,111,103,15.0,0,4
17.44,15820.0,0.0,2023.0,서그내로53번길 3-5,연립다세대,37.24231621,127.073921,3,14,1661,13,2,54,0,,0,,0,,0,,1,189.0,3,65,7,39.0,0,,0.0,,10.0,0.0,서그내로 43,15820.0,서향,11,44,27,85,113,103,13.0,0,3
23.44,565.0,53.11,2015.0,서그내로62번길 33,연립다세대,37.24243355,127.0687739,1,23,2176,21,2,40,0,,0,,0,,0,,0,,3,97,6,23.0,0,,0.0,,13.0,3.0,서그내로62번길 35,1530.6363636363635,Unknown,11,28,38,44,131,101,15.0,0,2
20.67,15255.0,0.0,2023.0,서그내로53번길 3-5,연립다세대,37.24231621,127.073921,3,14,1661,13,2,54,0,,0,,0,,0,,1,189.0,3,65,7,39.0,0,,0.0,,10.0,0.0,서그내로 43,15255.0,서향,11,44,27,85,113,103,13.0,0,3
24.05,18645.0,0.0,2023.0,서그내로53번길 3-5,연립다세대,37.24231621,127.073921,3,14,1661,13,2,54,0,,0,,0,,0,,1,189.0,3,65,7,39.0,0,,0.0,,10.0,0.0,서그내로 43,18645.0,서향,11,44,27,85,113,103,13.0,0,3
34.36,20905.0,0.0,2023.0,서그내로53번길 3-5,연립다세대,37.24231621,127.073921,3,14,1661,13,2,54,0,,0,,0,,0,,1,189.0,3,65,7,39.0,0,,0.0,,10.0,0.0,서그내로 43,20905.0,서향,11,44,27,85,113,103,13.0,0,3
34.31,5650.0,101.7,2023.0,서그내로53번길 3-5,연립다세대,37.24231621,127.073921,3,14,1661,13,2,54,0,,0,,0,,0,,1,189.0,3,65,7,39.0,0,,0.0,,10.0,0.0,서그내로 43,7499.090909090909,서향,11,44,27,85,113,103,13.0,0,3
20.67,7910.0,45.2,2023.0,서그내로53번길 3-5,연립다세대,37.24231621,127.073921,3,14,1661,13,2,54,0,,0,,0,,0,,1,189.0,3,65,7,39.0,0,,0.0,,10.0,0.0,서그내로 43,8731.818181818182,서향,11,44,27,85,113,103,13.0,0,3
20.67,5650.0,66.67,2023.0,서그내로53번길 3-5,연립다세대,37.24231621,127.073921,3,14,1661,13,2,54,0,,0,,0,,0,,1,189.0,3,65,7,39.0,0,,0.0,,10.0,0.0,서그내로 43,6862.181818181818,서향,11,44,27,85,113,103,13.0,0,3
23.37,7910.0,42.94,2023.0,서그내로53번길 3-5,연립다세대,37.24231621,127.073921,3,14,1661,13,2,54,0,,0,,0,,0,,1,189.0,3,65,7,39.0,0,,0.0,,10.0,0.0,서그내로 43,8690.727272727272,서향,11,44,27,85,113,103,13.0,0,3
19.29,18080.0,0.0,2023.0,서그내로53번길 3-5,연립다세대,37.24231621,127.073921,3,14,1661,13,2,54,0,,0,,0,,0,,1,189.0,3,65,7,39.0,0,,0.0,,10.0,0.0,서그내로 43,18080.0,서향,11,44,27,85,113,103,13.0,0,3
18.9459,14690.0,0.0,2020.0,서그내로53번길 24,연립다세대,37.241556,127.0715486,13,17,2195,18,3,39,0,,0,,0,,0,,1,112.0,7,28,15,107.0,0,,0.0,,12.0,2.0,서그내로53번길 31,14690.0,Unknown,11,23,31,64,111,103,15.0,0,4
17.3762,17515.0,0.0,2020.0,서그내로53번길 24,연립다세대,37.241556,127.0715486,13,17,2195,18,3,39,0,,0,,0,,0,,1,112.0,7,28,15,107.0,0,,0.0,,12.0,2.0,서그내로53번길 31,17515.0,Unknown,11,23,31,64,111,103,15.0,0,4
19.7272,15820.0,0.0,2020.0,서그내로53번길 24,연립다세대,37.241556,127.0715486,13,17,2195,18,3,39,0,,0,,0,,0,,1,112.0,7,28,15,107.0,0,,0.0,,12.0,2.0,서그내로53번길 31,15820.0,Unknown,11,23,31,64,111,103,15.0,0,4
19.3984,11300.0,0.0,2020.0,서그내로53번길 24,연립다세대,37.241556,127.0715486,13,17,2195,18,3,39,0,,0,,0,,0,,1,112.0,7,28,15,107.0,0,,0.0,,12.0,2.0,서그내로53번길 31,11300.0,Unknown,11,23,31,64,111,103,15.0,0,4
18.9459,12430.0,0.0,2020.0,서그내로53번길 24,연립다세대,37.241556,127.0715486,13,17,2195,18,3,39,0,,0,,0,,0,,1,112.0,7,28,15,107.0,0,,0.0,,12.0,2.0,서그내로53번길 31,12430.0,Unknown,11,23,31,64,111,103,15.0,0,4
19.7272,11300.0,28.25,2020.0,서그내로53번길 24,연립다세대,37.241556,127.0715486,13,17,2195,18,3,39,0,,0,,0,,0,,1,112.0,7,28,15,107.0,0,,0.0,,12.0,2.0,서그내로53번길 31,11813.636363636364,Unknown,11,23,31,64,111,103,15.0,0,4
17.6614,16837.0,0.0,2020.0,서그내로53번길 24,연립다세대,37.241556,127.0715486,13,17,2195,18,3,39,0,,0,,0,,0,,1,112.0,7,28,15,107.0,0,,0.0,,12.0,2.0,서그내로53번길 31,16837.0,Unknown,11,23,31,64,111,103,15.0,0,4
19.3984,5650.0,50.85,2020.0,서그내로53번길 24,연립다세대,37.241556,127.0715486,13,17,2195,18,3,39,0,,0,,0,,0,,1,112.0,7,28,15,107.0,0,,0.0,,12.0,2.0,서그내로53번길 31,6574.545454545455,Unknown,11,23,31,64,111,103,15.0,0,4
19.3984,16950.0,0.0,2020.0,서그내로53번길 24,연립다세대,37.241556,127.0715486,13,17,2195,18,3,39,0,,0,,0,,0,,1,112.0,7,28,15,107.0,0,,0.0,,12.0,2.0,서그내로53번길 31,16950.0,Unknown,11,23,31,64,111,103,15.0,0,4
19.7272,16950.0,0.0,2020.0,서그내로53번길 24,연립다세대,37.241556,127.0715486,13,17,2195,18,3,39,0,,0,,0,,0,,1,112.0,7,28,15,107.0,0,,0.0,,12.0,2.0,서그내로53번길 31,16950.0,Unknown,11,23,31,64,111,103,15.0,0,4
19.3984,12430.0,0.0,2020.0,서그내로53번길 24,연립다세대,37.241556,127.0715486,13,17,2195,18,3,39,0,,0,,0,,0,,1,112.0,7,28,15,107.0,0,,0.0,,12.0,2.0,서그내로53번길 31,12430.0,Unknown,11,23,31,64,111,103,15.0,0,4
19.3984,14690.0,0.0,2020.0,서그내로53번길 24,연립다세대,37.241556,127.0715486,13,17,2195,18,3,39,0,,0,,0,,0,,1,112.0,7,28,15,107.0,0,,0.0,,12.0,2.0,서그내로53번길 31,14690.0,Unknown,11,23,31,64,111,103,15.0,0,4
19.7272,16385.0,0.0,2020.0,서그내로53번길 24,연립다세대,37.241556,127.0715486,13,17,2195,18,3,39,0,,0,,0,,0,,1,112.0,7,28,15,107.0,0,,0.0,,12.0,2.0,서그내로53번길 31,16385.0,Unknown,11,23,31,64,111,103,15.0,0,4
19.3984,7910.0,33.9,2020.0,서그내로53번길 24,연립다세대,37.241556,127.0715486,13,17,2195,18,3,39,0,,0,,0,,0,,1,112.0,7,28,15,107.0,0,,0.0,,12.0,2.0,서그내로53번길 31,8526.363636363636,Unknown,11,23,31,64,111,103,15.0,0,4
19.3984,5650.0,45.2,2020.0,서그내로53번길 24,연립다세대,37.241556,127.0715486,13,17,2195,18,3,39,0,,0,,0,,0,,1,112.0,7,28,15,107.0,0,,0.0,,12.0,2.0,서그내로53번길 31,6471.818181818182,Unknown,11,23,31,64,111,103,15.0,0,4
19.3984,5650.0,42.94,2020.0,서그내로53번길 24,연립다세대,37.241556,127.0715486,13,17,2195,18,3,39,0,,0,,0,,0,,1,112.0,7,28,15,107.0,0,,0.0,,12.0,2.0,서그내로53번길 31,6430.727272727273,Unknown,11,23,31,64,111,103,15.0,0,4
19.3984,5650.0,45.2,2020.0,서그내로53번길 24,연립다세대,37.241556,127.0715486,13,17,2195,18,3,39,0,,0,,0,,0,,1,112.0,7,28,15,107.0,0,,0.0,,12.0,2.0,서그내로53번길 31,6471.818181818182,Unknown,11,23,31,64,111,103,15.0,0,4
19.7272,16950.0,0.0,2020.0,서그내로53번길 24,연립다세대,37.241556,127.0715486,13,17,2195,18,3,39,0,,0,,0,,0,,1,112.0,7,28,15,107.0,0,,0.0,,12.0,2.0,서그내로53번길 31,16950.0,Unknown,11,23,31,64,111,103,15.0,0,4
19.3984,13560.0,0.0,2020.0,서그내로53번길 24,연립다세대,37.241556,127.0715486,13,17,2195,18,3,39,0,,0,,0,,0,,1,112.0,7,28,15,107.0,0,,0.0,,12.0,2.0,서그내로53번길 31,13560.0,Unknown,11,23,31,64,111,103,15.0,0,4
19.3984,5650.0,45.2,2020.0,서그내로53번길 24,연립다세대,37.241556,127.0715486,13,17,2195,18,3,39,0,,0,,0,,0,,1,112.0,7,28,15,107.0,0,,0.0,,12.0,2.0,서그내로53번길 31,6471.818181818182,Unknown,11,23,31,64,111,103,15.0,0,4
19.3984,14238.0,0.0,2020.0,서그내로53번길 24,연립다세대,37.241556,127.0715486,13,17,2195,18,3,39,0,,0,,0,,0,,1,112.0,7,28,15,107.0,0,,0.0,,12.0,2.0,서그내로53번길 31,14238.0,Unknown,11,23,31,64,111,103,15.0,0,4
22.86,14690.0,0.0,2022.0,서그내로 63,연립다세대,37.2420843,127.0722695,13,17,1727,18,3,39,0,,0,,0,,0,,1,112.0,7,28,15,107.0,0,,0.0,,11.0,1.0,서그내로 61,14690.0,Unknown,11,44,30,80,112,103,12.0,0,1
22.86,16950.0,0.0,2022.0,서그내로 63,연립다세대,37.2420843,127.0722695,13,17,1727,18,3,39,0,,0,,0,,0,,1,112.0,7,28,15,107.0,0,,0.0,,11.0,1.0,서그내로 61,16950.0,Unknown,11,44,30,80,112,103,12.0,0,1
22.86,5650.0,0.0,2022.0,서그내로 63,연립다세대,37.2420843,127.0722695,13,17,1727,18,3,39,0,,0,,0,,0,,1,112.0,7,28,15,107.0,0,,0.0,,11.0,1.0,서그내로 61,5650.0,Unknown,11,44,30,80,112,103,12.0,0,1
22.86,11300.0,16.95,2022.0,서그내로 63,연립다세대,37.2420843,127.0722695,13,17,1727,18,3,39,0,,0,,0,,0,,1,112.0,7,28,15,107.0,0,,0.0,,11.0,1.0,서그내로 61,11608.181818181818,Unknown,11,44,30,80,112,103,12.0,0,1
28.33,5650.0,64.41,2022.0,서그내로 63,연립다세대,37.2420843,127.0722695,13,17,1727,18,3,39,0,,0,,0,,0,,1,112.0,7,28,15,107.0,0,,0.0,,11.0,1.0,서그내로 61,6821.090909090909,Unknown,11,44,30,80,112,103,12.0,0,1
22.86,14690.0,0.0,2022.0,서그내로 63,연립다세대,37.2420843,127.0722695,13,17,1727,18,3,39,0,,0,,0,,0,,1,112.0,7,28,15,107.0,0,,0.0,,11.0,1.0,서그내로 61,14690.0,Unknown,11,44,30,80,112,103,12.0,0,1
22.86,5650.0,50.85,2022.0,서그내로 63,연립다세대,37.2420843,127.0722695,13,17,1727,18,3,39,0,,0,,0,,0,,1,112.0,7,28,15,107.0,0,,0.0,,11.0,1.0,서그내로 61,6574.545454545455,Unknown,11,44,30,80,112,103,12.0,0,1
28.79,5650.0,67.8,2022.0,서그내로 63,연립다세대,37.2420843,127.0722695,13,17,1727,18,3,39,0,,0,,0,,0,,1,112.0,7,28,15,107.0,0,,0.0,,11.0,1.0,서그내로 61,6882.727272727273,Unknown,11,44,30,80,112,103,12.0,0,1
22.86,1130.0,90.4,2022.0,서그내로 63,연립다세대,37.2420843,127.0722695,13,17,1727,18,3,39,0,,0,,0,,0,,1,112.0,7,28,15,107.0,0,,0.0,,11.0,1.0,서그내로 61,2773.636363636364,Unknown,11,44,30,80,112,103,12.0,0,1
22.86,1130.0,90.4,2022.0,서그내로 63,연립다세대,37.2420843,127.0722695,13,17,1727,18,3,39,0,,0,,0,,0,,1,112.0,7,28,15,107.0,0,,0.0,,11.0,1.0,서그내로 61,2773.636363636364,Unknown,11,44,30,80,112,103,12.0,0,1
22.86,14690.0,0.0,2022.0,서그내로 63,연립다세대,37.2420843,127.0722695,13,17,1727,18,3,39,0,,0,,0,,0,,1,112.0,7,28,15,107.0,0,,0.0,,11.0,1.0,서그내로 61,14690.0,Unknown,11,44,30,80,112,103,12.0,0,1
28.79,15820.0,0.0,2022.0,서그내로 63,연립다세대,37.2420843,127.0722695,13,17,1727,18,3,39,0,,0,,0,,0,,1,112.0,7,28,15,107.0,0,,0.0,,11.0,1.0,서그내로 61,15820.0,Unknown,11,44,30,80,112,103,12.0,0,1
22.86,5650.0,50.85,2022.0,서그내로 63,연립다세대,37.2420843,127.0722695,13,17,1727,18,3,39,0,,0,,0,,0,,1,112.0,7,28,15,107.0,0,,0.0,,11.0,1.0,서그내로 61,6574.545454545455,Unknown,11,44,30,80,112,103,12.0,0,1
22.86,11300.0,33.9,2022.0,서그내로 63,연립다세대,37.2420843,127.0722695,13,17,1727,18,3,39,0,,0,,0,,0,,1,112.0,7,28,15,107.0,0,,0.0,,11.0,1.0,서그내로 61,11916.363636363636,Unknown,11,44,30,80,112,103,12.0,0,1
22.86,14690.0,0.0,2022.0,서그내로 63,연립다세대,37.2420843,127.0722695,13,17,1727,18,3,39,0,,0,,0,,0,,1,112.0,7,28,15,107.0,0,,0.0,,11.0,1.0,서그내로 61,14690.0,Unknown,11,44,30,80,112,103,12.0,0,1
22.86,12430.0,33.9,2022.0,서그내로 63,연립다세대,37.2420843,127.0722695,13,17,1727,18,3,39,0,,0,,0,,0,,1,112.0,7,28,15,107.0,0,,0.0,,11.0,1.0,서그내로 61,13046.363636363636,Unknown,11,44,30,80,112,103,12.0,0,1
28.33,16385.0,0.0,2022.0,서그내로 63,연립다세대,37.2420843,127.0722695,13,17,1727,18,3,39,0,,0,,0,,0,,1,112.0,7,28,15,107.0,0,,0.0,,11.0,1.0,서그내로 61,16385.0,Unknown,11,44,30,80,112,103,12.0,0,1
22.86,14690.0,0.0,2022.0,서그내로 63,연립다세대,37.2420843,127.0722695,13,17,1727,18,3,39,0,,0,,0,,0,,1,112.0,7,28,15,107.0,0,,0.0,,11.0,1.0,서그내로 61,14690.0,Unknown,11,44,30,80,112,103,12.0,0,1
22.86,14690.0,0.0,2022.0,서그내로 63,연립다세대,37.2420843,127.0722695,13,17,1727,18,3,39,0,,0,,0,,0,,1,112.0,7,28,15,107.0,0,,0.0,,11.0,1.0,서그내로 61,14690.0,Unknown,11,44,30,80,112,103,12.0,0,1
22.86,5650.0,56.5,2022.0,서그내로 63,연립다세대,37.2420843,127.0722695,13,17,1727,18,3,39,0,,0,,0,,0,,1,112.0,7,28,15,107.0,0,,0.0,,11.0,1.0,서그내로 61,6677.272727272727,Unknown,11,44,30,80,112,103,12.0,0,1
38.85,11300.0,67.8,2023.0,서그내로53번길 40-1,연립다세대,37.24109643,127.0695717,11,19,2195,20,1,106,0,,0,,0,,0,,0,,1,148,3,70.0,0,,0.0,,12.0,2.0,서그내로53번길 31,12532.727272727272,Unknown,11,23,31,64,111,103,15.0,1,3
24.05,19210.0,0.0,2023.0,서그내로53번길 3-5,연립다세대,37.24231621,127.073921,3,14,1661,13,2,54,0,,0,,0,,0,,1,189.0,3,65,7,39.0,0,,0.0,,10.0,0.0,서그내로 43,19210.0,서향,11,44,27,85,113,103,13.0,0,3
37.43,11300.0,45.2,2023.0,서그내로53번길 3-5,연립다세대,37.24231621,127.073921,3,14,1661,13,2,54,0,,0,,0,,0,,1,189.0,3,65,7,39.0,0,,0.0,,10.0,0.0,서그내로 43,12121.818181818182,서향,11,44,27,85,113,103,13.0,0,3
23.21,12430.0,0.0,2023.0,서그내로53번길 40-1,연립다세대,37.24109643,127.0695717,11,19,2195,20,1,106,0,,0,,0,,0,,0,,1,148,3,70.0,0,,0.0,,12.0,2.0,서그내로53번길 31,12430.0,Unknown,11,23,31,64,111,103,15.0,1,3
23.21,16385.0,0.0,2023.0,서그내로53번길 40-1,연립다세대,37.24109643,127.0695717,11,19,2195,20,1,106,0,,0,,0,,0,,0,,1,148,3,70.0,0,,0.0,,12.0,2.0,서그내로53번길 31,16385.0,Unknown,11,23,31,64,111,103,15.0,1,3
23.37,6780.0,50.85,2023.0,서그내로53번길 3-5,연립다세대,37.24231621,127.073921,3,14,1661,13,2,54,0,,0,,0,,0,,1,189.0,3,65,7,39.0,0,,0.0,,10.0,0.0,서그내로 43,7704.545454545455,서향,11,44,27,85,113,103,13.0,0,3
37.43,9040.0,50.85,2023.0,서그내로53번길 3-5,연립다세대,37.24231621,127.073921,3,14,1661,13,2,54,0,,0,,0,,0,,1,189.0,3,65,7,39.0,0,,0.0,,10.0,0.0,서그내로 43,9964.545454545454,서향,11,44,27,85,113,103,13.0,0,3
20.67,12430.0,0.0,2023.0,서그내로53번길 3-5,연립다세대,37.24231621,127.073921,3,14,1661,13,2,54,0,,0,,0,,0,,1,189.0,3,65,7,39.0,0,,0.0,,10.0,0.0,서그내로 43,12430.0,서향,11,44,27,85,113,103,13.0,0,3
20.67,5650.0,50.85,2023.0,서그내로53번길 3-5,연립다세대,37.24231621,127.073921,3,14,1661,13,2,54,0,,0,,0,,0,,1,189.0,3,65,7,39.0,0,,0.0,,10.0,0.0,서그내로 43,6574.545454545455,서향,11,44,27,85,113,103,13.0,0,3
88.95,11300.0,135.6,2022.0,서그내로 61,연립다세대,37.24216795,127.0724701,13,17,1727,18,3,39,0,,0,,0,,0,,1,112.0,7,28,15,107.0,0,,0.0,,11.0,1.0,서그내로 61,13765.454545454546,Unknown,11,44,30,80,112,103,12.0,0,1
23.21,12430.0,0.0,2023.0,서그내로53번길 40-1,연립다세대,37.24109643,127.0695717,11,19,2195,20,1,106,0,,0,,0,,0,,0,,1,148,3,70.0,0,,0.0,,12.0,2.0,서그내로53번길 31,12430.0,Unknown,11,23,31,64,111,103,15.0,1,3
13.2,339.0,37.29,2012.0,서그내로16번길 27,연립다세대,37.245079,127.0705474,13,17,1632,18,3,39,0,,0,,0,,0,,1,112.0,7,28,15,107.0,0,,0.0,,37.0,27.0,서그내로16번길 27,1017.0,동향,10,21,39,75,137,101,16.0,0,0
23.21,5650.0,63.28,2023.0,서그내로53번길 40-1,연립다세대,37.24109643,127.0695717,11,19,2195,20,1,106,0,,0,,0,,0,,0,,1,148,3,70.0,0,,0.0,,12.0,2.0,서그내로53번길 31,6800.545454545454,Unknown,11,23,31,64,111,103,15.0,1,3
18.9459,14690.0,0.0,2020.0,서그내로53번길 24,연립다세대,37.241556,127.0715486,13,17,2195,18,3,39,0,,0,,0,,0,,1,112.0,7,28,15,107.0,0,,0.0,,12.0,2.0,서그내로53번길 31,14690.0,Unknown,11,23,31,64,111,103,15.0,0,4
23.37,7910.0,42.94,2023.0,서그내로53번길 3-5,연립다세대,37.24231621,127.073921,3,14,1661,13,2,54,0,,0,,0,,0,,1,189.0,3,65,7,39.0,0,,0.0,,10.0,0.0,서그내로 43,8690.727272727272,서향,11,44,27,85,113,103,13.0,0,3
14.09,2147.0,28.25,2013.0,서그내로 46-2,연립다세대,37.24336243,127.0737232,3,14,1661,13,2,54,0,,0,,0,,0,,1,189.0,3,65,7,39.0,0,,0.0,,10.0,0.0,서그내로 43,2660.6363636363635,서향,11,44,27,85,113,103,13.0,2,2
38.85,15424.5,0.0,2015.0,서그내로62번길 33,연립다세대,37.24243355,127.0687739,1,23,2176,21,2,40,0,,0,,0,,0,,0,,3,97,6,23.0,0,,0.0,,13.0,3.0,서그내로62번길 35,15424.5,Unknown,11,28,38,44,131,101,15.0,0,2
18.36,565.0,47.46,2015.0,서그내로62번길 33,연립다세대,37.24243355,127.0687739,1,23,2176,21,2,40,0,,0,,0,,0,,0,,3,97,6,23.0,0,,0.0,,13.0,3.0,서그내로62번길 35,1427.909090909091,Unknown,11,28,38,44,131,101,15.0,0,2
36.13,17515.0,0.0,2019.0,서그내로62번길 35,연립다세대,37.242482,127.0682545,1,23,2176,21,2,40,0,,0,,0,,0,,0,,3,97,6,23.0,0,,0.0,,13.0,3.0,서그내로62번길 35,17515.0,동향,11,28,38,44,131,101,15.0,0,2
28.84,7910.0,10.17,2015.0,서그내로 46,연립다세대,37.2431637,127.0736001,3,14,1661,13,2,54,0,,0,,0,,0,,1,189.0,3,65,7,39.0,0,,0.0,,10.0,0.0,서그내로 43,8094.909090909091,서향,11,44,27,85,113,103,13.0,2,2
21.715,1130.0,63.28,2014.0,서그내로 30,연립다세대,37.24457167,127.0738645,3,14,1704,13,2,54,0,,0,,0,,0,,1,189.0,3,65,7,39.0,0,,0.0,,14.0,4.0,서그내로 30,2280.5454545454545,동향,14,45,37,82,133,102,12.0,1,4
48.26,56.5,38.42,2020.0,서그내로53번길 31,연립다세대,37.24113549,127.0707007,11,19,2195,20,1,106,0,,0,,0,,0,,0,,1,148,3,70.0,0,,0.0,,12.0,2.0,서그내로53번길 31,755.0454545454546,Unknown,11,23,31,64,111,103,15.0,1,4
12.96,565.0,39.55,2014.0,서그내로53번길 3-9,연립다세대,37.24240803,127.0742087,3,14,1661,13,2,54,0,,0,,0,,0,,1,189.0,3,65,7,39.0,0,,0.0,,10.0,0.0,서그내로 43,1284.090909090909,동향,11,44,27,85,113,103,13.0,1,4
29.14,6780.0,37.29,2015.0,서그내로62번길 42,연립다세대,37.24291591,127.067901,1,23,2176,21,2,40,0,,0,,0,,0,,0,,3,97,6,23.0,0,,0.0,,13.0,3.0,서그내로62번길 35,7458.0,동향,11,28,38,44,131,101,15.0,1,4
29.14,6780.0,37.29,2015.0,서그내로62번길 42,연립다세대,37.24291591,127.067901,1,23,2176,21,2,40,0,,0,,0,,0,,0,,3,97,6,23.0,0,,0.0,,13.0,3.0,서그내로62번길 35,7458.0,동향,11,28,38,44,131,101,15.0,1,4
50.89,19210.0,0.0,2015.0,서그내로 43,연립다세대,37.24308982,127.074183,3,14,1661,13,2,54,0,,0,,0,,0,,1,189.0,3,65,7,39.0,0,,0.0,,10.0,0.0,서그내로 43,19210.0,서향,11,44,27,85,113,103,13.0,2,2
50.89,19210.0,0.0,2015.0,서그내로 43,연립다세대,37.24308982,127.074183,3,14,1661,13,2,54,0,,0,,0,,0,,1,189.0,3,65,7,39.0,0,,0.0,,10.0,0.0,서그내로 43,19210.0,서향,11,44,27,85,113,103,13.0,2,2
15.39,1130.0,49.72,2018.0,서그내로53번길 33,연립다세대,37.24111925,127.070438,11,19,2195,20,1,106,0,,0,,0,,0,,0,,1,148,3,70.0,0,,0.0,,12.0,2.0,서그내로53번길 31,2034.0,Unknown,11,23,31,64,111,103,15.0,1,4
25.97,1130.0,57.63,2015.0,서그내로 43,연립다세대,37.24308982,127.074183,3,14,1661,13,2,54,0,,0,,0,,0,,1,189.0,3,65,7,39.0,0,,0.0,,10.0,0.0,서그내로 43,2177.818181818182,서향,11,44,27,85,113,103,13.0,2,2
16.56,565.0,45.2,2014.0,서그내로53번길 3-7,연립다세대,37.24236467,127.0740844,3,14,1661,13,2,54,0,,0,,0,,0,,1,189.0,3,65,7,39.0,0,,0.0,,10.0,0.0,서그내로 43,1386.818181818182,동향,11,44,27,85,113,103,13.0,0,4
19.3984,14690.0,0.0,2020.0,서그내로53번길 24,연립다세대,37.241556,127.0715486,13,17,2195,18,3,39,0,,0,,0,,0,,1,112.0,7,28,15,107.0,0,,0.0,,12.0,2.0,서그내로53번길 31,14690.0,Unknown,11,23,31,64,111,103,15.0,0,4
25.97,1130.0,73.45,2015.0,서그내로 43,연립다세대,37.24308982,127.074183,3,14,1661,13,2,54,0,,0,,0,,0,,1,189.0,3,65,7,39.0,0,,0.0,,10.0,0.0,서그내로 43,2465.454545454545,서향,11,44,27,85,113,103,13.0,2,2
29.52,1130.0,73.45,2015.0,서그내로 43,연립다세대,37.24308982,127.074183,3,14,1661,13,2,54,0,,0,,0,,0,,1,189.0,3,65,7,39.0,0,,0.0,,10.0,0.0,서그내로 43,2465.454545454545,서향,11,44,27,85,113,103,13.0,2,2
19.7272,15820.0,0.0,2020.0,서그내로53번길 24,연립다세대,37.241556,127.0715486,13,17,2195,18,3,39,0,,0,,0,,0,,1,112.0,7,28,15,107.0,0,,0.0,,12.0,2.0,서그내로53번길 31,15820.0,Unknown,11,23,31,64,111,103,15.0,0,4
22.86,14690.0,0.0,2022.0,서그내로 63,연립다세대,37.2420843,127.0722695,13,17,1727,18,3,39,0,,0,,0,,0,,1,112.0,7,28,15,107.0,0,,0.0,,11.0,1.0,서그내로 61,14690.0,Unknown,11,44,30,80,112,103,12.0,0,1
22.86,14690.0,0.0,2022.0,서그내로 63,연립다세대,37.2420843,127.0722695,13,17,1727,18,3,39,0,,0,,0,,0,,1,112.0,7,28,15,107.0,0,,0.0,,11.0,1.0,서그내로 61,14690.0,Unknown,11,44,30,80,112,103,12.0,0,1
22.44,11865.0,22.6,2022.0,서그내로 61,연립다세대,37.24216795,127.0724701,13,17,1727,18,3,39,0,,0,,0,,0,,1,112.0,7,28,15,107.0,0,,0.0,,11.0,1.0,서그내로 61,12275.90909090909,Unknown,11,44,30,80,112,103,12.0,0,1
19.7272,15820.0,0.0,2020.0,서그내로53번길 24,연립다세대,37.241556,127.0715486,13,17,2195,18,3,39,0,,0,,0,,0,,1,112.0,7,28,15,107.0,0,,0.0,,12.0,2.0,서그내로53번길 31,15820.0,Unknown,11,23,31,64,111,103,15.0,0,4
12.81,339.0,36.16,2014.0,서그내로53번길 3-9,연립다세대,37.24240803,127.0742087,3,14,1661,13,2,54,0,,0,,0,,0,,1,189.0,3,65,7,39.0,0,,0.0,,10.0,0.0,서그내로 43,996.4545454545454,동향,11,44,27,85,113,103,13.0,1,4
12.81,339.0,36.16,2014.0,서그내로53번길 3-9,연립다세대,37.24240803,127.0742087,3,14,1661,13,2,54,0,,0,,0,,0,,1,189.0,3,65,7,39.0,0,,0.0,,10.0,0.0,서그내로 43,996.4545454545454,동향,11,44,27,85,113,103,13.0,1,4
22.86,14690.0,0.0,2022.0,서그내로 63,연립다세대,37.2420843,127.0722695,13,17,1727,18,3,39,0,,0,,0,,0,,1,112.0,7,28,15,107.0,0,,0.0,,11.0,1.0,서그내로 61,14690.0,Unknown,11,44,30,80,112,103,12.0,0,1
11.46,339.0,39.55,2014.0,서그내로53번길 3-9,연립다세대,37.24240803,127.0742087,3,14,1661,13,2,54,0,,0,,0,,0,,1,189.0,3,65,7,39.0,0,,0.0,,10.0,0.0,서그내로 43,1058.090909090909,동향,11,44,27,85,113,103,13.0,1,4
17.5,1130.0,58.76,2015.0,서그내로 43,연립다세대,37.24308982,127.074183,3,14,1661,13,2,54,0,,0,,0,,0,,1,189.0,3,65,7,39.0,0,,0.0,,10.0,0.0,서그내로 43,2198.363636363636,서향,11,44,27,85,113,103,13.0,2,2
20.14,14125.0,0.0,2020.0,서그내로 59,연립다세대,37.24224665,127.0726211,13,17,1727,18,3,39,0,,0,,0,,0,,1,112.0,7,28,15,107.0,0,,0.0,,11.0,1.0,서그내로 61,14125.0,Unknown,11,44,30,80,112,103,12.0,0,3
22.86,11300.0,33.9,2022.0,서그내로 63,연립다세대,37.2420843,127.0722695,13,17,1727,18,3,39,0,,0,,0,,0,,1,112.0,7,28,15,107.0,0,,0.0,,11.0,1.0,서그내로 61,11916.363636363636,Unknown,11,44,30,80,112,103,12.0,0,1
59.87,15820.0,16.95,2014.0,서그내로53번길 11-1,연립다세대,37.24174866,127.0727274,13,17,1727,18,3,39,0,,0,,0,,0,,1,112.0,7,28,15,107.0,0,,0.0,,11.0,1.0,서그내로 61,16128.181818181818,Unknown,11,44,30,80,112,103,12.0,0,2
22.86,13560.0,0.0,2022.0,서그내로 63,연립다세대,37.2420843,127.0722695,13,17,1727,18,3,39,0,,0,,0,,0,,1,112.0,7,28,15,107.0,0,,0.0,,11.0,1.0,서그내로 61,13560.0,Unknown,11,44,30,80,112,103,12.0,0,1
19.3984,13560.0,0.0,2020.0,서그내로53번길 24,연립다세대,37.241556,127.0715486,13,17,2195,18,3,39,0,,0,,0,,0,,1,112.0,7,28,15,107.0,0,,0.0,,12.0,2.0,서그내로53번길 31,13560.0,Unknown,11,23,31,64,111,103,15.0,0,4
22.86,5650.0,56.5,2022.0,서그내로 63,연립다세대,37.2420843,127.0722695,13,17,1727,18,3,39,0,,0,,0,,0,,1,112.0,7,28,15,107.0,0,,0.0,,11.0,1.0,서그내로 61,6677.272727272727,Unknown,11,44,30,80,112,103,12.0,0,1
19.3984,11300.0,0.0,2020.0,서그내로53번길 24,연립다세대,37.241556,127.0715486,13,17,2195,18,3,39,0,,0,,0,,0,,1,112.0,7,28,15,107.0,0,,0.0,,12.0,2.0,서그내로53번길 31,11300.0,Unknown,11,23,31,64,111,103,15.0,0,4
22.86,14690.0,0.0,2022.0,서그내로 63,연립다세대,37.2420843,127.0722695,13,17,1727,18,3,39,0,,0,,0,,0,,1,112.0,7,28,15,107.0,0,,0.0,,11.0,1.0,서그내로 61,14690.0,Unknown,11,44,30,80,112,103,12.0,0,1
22.86,14690.0,0.0,2022.0,서그내로 63,연립다세대,37.2420843,127.0722695,13,17,1727,18,3,39,0,,0,,0,,0,,1,112.0,7,28,15,107.0,0,,0.0,,11.0,1.0,서그내로 61,14690.0,Unknown,11,44,30,80,112,103,12.0,0,1
28.33,16385.0,0.0,2022.0,서그내로 63,연립다세대,37.2420843,127.0722695,13,17,1727,18,3,39,0,,0,,0,,0,,1,112.0,7,28,15,107.0,0,,0.0,,11.0,1.0,서그내로 61,16385.0,Unknown,11,44,30,80,112,103,12.0,0,1
22.86,14690.0,0.0,2022.0,서그내로 63,연립다세대,37.2420843,127.0722695,13,17,1727,18,3,39,0,,0,,0,,0,,1,112.0,7,28,15,107.0,0,,0.0,,11.0,1.0,서그내로 61,14690.0,Unknown,11,44,30,80,112,103,12.0,0,1
15.39,1130.0,49.72,2018.0,서그내로53번길 33,연립다세대,37.24111925,127.070438,11,19,2195,20,1,106,0,,0,,0,,0,,0,,1,148,3,70.0,0,,0.0,,12.0,2.0,서그내로53번길 31,2034.0,Unknown,11,23,31,64,111,103,15.0,1,4
18.8,12430.0,0.0,2020.0,서그내로 59,연립다세대,37.24224665,127.0726211,13,17,1727,18,3,39,0,,0,,0,,0,,1,112.0,7,28,15,107.0,0,,0.0,,11.0,1.0,서그내로 61,12430.0,Unknown,11,44,30,80,112,103,12.0,0,3
22.86,14690.0,0.0,2022.0,서그내로 63,연립다세대,37.2420843,127.0722695,13,17,1727,18,3,39,0,,0,,0,,0,,1,112.0,7,28,15,107.0,0,,0.0,,11.0,1.0,서그내로 61,14690.0,Unknown,11,44,30,80,112,103,12.0,0,1
22.86,11300.0,16.95,2022.0,서그내로 63,연립다세대,37.2420843,127.0722695,13,17,1727,18,3,39,0,,0,,0,,0,,1,112.0,7,28,15,107.0,0,,0.0,,11.0,1.0,서그내로 61,11608.181818181818,Unknown,11,44,30,80,112,103,12.0,0,1
20.14,13560.0,0.0,2020.0,서그내로 59,연립다세대,37.24224665,127.0726211,13,17,1727,18,3,39,0,,0,,0,,0,,1,112.0,7,28,15,107.0,0,,0.0,,11.0,1.0,서그내로 61,13560.0,Unknown,11,44,30,80,112,103,12.0,0,3
28.33,11300.0,22.6,2022.0,서그내로 63,연립다세대,37.2420843,127.0722695,13,17,1727,18,3,39,0,,0,,0,,0,,1,112.0,7,28,15,107.0,0,,0.0,,11.0,1.0,서그내로 61,11710.90909090909,Unknown,11,44,30,80,112,103,12.0,0,1
28.33,5650.0,64.41,2022.0,서그내로 63,연립다세대,37.2420843,127.0722695,13,17,1727,18,3,39,0,,0,,0,,0,,1,112.0,7,28,15,107.0,0,,0.0,,11.0,1.0,서그내로 61,6821.090909090909,Unknown,11,44,30,80,112,103,12.0,0,1
24.42,565.0,56.5,2015.0,서그내로62번길 42,연립다세대,37.24291591,127.067901,1,23,2176,21,2,40,0,,0,,0,,0,,0,,3,97,6,23.0,0,,0.0,,13.0,3.0,서그내로62번길 35,1592.2727272727273,동향,11,28,38,44,131,101,15.0,1,4
58.54,13370.16,10.17,2020.0,서그내로53번길 39,연립다세대,37.24083082,127.0700338,11,19,2195,20,1,106,0,,0,,0,,0,,0,,1,148,3,70.0,0,,0.0,,12.0,2.0,서그내로53번길 31,13555.06909090909,Unknown,11,23,31,64,111,103,15.0,2,4
22.8,12430.0,0.0,2024.0,예현로35번길 32,연립다세대,37.24137365,127.0662886,1,23,2168,21,2,40,0,,0,,0,,0,,0,,3,97,6,23.0,0,,0.0,,36.0,26.0,예현로35번길 32,12430.0,Unknown,13,11,31,29,138,90,12.0,2,4
47.08,3828.44,29.38,2020.0,서그내로53번길 41,연립다세대,37.24069422,127.0700268,11,19,2195,20,1,106,0,,0,,0,,0,,0,,1,148,3,70.0,0,,0.0,,12.0,2.0,서그내로53번길 31,4362.6218181818185,Unknown,11,23,31,64,111,103,15.0,2,4
28.79,15820.0,0.0,2022.0,서그내로 63,연립다세대,37.2420843,127.0722695,13,17,1727,18,3,39,0,,0,,0,,0,,1,112.0,7,28,15,107.0,0,,0.0,,11.0,1.0,서그내로 61,15820.0,Unknown,11,44,30,80,112,103,12.0,0,1
22.86,1130.0,90.4,2022.0,서그내로 63,연립다세대,37.2420843,127.0722695,13,17,1727,18,3,39,0,,0,,0,,0,,1,112.0,7,28,15,107.0,0,,0.0,,11.0,1.0,서그내로 61,2773.636363636364,Unknown,11,44,30,80,112,103,12.0,0,1
28.79,15820.0,0.0,2022.0,서그내로 63,연립다세대,37.2420843,127.0722695,13,17,1727,18,3,39,0,,0,,0,,0,,1,112.0,7,28,15,107.0,0,,0.0,,11.0,1.0,서그내로 61,15820.0,Unknown,11,44,30,80,112,103,12.0,0,1
28.79,5650.0,67.8,2022.0,서그내로 63,연립다세대,37.2420843,127.0722695,13,17,1727,18,3,39,0,,0,,0,,0,,1,112.0,7,28,15,107.0,0,,0.0,,11.0,1.0,서그내로 61,6882.727272727273,Unknown,11,44,30,80,112,103,12.0,0,1
28.79,15820.0,0.0,2022.0,서그내로 63,연립다세대,37.2420843,127.0722695,13,17,1727,18,3,39,0,,0,,0,,0,,1,112.0,7,28,15,107.0,0,,0.0,,11.0,1.0,서그내로 61,15820.0,Unknown,11,44,30,80,112,103,12.0,0,1
44.52,16950.0,0.0,2022.0,서그내로 61,연립다세대,37.24216795,127.0724701,13,17,1727,18,3,39,0,,0,,0,,0,,1,112.0,7,28,15,107.0,0,,0.0,,11.0,1.0,서그내로 61,16950.0,Unknown,11,44,30,80,112,103,12.0,0,1
44.52,16950.0,0.0,2022.0,서그내로 61,연립다세대,37.24216795,127.0724701,13,17,1727,18,3,39,0,,0,,0,,0,,1,112.0,7,28,15,107.0,0,,0.0,,11.0,1.0,서그내로 61,16950.0,Unknown,11,44,30,80,112,103,12.0,0,1
14.13,2260.0,73.45,2024.0,예현로35번길 32,연립다세대,37.24137365,127.0662886,1,23,2168,21,2,40,0,,0,,0,,0,,0,,3,97,6,23.0,0,,0.0,,36.0,26.0,예현로35번길 32,3595.454545454545,Unknown,13,11,31,29,138,90,12.0,2,4
14.13,2260.0,73.45,2024.0,예현로35번길 32,연립다세대,37.24137365,127.0662886,1,23,2168,21,2,40,0,,0,,0,,0,,0,,3,97,6,23.0,0,,0.0,,36.0,26.0,예현로35번길 32,3595.454545454545,Unknown,13,11,31,29,138,90,12.0,2,4
20.64,11300.0,11.3,2023.0,서그내로53번길 40-1,연립다세대,37.24109643,127.0695717,11,19,2195,20,1,106,0,,0,,0,,0,,0,,1,148,3,70.0,0,,0.0,,12.0,2.0,서그내로53번길 31,11505.454545454546,Unknown,11,23,31,64,111,103,15.0,1,3
20.64,12430.0,0.0,2023.0,서그내로53번길 40-1,연립다세대,37.24109643,127.0695717,11,19,2195,20,1,106,0,,0,,0,,0,,0,,1,148,3,70.0,0,,0.0,,12.0,2.0,서그내로53번길 31,12430.0,Unknown,11,23,31,64,111,103,15.0,1,3
20.64,12430.0,0.0,2023.0,서그내로53번길 40-1,연립다세대,37.24109643,127.0695717,11,19,2195,20,1,106,0,,0,,0,,0,,0,,1,148,3,70.0,0,,0.0,,12.0,2.0,서그내로53번길 31,12430.0,Unknown,11,23,31,64,111,103,15.0,1,3
18.59,3390.0,67.8,2024.0,예현로35번길 32,연립다세대,37.24137365,127.0662886,1,23,2168,21,2,40,0,,0,,0,,0,,0,,3,97,6,23.0,0,,0.0,,36.0,26.0,예현로35번길 32,4622.727272727273,Unknown,13,11,31,29,138,90,12.0,2,4
19.7272,5650.0,45.2,2020.0,서그내로53번길 24,연립다세대,37.241556,127.0715486,13,17,2195,18,3,39,0,,0,,0,,0,,1,112.0,7,28,15,107.0,0,,0.0,,12.0,2.0,서그내로53번길 31,6471.818181818182,Unknown,11,23,31,64,111,103,15.0,0,4
22.86,5650.0,50.85,2022.0,서그내로 63,연립다세대,37.2420843,127.0722695,13,17,1727,18,3,39,0,,0,,0,,0,,1,112.0,7,28,15,107.0,0,,0.0,,11.0,1.0,서그내로 61,6574.545454545455,Unknown,11,44,30,80,112,103,12.0,0,1
38.59,13978.1,0.0,2014.0,서그내로53번길 11-1,연립다세대,37.24174866,127.0727274,13,17,1727,18,3,39,0,,0,,0,,0,,1,112.0,7,28,15,107.0,0,,0.0,,11.0,1.0,서그내로 61,13978.1,Unknown,11,44,30,80,112,103,12.0,0,2
18.72,9040.0,20.34,2023.0,서그내로53번길 40-1,연립다세대,37.24109643,127.0695717,11,19,2195,20,1,106,0,,0,,0,,0,,0,,1,148,3,70.0,0,,0.0,,12.0,2.0,서그내로53번길 31,9409.818181818182,Unknown,11,23,31,64,111,103,15.0,1,3
18.72,9040.0,20.34,2023.0,서그내로53번길 40-1,연립다세대,37.24109643,127.0695717,11,19,2195,20,1,106,0,,0,,0,,0,,0,,1,148,3,70.0,0,,0.0,,12.0,2.0,서그내로53번길 31,9409.818181818182,Unknown,11,23,31,64,111,103,15.0,1,3
18.59,5650.0,56.5,2024.0,예현로35번길 32,연립다세대,37.24137365,127.0662886,1,23,2168,21,2,40,0,,0,,0,,0,,0,,3,97,6,23.0,0,,0.0,,36.0,26.0,예현로35번길 32,6677.272727272727,Unknown,13,11,31,29,138,90,12.0,2,4
22.86,5650.0,56.5,2022.0,서그내로 63,연립다세대,37.2420843,127.0722695,13,17,1727,18,3,39,0,,0,,0,,0,,1,112.0,7,28,15,107.0,0,,0.0,,11.0,1.0,서그내로 61,6677.272727272727,Unknown,11,44,30,80,112,103,12.0,0,1
22.8,12430.0,0.0,2024.0,예현로35번길 32,연립다세대,37.24137365,127.0662886,1,23,2168,21,2,40,0,,0,,0,,0,,0,,3,97,6,23.0,0,,0.0,,36.0,26.0,예현로35번길 32,12430.0,Unknown,13,11,31,29,138,90,12.0,2,4
22.8,12430.0,0.0,2024.0,예현로35번길 32,연립다세대,37.24137365,127.0662886,1,23,2168,21,2,40,0,,0,,0,,0,,0,,3,97,6,23.0,0,,0.0,,36.0,26.0,예현로35번길 32,12430.0,Unknown,13,11,31,29,138,90,12.0,2,4
25.39,5650.0,62.15,2024.0,예현로35번길 32,연립다세대,37.24137365,127.0662886,1,23,2168,21,2,40,0,,0,,0,,0,,0,,3,97,6,23.0,0,,0.0,,36.0,26.0,예현로35번길 32,6780.0,Unknown,13,11,31,29,138,90,12.0,2,4
21.36,5650.0,62.15,2024.0,예현로35번길 32,연립다세대,37.24137365,127.0662886,1,23,2168,21,2,40,0,,0,,0,,0,,0,,3,97,6,23.0,0,,0.0,,36.0,26.0,예현로35번길 32,6780.0,Unknown,13,11,31,29,138,90,12.0,2,4
18.59,2825.0,67.8,2024.0,예현로35번길 32,연립다세대,37.24137365,127.0662886,1,23,2168,21,2,40,0,,0,,0,,0,,0,,3,97,6,23.0,0,,0.0,,36.0,26.0,예현로35번길 32,4057.727272727273,Unknown,13,11,31,29,138,90,12.0,2,4
18.59,5650.0,56.5,2024.0,예현로35번길 32,연립다세대,37.24137365,127.0662886,1,23,2168,21,2,40,0,,0,,0,,0,,0,,3,97,6,23.0,0,,0.0,,36.0,26.0,예현로35번길 32,6677.272727272727,Unknown,13,11,31,29,138,90,12.0,2,4
37.51,20340.0,0.0,2024.0,예현로35번길 32,연립다세대,37.24137365,127.0662886,1,23,2168,21,2,40,0,,0,,0,,0,,0,,3,97,6,23.0,0,,0.0,,36.0,26.0,예현로35번길 32,20340.0,Unknown,13,11,31,29,138,90,12.0,2,4
25.39,13560.0,0.0,2024.0,예현로35번길 32,연립다세대,37.24137365,127.0662886,1,23,2168,21,2,40,0,,0,,0,,0,,0,,3,97,6,23.0,0,,0.0,,36.0,26.0,예현로35번길 32,13560.0,Unknown,13,11,31,29,138,90,12.0,2,4
31.56,15820.0,0.0,2024.0,예현로35번길 32,연립다세대,37.24137365,127.0662886,1,23,2168,21,2,40,0,,0,,0,,0,,0,,3,97,6,23.0,0,,0.0,,36.0,26.0,예현로35번길 32,15820.0,Unknown,13,11,31,29,138,90,12.0,2,4
36.05,20340.0,0.0,2024.0,예현로35번길 32,연립다세대,37.24137365,127.0662886,1,23,2168,21,2,40,0,,0,,0,,0,,0,,3,97,6,23.0,0,,0.0,,36.0,26.0,예현로35번길 32,20340.0,Unknown,13,11,31,29,138,90,12.0,2,4
37.51,20340.0,0.0,2024.0,예현로35번길 32,연립다세대,37.24137365,127.0662886,1,23,2168,21,2,40,0,,0,,0,,0,,0,,3,97,6,23.0,0,,0.0,,36.0,26.0,예현로35번길 32,20340.0,Unknown,13,11,31,29,138,90,12.0,2,4
18.59,2260.0,73.45,2024.0,예현로35번길 32,연립다세대,37.24137365,127.0662886,1,23,2168,21,2,40,0,,0,,0,,0,,0,,3,97,6,23.0,0,,0.0,,36.0,26.0,예현로35번길 32,3595.454545454545,Unknown,13,11,31,29,138,90,12.0,2,4
25.39,5650.0,62.15,2024.0,예현로35번길 32,연립다세대,37.24137365,127.0662886,1,23,2168,21,2,40,0,,0,,0,,0,,0,,3,97,6,23.0,0,,0.0,,36.0,26.0,예현로35번길 32,6780.0,Unknown,13,11,31,29,138,90,12.0,2,4
25.39,5650.0,62.15,2024.0,예현로35번길 32,연립다세대,37.24137365,127.0662886,1,23,2168,21,2,40,0,,0,,0,,0,,0,,3,97,6,23.0,0,,0.0,,36.0,26.0,예현로35번길 32,6780.0,Unknown,13,11,31,29,138,90,12.0,2,4
19.7272,5650.0,45.2,2020.0,서그내로53번길 24,연립다세대,37.241556,127.0715486,13,17,2195,18,3,39,0,,0,,0,,0,,1,112.0,7,28,15,107.0,0,,0.0,,12.0,2.0,서그내로53번길 31,6471.818181818182,Unknown,11,23,31,64,111,103,15.0,0,4
19.3984,5650.0,45.2,2020.0,서그내로53번길 24,연립다세대,37.241556,127.0715486,13,17,2195,18,3,39,0,,0,,0,,0,,1,112.0,7,28,15,107.0,0,,0.0,,12.0,2.0,서그내로53번길 31,6471.818181818182,Unknown,11,23,31,64,111,103,15.0,0,4
35.24,226.0,56.5,1998.0,예현로35번길 5-13,연립다세대,37.24319556,127.0680041,1,23,2176,21,2,40,0,,0,,0,,0,,0,,3,97,6,23.0,0,,0.0,,13.0,3.0,서그내로62번길 35,1253.2727272727273,Unknown,11,28,38,44,131,101,15.0,0,6
25.39,13560.0,0.0,2024.0,예현로35번길 32,연립다세대,37.24137365,127.0662886,1,23,2168,21,2,40,0,,0,,0,,0,,0,,3,97,6,23.0,0,,0.0,,36.0,26.0,예현로35번길 32,13560.0,Unknown,13,11,31,29,138,90,12.0,2,4
20.67,5650.0,56.5,2023.0,서그내로53번길 3-5,연립다세대,37.24231621,127.073921,3,14,1661,13,2,54,0,,0,,0,,0,,1,189.0,3,65,7,39.0,0,,0.0,,10.0,0.0,서그내로 43,6677.272727272727,서향,11,44,27,85,113,103,13.0,0,3
20.67,5650.0,56.5,2023.0,서그내로53번길 3-5,연립다세대,37.24231621,127.073921,3,14,1661,13,2,54,0,,0,,0,,0,,1,189.0,3,65,7,39.0,0,,0.0,,10.0,0.0,서그내로 43,6677.272727272727,서향,11,44,27,85,113,103,13.0,0,3
23.05,2260.0,79.1,2022.0,서그내로 61,연립다세대,37.24216795,127.0724701,13,17,1727,18,3,39,0,,0,,0,,0,,1,112.0,7,28,15,107.0,0,,0.0,,11.0,1.0,서그내로 61,3698.181818181818,Unknown,11,44,30,80,112,103,12.0,0,1
19.3984,5650.0,45.2,2020.0,서그내로53번길 24,연립다세대,37.241556,127.0715486,13,17,2195,18,3,39,0,,0,,0,,0,,1,112.0,7,28,15,107.0,0,,0.0,,12.0,2.0,서그내로53번길 31,6471.818181818182,Unknown,11,23,31,64,111,103,15.0,0,4
21.18,1130.0,56.5,2015.0,서그내로62번길 42,연립다세대,37.24291591,127.067901,1,23,2176,21,2,40,0,,0,,0,,0,,0,,3,97,6,23.0,0,,0.0,,13.0,3.0,서그내로62번길 35,2157.272727272727,동향,11,28,38,44,131,101,15.0,1,4
19.3984,5650.0,42.94,2020.0,서그내로53번길 24,연립다세대,37.241556,127.0715486,13,17,2195,18,3,39,0,,0,,0,,0,,1,112.0,7,28,15,107.0,0,,0.0,,12.0,2.0,서그내로53번길 31,6430.727272727273,Unknown,11,23,31,64,111,103,15.0,0,4
29.14,14690.0,0.0,2015.0,서그내로62번길 42,연립다세대,37.24291591,127.067901,1,23,2176,21,2,40,0,,0,,0,,0,,0,,3,97,6,23.0,0,,0.0,,13.0,3.0,서그내로62번길 35,14690.0,동향,11,28,38,44,131,101,15.0,1,4
13.2,339.0,38.42,2012.0,서그내로16번길 27,연립다세대,37.245079,127.0705474,13,17,1632,18,3,39,0,,0,,0,,0,,1,112.0,7,28,15,107.0,0,,0.0,,37.0,27.0,서그내로16번길 27,1037.5454545454545,동향,10,21,39,75,137,101,16.0,0,0
20.0,500.0,39.0,2001.0,청명로43번길,다가구,37.25122722,127.0804941,4,106,1687,48,5,29,0,,2,110.0,2,134.0,1,159.0,0,,12,74,15,37.0,1,186.0,2.0,158.0,28.0,18.0,청명로43번길,1209.090909090909,서향,16,0,37,0,93,45,5.0,0,0
27.0,300.0,50.0,,매영로415번길,다가구,37.24926384,127.0767878,0,18,1184,21,5,73,0,,2,54.0,0,,1,192.0,1,160.0,15,30,15,70.0,0,,2.0,150.0,18.0,8.0,매영로415번길,1209.090909090909,서향,26,2,51,28,110,81,12.0,0,4
23.8,500.0,40.0,2001.0,청명남로50번길,다가구,37.25344537,127.0770957,15,28,2343,22,5,46,0,,1,103.0,2,111.0,3,111.0,0,,15,66,15,34.0,1,123.0,9.0,84.0,29.0,19.0,청명남로50번길,1227.2727272727273,서향,19,0,49,0,108,32,8.0,0,1
26.0,500.0,43.0,2001.0,매영로,다가구,37.27011763,127.0434533,2,84,2195,39,1,189,0,,0,,0,,0,,0,,1,57,2,42.0,0,,0.0,,-1.0,,,1281.818181818182,서향,0,0,0,0,0,0,,0,1
23.0,500.0,41.0,2000.0,매영로,다가구,37.27011763,127.0434533,2,84,2195,39,1,189,0,,0,,0,,0,,0,,1,57,2,42.0,0,,0.0,,-1.0,,,1245.4545454545455,서향,0,0,0,0,0,0,,0,1
57.0,,75.0,1999.0,청명로59번길,다가구,37.25238872,127.0797521,4,106,2013,48,5,29,0,,2,110.0,2,134.0,1,159.0,0,,12,74,15,37.0,1,186.0,2.0,158.0,30.0,20.0,청명북로7번길,,서향,19,0,42,0,99,38,1.0,0,0
21.0,200.0,28.0,2002.0,영일로21번길,다가구,37.2500458,127.0760096,0,18,1207,21,5,73,0,,2,54.0,0,,1,192.0,1,160.0,15,30,15,70.0,0,,2.0,150.0,19.0,9.0,영일로21번길,709.090909090909,동향,26,0,57,24,118,78,14.0,0,2
22.0,,20.0,2001.0,반달로,다가구,37.25136983,127.0780484,4,106,1624,48,5,29,0,,2,110.0,2,134.0,1,159.0,0,,12,74,15,37.0,1,186.0,2.0,158.0,31.0,21.0,반달로,,남향,27,0,55,0,104,48,8.0,0,0
25.0,,0.0,2002.0,덕영대로1681번길,다가구,37.2480919,127.0753141,14,14,1031,11,3,27,0,,0,,0,,1,77.0,2,146.0,15,36,15,11.0,1,158.0,1.0,84.0,20.0,10.0,덕영대로1681번길,,동향,26,28,48,36,124,98,15.0,1,3
45.0,,0.0,2001.0,봉영로1482번길,단독,37.24532934,127.0665258,5,27,1983,11,2,27,0,,2,172.0,1,172.0,0,,4,20.0,15,23,0,,1,181.0,,,35.0,25.0,봉영로1482번길,,Unknown,16,9,36,17,145,98,16.0,0,8
45.0,,0.0,2001.0,봉영로1482번길,단독,37.24532934,127.0665258,5,27,1983,11,2,27,0,,2,172.0,1,172.0,0,,4,20.0,15,23,0,,1,181.0,,,35.0,25.0,봉영로1482번길,,Unknown,16,9,36,17,145,98,16.0,0,8
21.0,,32.0,2001.0,봉영로1482번길,다가구,37.24532934,127.0665258,5,27,1983,11,2,27,0,,2,172.0,1,172.0,0,,4,20.0,15,23,0,,1,181.0,,,35.0,25.0,봉영로1482번길,,Unknown,16,9,36,17,145,98,16.0,0,8
26.0,,35.0,2001.0,덕영대로1681번길,단독,37.2480919,127.0753141,14,14,1031,11,3,27,0,,0,,0,,1,77.0,2,146.0,15,36,15,11.0,1,158.0,1.0,84.0,20.0,10.0,덕영대로1681번길,,동향,26,28,48,36,124,98,15.0,1,3
21.0,500.0,40.0,2001.0,봉영로1482번길,다가구,37.24532934,127.0665258,5,27,1983,11,2,27,0,,2,172.0,1,172.0,0,,4,20.0,15,23,0,,1,181.0,,,35.0,25.0,봉영로1482번길,1227.2727272727273,Unknown,16,9,36,17,145,98,16.0,0,8
21.0,,0.0,2001.0,덕영대로1681번길,단독,37.2480919,127.0753141,14,14,1031,11,3,27,0,,0,,0,,1,77.0,2,146.0,15,36,15,11.0,1,158.0,1.0,84.0,20.0,10.0,덕영대로1681번길,,동향,26,28,48,36,124,98,15.0,1,3
25.0,,0.0,2002.0,청명로,다가구,37.24870316,127.0795838,0,18,1345,21,5,73,0,,2,54.0,0,,1,192.0,1,160.0,15,30,15,70.0,0,,2.0,150.0,21.0,11.0,청명로,,서향,21,3,38,14,95,80,10.0,0,2
24.0,,0.0,2001.0,반달로,단독,37.25136983,127.0780484,4,106,1624,48,5,29,0,,2,110.0,2,134.0,1,159.0,0,,12,74,15,37.0,1,186.0,2.0,158.0,31.0,21.0,반달로,,남향,27,0,55,0,104,48,8.0,0,0
20.0,300.0,32.0,,매영로415번길,다가구,37.24926384,127.0767878,0,18,1184,21,5,73,0,,2,54.0,0,,1,192.0,1,160.0,15,30,15,70.0,0,,2.0,150.0,18.0,8.0,매영로415번길,881.8181818181819,서향,26,2,51,28,110,81,12.0,0,4
20.0,500.0,38.0,1999.0,덕영대로1673번길,단독,37.24816244,127.0743831,14,14,1031,11,3,27,0,,0,,0,,1,77.0,2,146.0,15,36,15,11.0,1,158.0,1.0,84.0,20.0,10.0,덕영대로1681번길,1190.909090909091,동향,26,28,48,36,124,98,15.0,0,4
20.0,500.0,36.0,2001.0,청명남로12번길,단독,37.25082627,127.0747557,10,22,1635,14,3,61,0,,2,176.0,1,58.0,1,190.0,1,144.0,15,15,15,34.0,1,96.0,3.0,175.0,22.0,12.0,청명남로12번길,1154.5454545454545,서향,20,0,54,9,125,63,16.0,0,3
26.0,500.0,40.0,1999.0,청명북로,다가구,37.25200089,127.0786442,4,106,2013,48,5,29,0,,2,110.0,2,134.0,1,159.0,0,,12,74,15,37.0,1,186.0,2.0,158.0,30.0,20.0,청명북로7번길,1227.2727272727273,동향,19,0,42,0,99,38,1.0,0,0
20.0,500.0,41.0,2000.0,청명북로7번길,단독,37.25230411,127.0789528,4,106,2013,48,5,29,0,,2,110.0,2,134.0,1,159.0,0,,12,74,15,37.0,1,186.0,2.0,158.0,30.0,20.0,청명북로7번길,1245.4545454545455,서향,19,0,42,0,99,38,1.0,0,0
28.0,500.0,45.0,1999.0,청명남로12번길,다가구,37.25082627,127.0747557,10,22,1635,14,3,61,0,,2,176.0,1,58.0,1,190.0,1,144.0,15,15,15,34.0,1,96.0,3.0,175.0,22.0,12.0,청명남로12번길,1318.181818181818,서향,20,0,54,9,125,63,16.0,0,3
22.86,300.0,36.0,2001.0,영일로,단독,37.24791274,127.0754779,14,14,1031,11,3,27,0,,0,,0,,1,77.0,2,146.0,15,36,15,11.0,1,158.0,1.0,84.0,20.0,10.0,덕영대로1681번길,954.5454545454544,동향,26,28,48,36,124,98,15.0,0,4
40.0,600.0,56.0,2001.0,청명로59번길,다가구,37.25238872,127.0797521,4,106,2013,48,5,29,0,,2,110.0,2,134.0,1,159.0,0,,12,74,15,37.0,1,186.0,2.0,158.0,30.0,20.0,청명북로7번길,1618.181818181818,서향,19,0,42,0,99,38,1.0,0,0
22.86,300.0,36.0,2001.0,영일로,다가구,37.24791274,127.0754779,14,14,1031,11,3,27,0,,0,,0,,1,77.0,2,146.0,15,36,15,11.0,1,158.0,1.0,84.0,20.0,10.0,덕영대로1681번길,954.5454545454544,동향,26,28,48,36,124,98,15.0,0,4
28.0,500.0,45.0,2000.0,청명남로50번길,다가구,37.25344537,127.0770957,15,28,2343,22,5,46,0,,1,103.0,2,111.0,3,111.0,0,,15,66,15,34.0,1,123.0,9.0,84.0,29.0,19.0,청명남로50번길,1318.181818181818,서향,19,0,49,0,108,32,8.0,0,1
23.0,500.0,44.0,2002.0,반달로,다가구,37.25136983,127.0780484,4,106,1624,48,5,29,0,,2,110.0,2,134.0,1,159.0,0,,12,74,15,37.0,1,186.0,2.0,158.0,31.0,21.0,반달로,1300.0,남향,27,0,55,0,104,48,8.0,0,0
26.4,200.0,32.0,1999.0,청명로59번길,단독,37.25238872,127.0797521,4,106,2013,48,5,29,0,,2,110.0,2,134.0,1,159.0,0,,12,74,15,37.0,1,186.0,2.0,158.0,30.0,20.0,청명북로7번길,781.8181818181819,서향,19,0,42,0,99,38,1.0,0,0
23.0,,20.0,2001.0,영일로,다가구,37.24791274,127.0754779,14,14,1031,11,3,27,0,,0,,0,,1,77.0,2,146.0,15,36,15,11.0,1,158.0,1.0,84.0,20.0,10.0,덕영대로1681번길,,동향,26,28,48,36,124,98,15.0,0,4
26.0,300.0,39.0,2000.0,,다가구,37.21517012,127.0378417,7,102,833,37,6,32,0,,3,170.0,0,,0,,1,122.0,9,58,15,20.0,0,,1.0,74.0,,,,1009.0909090909092,동향,0,0,0,0,0,0,,0,5
25.0,500.0,40.0,2000.0,매영로398번길,다가구,37.24891486,127.0750246,14,14,1125,11,3,27,0,,0,,0,,1,77.0,2,146.0,15,36,15,11.0,1,158.0,1.0,84.0,23.0,13.0,매영로398번길,1227.2727272727273,동향,21,9,55,33,125,96,16.0,2,3
26.0,,16.0,2001.0,매영로415번길,다가구,37.24926384,127.0767878,0,18,1184,21,5,73,0,,2,54.0,0,,1,192.0,1,160.0,15,30,15,70.0,0,,2.0,150.0,18.0,8.0,매영로415번길,,서향,26,2,51,28,110,81,12.0,0,4
22.0,300.0,41.0,1999.0,청명남로4번길,다가구,37.25000708,127.0739079,10,22,1276,14,3,61,0,,2,176.0,1,58.0,1,190.0,1,144.0,15,15,15,34.0,1,96.0,3.0,175.0,24.0,14.0,청명남로4번길,1045.4545454545455,서향,17,0,53,24,131,86,16.0,1,4
25.0,,0.0,2000.0,봉영로1492번길,다가구,37.24579719,127.0668252,5,27,1983,11,2,27,0,,2,172.0,1,172.0,0,,4,20.0,15,23,0,,1,181.0,,,35.0,25.0,봉영로1482번길,,Unknown,16,9,36,17,145,98,16.0,1,8
22.0,300.0,38.0,2000.0,청명남로50번길,다가구,37.25344537,127.0770957,15,28,2343,22,5,46,0,,1,103.0,2,111.0,3,111.0,0,,15,66,15,34.0,1,123.0,9.0,84.0,29.0,19.0,청명남로50번길,990.9090909090908,서향,19,0,49,0,108,32,8.0,0,1
20.0,,31.0,,반달로,다가구,37.25136983,127.0780484,4,106,1624,48,5,29,0,,2,110.0,2,134.0,1,159.0,0,,12,74,15,37.0,1,186.0,2.0,158.0,31.0,21.0,반달로,,남향,27,0,55,0,104,48,8.0,0,0
22.0,300.0,41.0,1999.0,청명남로4번길,다가구,37.25000708,127.0739079,10,22,1276,14,3,61,0,,2,176.0,1,58.0,1,190.0,1,144.0,15,15,15,34.0,1,96.0,3.0,175.0,24.0,14.0,청명남로4번길,1045.4545454545455,서향,17,0,53,24,131,86,16.0,1,4
30.0,,0.0,2004.0,청명로21번길,다가구,37.24987045,127.0791242,0,18,1556,21,5,73,0,,2,54.0,0,,1,192.0,1,160.0,15,30,15,70.0,0,,2.0,150.0,25.0,15.0,청명로21번길,,동향,23,0,46,9,97,70,9.0,0,0
20.0,500.0,42.0,1999.0,매영로398번길,다가구,37.24891486,127.0750246,14,14,1125,11,3,27,0,,0,,0,,1,77.0,2,146.0,15,36,15,11.0,1,158.0,1.0,84.0,23.0,13.0,매영로398번길,1263.6363636363635,동향,21,9,55,33,125,96,16.0,2,3
22.0,,29.0,2001.0,반달로,다가구,37.25136983,127.0780484,4,106,1624,48,5,29,0,,2,110.0,2,134.0,1,159.0,0,,12,74,15,37.0,1,186.0,2.0,158.0,31.0,21.0,반달로,,남향,27,0,55,0,104,48,8.0,0,0
24.0,500.0,41.0,2001.0,청명남로12번길,다가구,37.25082627,127.0747557,10,22,1635,14,3,61,0,,2,176.0,1,58.0,1,190.0,1,144.0,15,15,15,34.0,1,96.0,3.0,175.0,22.0,12.0,청명남로12번길,1245.4545454545455,서향,20,0,54,9,125,63,16.0,0,3
24.0,500.0,44.0,2000.0,청명로59번길,다가구,37.25238872,127.0797521,4,106,2013,48,5,29,0,,2,110.0,2,134.0,1,159.0,0,,12,74,15,37.0,1,186.0,2.0,158.0,30.0,20.0,청명북로7번길,1300.0,서향,19,0,42,0,99,38,1.0,0,0
26.0,,0.0,2000.0,청명북로7번길,다가구,37.25230411,127.0789528,4,106,2013,48,5,29,0,,2,110.0,2,134.0,1,159.0,0,,12,74,15,37.0,1,186.0,2.0,158.0,30.0,20.0,청명북로7번길,,서향,19,0,42,0,99,38,1.0,0,0
26.0,500.0,44.0,2000.0,청명북로7번길,다가구,37.25230411,127.0789528,4,106,2013,48,5,29,0,,2,110.0,2,134.0,1,159.0,0,,12,74,15,37.0,1,186.0,2.0,158.0,30.0,20.0,청명북로7번길,1300.0,서향,19,0,42,0,99,38,1.0,0,0
23.0,300.0,35.0,2001.0,봉영로1482번길,단독,37.24532934,127.0665258,5,27,1983,11,2,27,0,,2,172.0,1,172.0,0,,4,20.0,15,23,0,,1,181.0,,,35.0,25.0,봉영로1482번길,936.3636363636364,Unknown,16,9,36,17,145,98,16.0,0,8
20.0,200.0,31.0,2010.0,청명로59번길,다가구,37.25238872,127.0797521,4,106,2013,48,5,29,0,,2,110.0,2,134.0,1,159.0,0,,12,74,15,37.0,1,186.0,2.0,158.0,30.0,20.0,청명북로7번길,763.6363636363636,서향,19,0,42,0,99,38,1.0,0,0
22.0,500.0,42.0,2001.0,청명로43번길,다가구,37.25122722,127.0804941,4,106,1687,48,5,29,0,,2,110.0,2,134.0,1,159.0,0,,12,74,15,37.0,1,186.0,2.0,158.0,28.0,18.0,청명로43번길,1263.6363636363635,서향,16,0,37,0,93,45,5.0,0,0
22.0,500.0,35.0,2000.0,반달로,단독,37.25136983,127.0780484,4,106,1624,48,5,29,0,,2,110.0,2,134.0,1,159.0,0,,12,74,15,37.0,1,186.0,2.0,158.0,31.0,21.0,반달로,1136.3636363636365,남향,27,0,55,0,104,48,8.0,0,0
30.0,300.0,50.0,,매영로415번길,다가구,37.24926384,127.0767878,0,18,1184,21,5,73,0,,2,54.0,0,,1,192.0,1,160.0,15,30,15,70.0,0,,2.0,150.0,18.0,8.0,매영로415번길,1209.090909090909,서향,26,2,51,28,110,81,12.0,0,4
24.0,500.0,40.0,2001.0,청명남로50번길,다가구,37.25344537,127.0770957,15,28,2343,22,5,46,0,,1,103.0,2,111.0,3,111.0,0,,15,66,15,34.0,1,123.0,9.0,84.0,29.0,19.0,청명남로50번길,1227.2727272727273,서향,19,0,49,0,108,32,8.0,0,1
25.0,500.0,43.0,2000.0,청명로,다가구,37.24870316,127.0795838,0,18,1345,21,5,73,0,,2,54.0,0,,1,192.0,1,160.0,15,30,15,70.0,0,,2.0,150.0,21.0,11.0,청명로,1281.818181818182,서향,21,3,38,14,95,80,10.0,0,2
26.0,,20.0,2001.0,청명북로7번길,단독,37.25230411,127.0789528,4,106,2013,48,5,29,0,,2,110.0,2,134.0,1,159.0,0,,12,74,15,37.0,1,186.0,2.0,158.0,30.0,20.0,청명북로7번길,,서향,19,0,42,0,99,38,1.0,0,0
45.0,500.0,70.0,1998.0,청명로21번길,다가구,37.24987045,127.0791242,0,18,1556,21,5,73,0,,2,54.0,0,,1,192.0,1,160.0,15,30,15,70.0,0,,2.0,150.0,25.0,15.0,청명로21번길,1772.7272727272727,동향,23,0,46,9,97,70,9.0,0,0
29.59,500.0,43.0,2000.0,청명로77번길,다가구,37.25351842,127.078502,15,28,2050,22,5,46,0,,1,103.0,2,111.0,3,111.0,0,,15,66,15,34.0,1,123.0,9.0,84.0,32.0,22.0,청명로77번길,1281.818181818182,서향,17,0,41,0,102,32,2.0,0,1
20.0,500.0,36.0,2002.0,청명로,다가구,37.24870316,127.0795838,0,18,1345,21,5,73,0,,2,54.0,0,,1,192.0,1,160.0,15,30,15,70.0,0,,2.0,150.0,21.0,11.0,청명로,1154.5454545454545,서향,21,3,38,14,95,80,10.0,0,2
22.0,,0.0,2001.0,영일로,다가구,37.24791274,127.0754779,14,14,1031,11,3,27,0,,0,,0,,1,77.0,2,146.0,15,36,15,11.0,1,158.0,1.0,84.0,20.0,10.0,덕영대로1681번길,,동향,26,28,48,36,124,98,15.0,0,4
22.0,300.0,32.0,2001.0,청명로59번길,단독,37.25238872,127.0797521,4,106,2013,48,5,29,0,,2,110.0,2,134.0,1,159.0,0,,12,74,15,37.0,1,186.0,2.0,158.0,30.0,20.0,청명북로7번길,881.8181818181819,서향,19,0,42,0,99,38,1.0,0,0
26.0,500.0,43.0,2001.0,청명남로50번길,단독,37.25344537,127.0770957,15,28,2343,22,5,46,0,,1,103.0,2,111.0,3,111.0,0,,15,66,15,34.0,1,123.0,9.0,84.0,29.0,19.0,청명남로50번길,1281.818181818182,서향,19,0,49,0,108,32,8.0,0,1
24.34,500.0,40.0,2001.0,반달로,다가구,37.25136983,127.0780484,4,106,1624,48,5,29,0,,2,110.0,2,134.0,1,159.0,0,,12,74,15,37.0,1,186.0,2.0,158.0,31.0,21.0,반달로,1227.2727272727273,남향,27,0,55,0,104,48,8.0,0,0
22.0,,11.0,,영일로,단독,37.24791274,127.0754779,14,14,1031,11,3,27,0,,0,,0,,1,77.0,2,146.0,15,36,15,11.0,1,158.0,1.0,84.0,20.0,10.0,덕영대로1681번길,,동향,26,28,48,36,124,98,15.0,0,4
26.0,300.0,52.0,2000.0,매영로415번길,다가구,37.24926384,127.0767878,0,18,1184,21,5,73,0,,2,54.0,0,,1,192.0,1,160.0,15,30,15,70.0,0,,2.0,150.0,18.0,8.0,매영로415번길,1245.4545454545455,서향,26,2,51,28,110,81,12.0,0,4
24.0,500.0,55.0,2001.0,청명로21번길,다가구,37.24987045,127.0791242,0,18,1556,21,5,73,0,,2,54.0,0,,1,192.0,1,160.0,15,30,15,70.0,0,,2.0,150.0,25.0,15.0,청명로21번길,1500.0,동향,23,0,46,9,97,70,9.0,0,0
27.0,500.0,42.0,1998.0,영일로,단독,37.24791274,127.0754779,14,14,1031,11,3,27,0,,0,,0,,1,77.0,2,146.0,15,36,15,11.0,1,158.0,1.0,84.0,20.0,10.0,덕영대로1681번길,1263.6363636363635,동향,26,28,48,36,124,98,15.0,0,4
23.0,500.0,41.0,,청명북로7번길,단독,37.25230411,127.0789528,4,106,2013,48,5,29,0,,2,110.0,2,134.0,1,159.0,0,,12,74,15,37.0,1,186.0,2.0,158.0,30.0,20.0,청명북로7번길,1245.4545454545455,서향,19,0,42,0,99,38,1.0,0,0
21.0,500.0,41.0,2000.0,매영로415번길,다가구,37.24926384,127.0767878,0,18,1184,21,5,73,0,,2,54.0,0,,1,192.0,1,160.0,15,30,15,70.0,0,,2.0,150.0,18.0,8.0,매영로415번길,1245.4545454545455,서향,26,2,51,28,110,81,12.0,0,4
44.0,500.0,43.0,1999.0,청명로,다가구,37.24870316,127.0795838,0,18,1345,21,5,73,0,,2,54.0,0,,1,192.0,1,160.0,15,30,15,70.0,0,,2.0,150.0,21.0,11.0,청명로,1281.818181818182,서향,21,3,38,14,95,80,10.0,0,2
48.0,500.0,65.0,1999.0,매영로398번길,다가구,37.24891486,127.0750246,14,14,1125,11,3,27,0,,0,,0,,1,77.0,2,146.0,15,36,15,11.0,1,158.0,1.0,84.0,23.0,13.0,매영로398번길,1681.8181818181818,동향,21,9,55,33,125,96,16.0,2,3
23.1,500.0,44.0,,매영로398번길,다가구,37.24891486,127.0750246,14,14,1125,11,3,27,0,,0,,0,,1,77.0,2,146.0,15,36,15,11.0,1,158.0,1.0,84.0,23.0,13.0,매영로398번길,1300.0,동향,21,9,55,33,125,96,16.0,2,3
26.0,500.0,44.0,2000.0,청명북로7번길,다가구,37.25230411,127.0789528,4,106,2013,48,5,29,0,,2,110.0,2,134.0,1,159.0,0,,12,74,15,37.0,1,186.0,2.0,158.0,30.0,20.0,청명북로7번길,1300.0,서향,19,0,42,0,99,38,1.0,0,0
22.0,200.0,27.0,2000.0,덕영대로1681번길,다가구,37.2480919,127.0753141,14,14,1031,11,3,27,0,,0,,0,,1,77.0,2,146.0,15,36,15,11.0,1,158.0,1.0,84.0,20.0,10.0,덕영대로1681번길,690.909090909091,동향,26,28,48,36,124,98,15.0,1,3
24.0,500.0,45.0,2001.0,매영로415번길,다가구,37.24926384,127.0767878,0,18,1184,21,5,73,0,,2,54.0,0,,1,192.0,1,160.0,15,30,15,70.0,0,,2.0,150.0,18.0,8.0,매영로415번길,1318.181818181818,서향,26,2,51,28,110,81,12.0,0,4
30.0,500.0,43.0,2000.0,영일로21번길,다가구,37.2500458,127.0760096,0,18,1207,21,5,73,0,,2,54.0,0,,1,192.0,1,160.0,15,30,15,70.0,0,,2.0,150.0,19.0,9.0,영일로21번길,1281.818181818182,동향,26,0,57,24,118,78,14.0,0,2
27.0,,34.0,2000.0,매영로398번길,다가구,37.24891486,127.0750246,14,14,1125,11,3,27,0,,0,,0,,1,77.0,2,146.0,15,36,15,11.0,1,158.0,1.0,84.0,23.0,13.0,매영로398번길,,동향,21,9,55,33,125,96,16.0,2,3
23.0,500.0,46.0,2001.0,청명로59번길,다가구,37.25238872,127.0797521,4,106,2013,48,5,29,0,,2,110.0,2,134.0,1,159.0,0,,12,74,15,37.0,1,186.0,2.0,158.0,30.0,20.0,청명북로7번길,1336.3636363636365,서향,19,0,42,0,99,38,1.0,0,0
23.0,500.0,45.0,2001.0,매영로,다가구,37.27011763,127.0434533,2,84,2195,39,1,189,0,,0,,0,,0,,0,,1,57,2,42.0,0,,0.0,,-1.0,,,1318.181818181818,서향,0,0,0,0,0,0,,0,1
19.0,,32.0,,반달로,다가구,37.25136983,127.0780484,4,106,1624,48,5,29,0,,2,110.0,2,134.0,1,159.0,0,,12,74,15,37.0,1,186.0,2.0,158.0,31.0,21.0,반달로,,남향,27,0,55,0,104,48,8.0,0,0
22.0,500.0,40.0,2002.0,청명남로12번길,다가구,37.25082627,127.0747557,10,22,1635,14,3,61,0,,2,176.0,1,58.0,1,190.0,1,144.0,15,15,15,34.0,1,96.0,3.0,175.0,22.0,12.0,청명남로12번길,1227.2727272727273,서향,20,0,54,9,125,63,16.0,0,3
40.0,,72.0,2022.0,영통로351번길,다가구,37.25715617,127.0646219,8,42,1184,28,2,70,0,,2,70.0,0,,0,,0,,1,72,6,26.0,0,,0.0,,-1.0,,,,Unknown,0,0,0,0,0,0,,0,2
50.0,,35.0,1998.0,영일로,다가구,37.24791274,127.0754779,14,14,1031,11,3,27,0,,0,,0,,1,77.0,2,146.0,15,36,15,11.0,1,158.0,1.0,84.0,20.0,10.0,덕영대로1681번길,,동향,26,28,48,36,124,98,15.0,0,4
20.0,500.0,36.0,2000.0,덕영대로1681번길,다가구,37.2480919,127.0753141,14,14,1031,11,3,27,0,,0,,0,,1,77.0,2,146.0,15,36,15,11.0,1,158.0,1.0,84.0,20.0,10.0,덕영대로1681번길,1154.5454545454545,동향,26,28,48,36,124,98,15.0,1,3
22.0,300.0,40.0,2001.0,청명남로50번길,다가구,37.25344537,127.0770957,15,28,2343,22,5,46,0,,1,103.0,2,111.0,3,111.0,0,,15,66,15,34.0,1,123.0,9.0,84.0,29.0,19.0,청명남로50번길,1027.2727272727273,서향,19,0,49,0,108,32,8.0,0,1
25.0,500.0,50.0,2004.0,매영로393번길,다가구,37.24989093,127.0749981,10,22,1214,14,3,61,0,,2,176.0,1,58.0,1,190.0,1,144.0,15,15,15,34.0,1,96.0,3.0,175.0,26.0,16.0,매영로393번길,1409.090909090909,서향,21,0,57,27,124,86,17.0,1,3
20.0,,0.0,2000.0,영일로,다가구,37.24791274,127.0754779,14,14,1031,11,3,27,0,,0,,0,,1,77.0,2,146.0,15,36,15,11.0,1,158.0,1.0,84.0,20.0,10.0,덕영대로1681번길,,동향,26,28,48,36,124,98,15.0,0,4
26.0,500.0,43.0,2001.0,청명남로4번길,다가구,37.25000708,127.0739079,10,22,1276,14,3,61,0,,2,176.0,1,58.0,1,190.0,1,144.0,15,15,15,34.0,1,96.0,3.0,175.0,24.0,14.0,청명남로4번길,1281.818181818182,서향,17,0,53,24,131,86,16.0,1,4
23.0,500.0,36.0,1999.0,청명로59번길,다가구,37.25238872,127.0797521,4,106,2013,48,5,29,0,,2,110.0,2,134.0,1,159.0,0,,12,74,15,37.0,1,186.0,2.0,158.0,30.0,20.0,청명북로7번길,1154.5454545454545,서향,19,0,42,0,99,38,1.0,0,0
28.4,500.0,45.0,2003.0,청명남로50번길,다가구,37.25344537,127.0770957,15,28,2343,22,5,46,0,,1,103.0,2,111.0,3,111.0,0,,15,66,15,34.0,1,123.0,9.0,84.0,29.0,19.0,청명남로50번길,1318.181818181818,서향,19,0,49,0,108,32,8.0,0,1
24.0,500.0,46.0,2000.0,매영로398번길,다가구,37.24891486,127.0750246,14,14,1125,11,3,27,0,,0,,0,,1,77.0,2,146.0,15,36,15,11.0,1,158.0,1.0,84.0,23.0,13.0,매영로398번길,1336.3636363636365,동향,21,9,55,33,125,96,16.0,2,3
25.0,500.0,50.0,,매영로393번길,다가구,37.24989093,127.0749981,10,22,1214,14,3,61,0,,2,176.0,1,58.0,1,190.0,1,144.0,15,15,15,34.0,1,96.0,3.0,175.0,26.0,16.0,매영로393번길,1409.090909090909,서향,21,0,57,27,124,86,17.0,1,3
25.0,500.0,44.0,,매영로398번길,다가구,37.24891486,127.0750246,14,14,1125,11,3,27,0,,0,,0,,1,77.0,2,146.0,15,36,15,11.0,1,158.0,1.0,84.0,23.0,13.0,매영로398번길,1300.0,동향,21,9,55,33,125,96,16.0,2,3
16.5,500.0,29.0,2003.0,봉영로1482번길,다가구,37.24532934,127.0665258,5,27,1983,11,2,27,0,,2,172.0,1,172.0,0,,4,20.0,15,23,0,,1,181.0,,,35.0,25.0,봉영로1482번길,1027.2727272727273,Unknown,16,9,36,17,145,98,16.0,0,8
24.0,500.0,43.0,2001.0,청명남로50번길,다가구,37.25344537,127.0770957,15,28,2343,22,5,46,0,,1,103.0,2,111.0,3,111.0,0,,15,66,15,34.0,1,123.0,9.0,84.0,29.0,19.0,청명남로50번길,1281.818181818182,서향,19,0,49,0,108,32,8.0,0,1
29.14,300.0,45.0,1999.0,매영로415번길,다가구,37.24926384,127.0767878,0,18,1184,21,5,73,0,,2,54.0,0,,1,192.0,1,160.0,15,30,15,70.0,0,,2.0,150.0,18.0,8.0,매영로415번길,1118.181818181818,서향,26,2,51,28,110,81,12.0,0,4
21.76,500.0,21.0,2002.0,봉영로1482번길,다가구,37.24532934,127.0665258,5,27,1983,11,2,27,0,,2,172.0,1,172.0,0,,4,20.0,15,23,0,,1,181.0,,,35.0,25.0,봉영로1482번길,881.8181818181818,Unknown,16,9,36,17,145,98,16.0,0,8
21.0,500.0,41.0,2000.0,청명로59번길,다가구,37.25238872,127.0797521,4,106,2013,48,5,29,0,,2,110.0,2,134.0,1,159.0,0,,12,74,15,37.0,1,186.0,2.0,158.0,30.0,20.0,청명북로7번길,1245.4545454545455,서향,19,0,42,0,99,38,1.0,0,0
20.85,200.0,28.0,2001.0,청명로43번길,다가구,37.25122722,127.0804941,4,106,1687,48,5,29,0,,2,110.0,2,134.0,1,159.0,0,,12,74,15,37.0,1,186.0,2.0,158.0,28.0,18.0,청명로43번길,709.090909090909,서향,16,0,37,0,93,45,5.0,0,0
23.0,500.0,41.0,2000.0,매영로,다가구,37.27011763,127.0434533,2,84,2195,39,1,189,0,,0,,0,,0,,0,,1,57,2,42.0,0,,0.0,,-1.0,,,1245.4545454545455,서향,0,0,0,0,0,0,,0,1
21.0,,15.0,1998.0,청명남로4번길,다가구,37.25000708,127.0739079,10,22,1276,14,3,61,0,,2,176.0,1,58.0,1,190.0,1,144.0,15,15,15,34.0,1,96.0,3.0,175.0,24.0,14.0,청명남로4번길,,서향,17,0,53,24,131,86,16.0,1,4
21.0,500.0,42.0,2001.0,청명남로12번길,다가구,37.25082627,127.0747557,10,22,1635,14,3,61,0,,2,176.0,1,58.0,1,190.0,1,144.0,15,15,15,34.0,1,96.0,3.0,175.0,22.0,12.0,청명남로12번길,1263.6363636363635,서향,20,0,54,9,125,63,16.0,0,3
26.4,500.0,46.0,2000.0,덕영대로1681번길,단독,37.2480919,127.0753141,14,14,1031,11,3,27,0,,0,,0,,1,77.0,2,146.0,15,36,15,11.0,1,158.0,1.0,84.0,20.0,10.0,덕영대로1681번길,1336.3636363636365,동향,26,28,48,36,124,98,15.0,1,3
23.0,500.0,39.0,2001.0,매영로415번길,다가구,37.24926384,127.0767878,0,18,1184,21,5,73,0,,2,54.0,0,,1,192.0,1,160.0,15,30,15,70.0,0,,2.0,150.0,18.0,8.0,매영로415번길,1209.090909090909,서향,26,2,51,28,110,81,12.0,0,4
24.0,500.0,47.0,2000.0,덕영대로1681번길,다가구,37.2480919,127.0753141,14,14,1031,11,3,27,0,,0,,0,,1,77.0,2,146.0,15,36,15,11.0,1,158.0,1.0,84.0,20.0,10.0,덕영대로1681번길,1354.5454545454545,동향,26,28,48,36,124,98,15.0,1,3
30.0,300.0,50.0,,매영로415번길,다가구,37.24926384,127.0767878,0,18,1184,21,5,73,0,,2,54.0,0,,1,192.0,1,160.0,15,30,15,70.0,0,,2.0,150.0,18.0,8.0,매영로415번길,1209.090909090909,서향,26,2,51,28,110,81,12.0,0,4
23.0,500.0,35.0,2001.0,봉영로1492번길,단독,37.24579719,127.0668252,5,27,1983,11,2,27,0,,2,172.0,1,172.0,0,,4,20.0,15,23,0,,1,181.0,,,35.0,25.0,봉영로1482번길,1136.3636363636365,Unknown,16,9,36,17,145,98,16.0,1,8
50.0,,76.0,2004.0,매영로393번길,다가구,37.24989093,127.0749981,10,22,1214,14,3,61,0,,2,176.0,1,58.0,1,190.0,1,144.0,15,15,15,34.0,1,96.0,3.0,175.0,26.0,16.0,매영로393번길,,서향,21,0,57,27,124,86,17.0,1,3
21.0,500.0,36.0,2001.0,청명로59번길,다가구,37.25238872,127.0797521,4,106,2013,48,5,29,0,,2,110.0,2,134.0,1,159.0,0,,12,74,15,37.0,1,186.0,2.0,158.0,30.0,20.0,청명북로7번길,1154.5454545454545,서향,19,0,42,0,99,38,1.0,0,0
24.0,500.0,50.0,,덕영대로1681번길,다가구,37.2480919,127.0753141,14,14,1031,11,3,27,0,,0,,0,,1,77.0,2,146.0,15,36,15,11.0,1,158.0,1.0,84.0,20.0,10.0,덕영대로1681번길,1409.090909090909,동향,26,28,48,36,124,98,15.0,1,3
27.0,500.0,41.0,2000.0,매영로398번길,다가구,37.24891486,127.0750246,14,14,1125,11,3,27,0,,0,,0,,1,77.0,2,146.0,15,36,15,11.0,1,158.0,1.0,84.0,23.0,13.0,매영로398번길,1245.4545454545455,동향,21,9,55,33,125,96,16.0,2,3
26.0,500.0,45.0,2001.0,매영로415번길,다가구,37.24926384,127.0767878,0,18,1184,21,5,73,0,,2,54.0,0,,1,192.0,1,160.0,15,30,15,70.0,0,,2.0,150.0,18.0,8.0,매영로415번길,1318.181818181818,서향,26,2,51,28,110,81,12.0,0,4
240.8,500.0,45.0,2001.0,청명북로,단독,37.25200089,127.0786442,4,106,2013,48,5,29,0,,2,110.0,2,134.0,1,159.0,0,,12,74,15,37.0,1,186.0,2.0,158.0,30.0,20.0,청명북로7번길,1318.181818181818,동향,19,0,42,0,99,38,1.0,0,0
31.03,500.0,38.0,2004.0,봉영로1482번길,단독,37.24532934,127.0665258,5,27,1983,11,2,27,0,,2,172.0,1,172.0,0,,4,20.0,15,23,0,,1,181.0,,,35.0,25.0,봉영로1482번길,1190.909090909091,Unknown,16,9,36,17,145,98,16.0,0,8
23.0,,0.0,2001.0,반달로,단독,37.25136983,127.0780484,4,106,1624,48,5,29,0,,2,110.0,2,134.0,1,159.0,0,,12,74,15,37.0,1,186.0,2.0,158.0,31.0,21.0,반달로,,남향,27,0,55,0,104,48,8.0,0,0
21.0,,0.0,2001.0,반달로,단독,37.25136983,127.0780484,4,106,1624,48,5,29,0,,2,110.0,2,134.0,1,159.0,0,,12,74,15,37.0,1,186.0,2.0,158.0,31.0,21.0,반달로,,남향,27,0,55,0,104,48,8.0,0,0
27.0,,0.0,2001.0,청명남로50번길,단독,37.25344537,127.0770957,15,28,2343,22,5,46,0,,1,103.0,2,111.0,3,111.0,0,,15,66,15,34.0,1,123.0,9.0,84.0,29.0,19.0,청명남로50번길,,서향,19,0,49,0,108,32,8.0,0,1
31.0,700.0,40.0,2004.0,봉영로1482번길,다가구,37.24532934,127.0665258,5,27,1983,11,2,27,0,,2,172.0,1,172.0,0,,4,20.0,15,23,0,,1,181.0,,,35.0,25.0,봉영로1482번길,1427.2727272727273,Unknown,16,9,36,17,145,98,16.0,0,8
29.0,,0.0,1999.0,매영로415번길,다가구,37.24926384,127.0767878,0,18,1184,21,5,73,0,,2,54.0,0,,1,192.0,1,160.0,15,30,15,70.0,0,,2.0,150.0,18.0,8.0,매영로415번길,,서향,26,2,51,28,110,81,12.0,0,4
29.0,500.0,42.0,1999.0,매영로415번길,다가구,37.24926384,127.0767878,0,18,1184,21,5,73,0,,2,54.0,0,,1,192.0,1,160.0,15,30,15,70.0,0,,2.0,150.0,18.0,8.0,매영로415번길,1263.6363636363635,서향,26,2,51,28,110,81,12.0,0,4
28.88,500.0,43.0,2000.0,청명북로7번길,다가구,37.25230411,127.0789528,4,106,2013,48,5,29,0,,2,110.0,2,134.0,1,159.0,0,,12,74,15,37.0,1,186.0,2.0,158.0,30.0,20.0,청명북로7번길,1281.818181818182,서향,19,0,42,0,99,38,1.0,0,0
26.0,300.0,41.0,2000.0,청명남로50번길,다가구,37.25344537,127.0770957,15,28,2343,22,5,46,0,,1,103.0,2,111.0,3,111.0,0,,15,66,15,34.0,1,123.0,9.0,84.0,29.0,19.0,청명남로50번길,1045.4545454545455,서향,19,0,49,0,108,32,8.0,0,1
21.0,,0.0,2002.0,매영로425번길,다가구,37.24886123,127.0779064,0,18,1237,21,5,73,0,,2,54.0,0,,1,192.0,1,160.0,15,30,15,70.0,0,,2.0,150.0,27.0,17.0,매영로425번길,,동향,26,6,49,27,103,80,8.0,0,5
22.0,500.0,43.0,2001.0,청명로59번길,다가구,37.25238872,127.0797521,4,106,2013,48,5,29,0,,2,110.0,2,134.0,1,159.0,0,,12,74,15,37.0,1,186.0,2.0,158.0,30.0,20.0,청명북로7번길,1281.818181818182,서향,19,0,42,0,99,38,1.0,0,0
18.0,500.0,43.0,2002.0,청명남로4번길,다가구,37.25000708,127.0739079,10,22,1276,14,3,61,0,,2,176.0,1,58.0,1,190.0,1,144.0,15,15,15,34.0,1,96.0,3.0,175.0,24.0,14.0,청명남로4번길,1281.818181818182,서향,17,0,53,24,131,86,16.0,1,4
28.0,500.0,49.0,2001.0,반달로,다가구,37.25136983,127.0780484,4,106,1624,48,5,29,0,,2,110.0,2,134.0,1,159.0,0,,12,74,15,37.0,1,186.0,2.0,158.0,31.0,21.0,반달로,1390.909090909091,남향,27,0,55,0,104,48,8.0,0,0
20.0,500.0,35.0,2002.0,청명로,다가구,37.24870316,127.0795838,0,18,1345,21,5,73,0,,2,54.0,0,,1,192.0,1,160.0,15,30,15,70.0,0,,2.0,150.0,21.0,11.0,청명로,1136.3636363636365,서향,21,3,38,14,95,80,10.0,0,2
25.0,300.0,34.0,2001.0,매영로,다가구,37.27011763,127.0434533,2,84,2195,39,1,189,0,,0,,0,,0,,0,,1,57,2,42.0,0,,0.0,,-1.0,,,918.181818181818,서향,0,0,0,0,0,0,,0,1
25.0,,0.0,2001.0,청명남로4번길,다가구,37.25000708,127.0739079,10,22,1276,14,3,61,0,,2,176.0,1,58.0,1,190.0,1,144.0,15,15,15,34.0,1,96.0,3.0,175.0,24.0,14.0,청명남로4번길,,서향,17,0,53,24,131,86,16.0,1,4
37.0,,66.0,2002.0,매영로415번길,다가구,37.24926384,127.0767878,0,18,1184,21,5,73,0,,2,54.0,0,,1,192.0,1,160.0,15,30,15,70.0,0,,2.0,150.0,18.0,8.0,매영로415번길,,서향,26,2,51,28,110,81,12.0,0,4
26.0,500.0,45.0,2001.0,매영로415번길,단독,37.24926384,127.0767878,0,18,1184,21,5,73,0,,2,54.0,0,,1,192.0,1,160.0,15,30,15,70.0,0,,2.0,150.0,18.0,8.0,매영로415번길,1318.181818181818,서향,26,2,51,28,110,81,12.0,0,4
26.0,,40.0,2000.0,매영로415번길,다가구,37.24926384,127.0767878,0,18,1184,21,5,73,0,,2,54.0,0,,1,192.0,1,160.0,15,30,15,70.0,0,,2.0,150.0,18.0,8.0,매영로415번길,,서향,26,2,51,28,110,81,12.0,0,4
22.0,300.0,42.0,2001.0,매영로398번길,다가구,37.24891486,127.0750246,14,14,1125,11,3,27,0,,0,,0,,1,77.0,2,146.0,15,36,15,11.0,1,158.0,1.0,84.0,23.0,13.0,매영로398번길,1063.6363636363635,동향,21,9,55,33,125,96,16.0,2,3
28.0,300.0,45.0,2001.0,매영로393번길,다가구,37.24989093,127.0749981,10,22,1214,14,3,61,0,,2,176.0,1,58.0,1,190.0,1,144.0,15,15,15,34.0,1,96.0,3.0,175.0,26.0,16.0,매영로393번길,1118.181818181818,서향,21,0,57,27,124,86,17.0,1,3
20.0,300.0,41.0,1999.0,청명남로4번길,다가구,37.25000708,127.0739079,10,22,1276,14,3,61,0,,2,176.0,1,58.0,1,190.0,1,144.0,15,15,15,34.0,1,96.0,3.0,175.0,24.0,14.0,청명남로4번길,1045.4545454545455,서향,17,0,53,24,131,86,16.0,1,4
26.4,500.0,50.0,2001.0,매영로,단독,37.27011763,127.0434533,2,84,2195,39,1,189,0,,0,,0,,0,,0,,1,57,2,42.0,0,,0.0,,-1.0,,,1409.090909090909,서향,0,0,0,0,0,0,,0,1
25.0,,0.0,2000.0,봉영로1492번길,다가구,37.24579719,127.0668252,5,27,1983,11,2,27,0,,2,172.0,1,172.0,0,,4,20.0,15,23,0,,1,181.0,,,35.0,25.0,봉영로1482번길,,Unknown,16,9,36,17,145,98,16.0,1,8
19.0,500.0,42.0,2000.0,청명로59번길,다가구,37.25238872,127.0797521,4,106,2013,48,5,29,0,,2,110.0,2,134.0,1,159.0,0,,12,74,15,37.0,1,186.0,2.0,158.0,30.0,20.0,청명북로7번길,1263.6363636363635,서향,19,0,42,0,99,38,1.0,0,0
25.76,400.0,47.0,2001.0,청명북로7번길,단독,37.25230411,127.0789528,4,106,2013,48,5,29,0,,2,110.0,2,134.0,1,159.0,0,,12,74,15,37.0,1,186.0,2.0,158.0,30.0,20.0,청명북로7번길,1254.5454545454545,서향,19,0,42,0,99,38,1.0,0,0
20.0,500.0,40.0,2000.0,청명로,다가구,37.24870316,127.0795838,0,18,1345,21,5,73,0,,2,54.0,0,,1,192.0,1,160.0,15,30,15,70.0,0,,2.0,150.0,21.0,11.0,청명로,1227.2727272727273,서향,21,3,38,14,95,80,10.0,0,2
24.0,500.0,39.0,2001.0,청명로21번길,다가구,37.24987045,127.0791242,0,18,1556,21,5,73,0,,2,54.0,0,,1,192.0,1,160.0,15,30,15,70.0,0,,2.0,150.0,25.0,15.0,청명로21번길,1209.090909090909,동향,23,0,46,9,97,70,9.0,0,0
24.0,500.0,37.0,1999.0,청명로59번길,다가구,37.25238872,127.0797521,4,106,2013,48,5,29,0,,2,110.0,2,134.0,1,159.0,0,,12,74,15,37.0,1,186.0,2.0,158.0,30.0,20.0,청명북로7번길,1172.7272727272727,서향,19,0,42,0,99,38,1.0,0,0
26.0,500.0,40.0,2001.0,봉영로1482번길,다가구,37.24532934,127.0665258,5,27,1983,11,2,27,0,,2,172.0,1,172.0,0,,4,20.0,15,23,0,,1,181.0,,,35.0,25.0,봉영로1482번길,1227.2727272727273,Unknown,16,9,36,17,145,98,16.0,0,8
22.0,300.0,36.0,2001.0,청명남로50번길,다가구,37.25344537,127.0770957,15,28,2343,22,5,46,0,,1,103.0,2,111.0,3,111.0,0,,15,66,15,34.0,1,123.0,9.0,84.0,29.0,19.0,청명남로50번길,954.5454545454544,서향,19,0,49,0,108,32,8.0,0,1
26.0,300.0,41.0,2000.0,청명남로50번길,다가구,37.25344537,127.0770957,15,28,2343,22,5,46,0,,1,103.0,2,111.0,3,111.0,0,,15,66,15,34.0,1,123.0,9.0,84.0,29.0,19.0,청명남로50번길,1045.4545454545455,서향,19,0,49,0,108,32,8.0,0,1
21.0,500.0,40.0,2000.0,청명로59번길,다가구,37.25238872,127.0797521,4,106,2013,48,5,29,0,,2,110.0,2,134.0,1,159.0,0,,12,74,15,37.0,1,186.0,2.0,158.0,30.0,20.0,청명북로7번길,1227.2727272727273,서향,19,0,42,0,99,38,1.0,0,0
22.0,500.0,41.0,2001.0,청명로59번길,다가구,37.25238872,127.0797521,4,106,2013,48,5,29,0,,2,110.0,2,134.0,1,159.0,0,,12,74,15,37.0,1,186.0,2.0,158.0,30.0,20.0,청명북로7번길,1245.4545454545455,서향,19,0,42,0,99,38,1.0,0,0
20.0,,0.0,2001.0,봉영로1482번길,다가구,37.24532934,127.0665258,5,27,1983,11,2,27,0,,2,172.0,1,172.0,0,,4,20.0,15,23,0,,1,181.0,,,35.0,25.0,봉영로1482번길,,Unknown,16,9,36,17,145,98,16.0,0,8
26.0,500.0,45.0,2000.0,덕영대로1681번길,단독,37.2480919,127.0753141,14,14,1031,11,3,27,0,,0,,0,,1,77.0,2,146.0,15,36,15,11.0,1,158.0,1.0,84.0,20.0,10.0,덕영대로1681번길,1318.181818181818,동향,26,28,48,36,124,98,15.0,1,3
39.0,,55.0,2000.0,청명남로12번길,단독,37.25082627,127.0747557,10,22,1635,14,3,61,0,,2,176.0,1,58.0,1,190.0,1,144.0,15,15,15,34.0,1,96.0,3.0,175.0,22.0,12.0,청명남로12번길,,서향,20,0,54,9,125,63,16.0,0,3
24.0,500.0,41.0,2000.0,매영로415번길,다가구,37.24926384,127.0767878,0,18,1184,21,5,73,0,,2,54.0,0,,1,192.0,1,160.0,15,30,15,70.0,0,,2.0,150.0,18.0,8.0,매영로415번길,1245.4545454545455,서향,26,2,51,28,110,81,12.0,0,4
24.41,500.0,46.0,2000.0,매영로415번길,다가구,37.24926384,127.0767878,0,18,1184,21,5,73,0,,2,54.0,0,,1,192.0,1,160.0,15,30,15,70.0,0,,2.0,150.0,18.0,8.0,매영로415번길,1336.3636363636365,서향,26,2,51,28,110,81,12.0,0,4
30.0,500.0,40.0,2000.0,청명북로7번길,다가구,37.25230411,127.0789528,4,106,2013,48,5,29,0,,2,110.0,2,134.0,1,159.0,0,,12,74,15,37.0,1,186.0,2.0,158.0,30.0,20.0,청명북로7번길,1227.2727272727273,서향,19,0,42,0,99,38,1.0,0,0
28.0,500.0,45.0,2002.0,매영로415번길,다가구,37.24926384,127.0767878,0,18,1184,21,5,73,0,,2,54.0,0,,1,192.0,1,160.0,15,30,15,70.0,0,,2.0,150.0,18.0,8.0,매영로415번길,1318.181818181818,서향,26,2,51,28,110,81,12.0,0,4
23.1,300.0,44.0,2000.0,매영로398번길,다가구,37.24891486,127.0750246,14,14,1125,11,3,27,0,,0,,0,,1,77.0,2,146.0,15,36,15,11.0,1,158.0,1.0,84.0,23.0,13.0,매영로398번길,1100.0,동향,21,9,55,33,125,96,16.0,2,3
24.34,500.0,40.0,2001.0,반달로,다가구,37.25136983,127.0780484,4,106,1624,48,5,29,0,,2,110.0,2,134.0,1,159.0,0,,12,74,15,37.0,1,186.0,2.0,158.0,31.0,21.0,반달로,1227.2727272727273,남향,27,0,55,0,104,48,8.0,0,0
26.0,,0.0,2001.0,청명남로50번길,다가구,37.25344537,127.0770957,15,28,2343,22,5,46,0,,1,103.0,2,111.0,3,111.0,0,,15,66,15,34.0,1,123.0,9.0,84.0,29.0,19.0,청명남로50번길,,서향,19,0,49,0,108,32,8.0,0,1
23.0,500.0,35.0,2000.0,청명로59번길,다가구,37.25238872,127.0797521,4,106,2013,48,5,29,0,,2,110.0,2,134.0,1,159.0,0,,12,74,15,37.0,1,186.0,2.0,158.0,30.0,20.0,청명북로7번길,1136.3636363636365,서향,19,0,42,0,99,38,1.0,0,0
20.0,,0.0,2000.0,매영로398번길,다가구,37.24891486,127.0750246,14,14,1125,11,3,27,0,,0,,0,,1,77.0,2,146.0,15,36,15,11.0,1,158.0,1.0,84.0,23.0,13.0,매영로398번길,,동향,21,9,55,33,125,96,16.0,2,3
23.0,500.0,45.0,,청명로,다가구,37.24870316,127.0795838,0,18,1345,21,5,73,0,,2,54.0,0,,1,192.0,1,160.0,15,30,15,70.0,0,,2.0,150.0,21.0,11.0,청명로,1318.181818181818,서향,21,3,38,14,95,80,10.0,0,2
22.0,500.0,44.0,2000.0,매영로415번길,단독,37.24926384,127.0767878,0,18,1184,21,5,73,0,,2,54.0,0,,1,192.0,1,160.0,15,30,15,70.0,0,,2.0,150.0,18.0,8.0,매영로415번길,1300.0,서향,26,2,51,28,110,81,12.0,0,4
19.83,300.0,32.0,2011.0,영통로345번길,단독,37.25627384,127.0638588,8,42,1184,28,2,70,0,,2,70.0,0,,0,,0,,1,72,6,26.0,0,,0.0,,-1.0,,,881.8181818181819,Unknown,0,0,0,0,0,0,,0,1
24.0,500.0,45.0,,매영로415번길,다가구,37.24926384,127.0767878,0,18,1184,21,5,73,0,,2,54.0,0,,1,192.0,1,160.0,15,30,15,70.0,0,,2.0,150.0,18.0,8.0,매영로415번길,1318.181818181818,서향,26,2,51,28,110,81,12.0,0,4
28.88,500.0,43.0,2000.0,청명북로7번길,다가구,37.25230411,127.0789528,4,106,2013,48,5,29,0,,2,110.0,2,134.0,1,159.0,0,,12,74,15,37.0,1,186.0,2.0,158.0,30.0,20.0,청명북로7번길,1281.818181818182,서향,19,0,42,0,99,38,1.0,0,0
19.0,300.0,36.0,2000.0,청명로59번길,다가구,37.25238872,127.0797521,4,106,2013,48,5,29,0,,2,110.0,2,134.0,1,159.0,0,,12,74,15,37.0,1,186.0,2.0,158.0,30.0,20.0,청명북로7번길,954.5454545454544,서향,19,0,42,0,99,38,1.0,0,0
23.0,500.0,42.0,2000.0,매영로415번길,다가구,37.24926384,127.0767878,0,18,1184,21,5,73,0,,2,54.0,0,,1,192.0,1,160.0,15,30,15,70.0,0,,2.0,150.0,18.0,8.0,매영로415번길,1263.6363636363635,서향,26,2,51,28,110,81,12.0,0,4
22.0,300.0,50.0,,매영로415번길,다가구,37.24926384,127.0767878,0,18,1184,21,5,73,0,,2,54.0,0,,1,192.0,1,160.0,15,30,15,70.0,0,,2.0,150.0,18.0,8.0,매영로415번길,1209.090909090909,서향,26,2,51,28,110,81,12.0,0,4
19.0,,42.0,,반달로,다가구,37.25136983,127.0780484,4,106,1624,48,5,29,0,,2,110.0,2,134.0,1,159.0,0,,12,74,15,37.0,1,186.0,2.0,158.0,31.0,21.0,반달로,,남향,27,0,55,0,104,48,8.0,0,0
26.0,,47.0,,반달로,다가구,37.25136983,127.0780484,4,106,1624,48,5,29,0,,2,110.0,2,134.0,1,159.0,0,,12,74,15,37.0,1,186.0,2.0,158.0,31.0,21.0,반달로,,남향,27,0,55,0,104,48,8.0,0,0
20.0,500.0,40.0,2000.0,청명로59번길,다가구,37.25238872,127.0797521,4,106,2013,48,5,29,0,,2,110.0,2,134.0,1,159.0,0,,12,74,15,37.0,1,186.0,2.0,158.0,30.0,20.0,청명북로7번길,1227.2727272727273,서향,19,0,42,0,99,38,1.0,0,0
22.0,500.0,41.0,2001.0,매영로398번길,다가구,37.24891486,127.0750246,14,14,1125,11,3,27,0,,0,,0,,1,77.0,2,146.0,15,36,15,11.0,1,158.0,1.0,84.0,23.0,13.0,매영로398번길,1245.4545454545455,동향,21,9,55,33,125,96,16.0,2,3
24.0,500.0,40.0,2000.0,청명로59번길,단독,37.25238872,127.0797521,4,106,2013,48,5,29,0,,2,110.0,2,134.0,1,159.0,0,,12,74,15,37.0,1,186.0,2.0,158.0,30.0,20.0,청명북로7번길,1227.2727272727273,서향,19,0,42,0,99,38,1.0,0,0
26.4,500.0,45.0,2001.0,덕영대로1681번길,단독,37.2480919,127.0753141,14,14,1031,11,3,27,0,,0,,0,,1,77.0,2,146.0,15,36,15,11.0,1,158.0,1.0,84.0,20.0,10.0,덕영대로1681번길,1318.181818181818,동향,26,28,48,36,124,98,15.0,1,3
25.0,500.0,40.0,2002.0,봉영로1492번길,다가구,37.24579719,127.0668252,5,27,1983,11,2,27,0,,2,172.0,1,172.0,0,,4,20.0,15,23,0,,1,181.0,,,35.0,25.0,봉영로1482번길,1227.2727272727273,Unknown,16,9,36,17,145,98,16.0,1,8
20.0,500.0,35.0,,매영로415번길,다가구,37.24926384,127.0767878,0,18,1184,21,5,73,0,,2,54.0,0,,1,192.0,1,160.0,15,30,15,70.0,0,,2.0,150.0,18.0,8.0,매영로415번길,1136.3636363636365,서향,26,2,51,28,110,81,12.0,0,4
25.0,500.0,50.0,2004.0,매영로393번길,다가구,37.24989093,127.0749981,10,22,1214,14,3,61,0,,2,176.0,1,58.0,1,190.0,1,144.0,15,15,15,34.0,1,96.0,3.0,175.0,26.0,16.0,매영로393번길,1409.090909090909,서향,21,0,57,27,124,86,17.0,1,3
22.0,500.0,42.0,2001.0,청명북로,다가구,37.25200089,127.0786442,4,106,2013,48,5,29,0,,2,110.0,2,134.0,1,159.0,0,,12,74,15,37.0,1,186.0,2.0,158.0,30.0,20.0,청명북로7번길,1263.6363636363635,동향,19,0,42,0,99,38,1.0,0,0
30.0,500.0,45.0,2000.0,청명남로50번길,다가구,37.25344537,127.0770957,15,28,2343,22,5,46,0,,1,103.0,2,111.0,3,111.0,0,,15,66,15,34.0,1,123.0,9.0,84.0,29.0,19.0,청명남로50번길,1318.181818181818,서향,19,0,49,0,108,32,8.0,0,1
22.0,500.0,44.0,2001.0,매영로398번길,다가구,37.24891486,127.0750246,14,14,1125,11,3,27,0,,0,,0,,1,77.0,2,146.0,15,36,15,11.0,1,158.0,1.0,84.0,23.0,13.0,매영로398번길,1300.0,동향,21,9,55,33,125,96,16.0,2,3
30.0,500.0,50.0,2004.0,매영로393번길,다가구,37.24989093,127.0749981,10,22,1214,14,3,61,0,,2,176.0,1,58.0,1,190.0,1,144.0,15,15,15,34.0,1,96.0,3.0,175.0,26.0,16.0,매영로393번길,1409.090909090909,서향,21,0,57,27,124,86,17.0,1,3
22.0,,48.0,2003.0,매영로425번길,단독,37.24886123,127.0779064,0,18,1237,21,5,73,0,,2,54.0,0,,1,192.0,1,160.0,15,30,15,70.0,0,,2.0,150.0,27.0,17.0,매영로425번길,,동향,26,6,49,27,103,80,8.0,0,5
22.0,500.0,40.0,2001.0,영일로,다가구,37.24791274,127.0754779,14,14,1031,11,3,27,0,,0,,0,,1,77.0,2,146.0,15,36,15,11.0,1,158.0,1.0,84.0,20.0,10.0,덕영대로1681번길,1227.2727272727273,동향,26,28,48,36,124,98,15.0,0,4
13.0,300.0,36.0,2001.0,영일로,다가구,37.24791274,127.0754779,14,14,1031,11,3,27,0,,0,,0,,1,77.0,2,146.0,15,36,15,11.0,1,158.0,1.0,84.0,20.0,10.0,덕영대로1681번길,954.5454545454544,동향,26,28,48,36,124,98,15.0,0,4
30.0,500.0,50.0,,매영로393번길,다가구,37.24989093,127.0749981,10,22,1214,14,3,61,0,,2,176.0,1,58.0,1,190.0,1,144.0,15,15,15,34.0,1,96.0,3.0,175.0,26.0,16.0,매영로393번길,1409.090909090909,서향,21,0,57,27,124,86,17.0,1,3
23.0,500.0,43.0,2001.0,매영로415번길,단독,37.24926384,127.0767878,0,18,1184,21,5,73,0,,2,54.0,0,,1,192.0,1,160.0,15,30,15,70.0,0,,2.0,150.0,18.0,8.0,매영로415번길,1281.818181818182,서향,26,2,51,28,110,81,12.0,0,4
24.0,500.0,40.0,2001.0,청명남로12번길,다가구,37.25082627,127.0747557,10,22,1635,14,3,61,0,,2,176.0,1,58.0,1,190.0,1,144.0,15,15,15,34.0,1,96.0,3.0,175.0,22.0,12.0,청명남로12번길,1227.2727272727273,서향,20,0,54,9,125,63,16.0,0,3
23.27,500.0,47.0,2001.0,영일로,다가구,37.24791274,127.0754779,14,14,1031,11,3,27,0,,0,,0,,1,77.0,2,146.0,15,36,15,11.0,1,158.0,1.0,84.0,20.0,10.0,덕영대로1681번길,1354.5454545454545,동향,26,28,48,36,124,98,15.0,0,4
25.0,300.0,45.0,1999.0,청명남로4번길,다가구,37.25000708,127.0739079,10,22,1276,14,3,61,0,,2,176.0,1,58.0,1,190.0,1,144.0,15,15,15,34.0,1,96.0,3.0,175.0,24.0,14.0,청명남로4번길,1118.181818181818,서향,17,0,53,24,131,86,16.0,1,4
27.0,500.0,40.0,1999.0,청명남로4번길,다가구,37.25000708,127.0739079,10,22,1276,14,3,61,0,,2,176.0,1,58.0,1,190.0,1,144.0,15,15,15,34.0,1,96.0,3.0,175.0,24.0,14.0,청명남로4번길,1227.2727272727273,서향,17,0,53,24,131,86,16.0,1,4
25.0,500.0,47.0,2001.0,청명로59번길,다가구,37.25238872,127.0797521,4,106,2013,48,5,29,0,,2,110.0,2,134.0,1,159.0,0,,12,74,15,37.0,1,186.0,2.0,158.0,30.0,20.0,청명북로7번길,1354.5454545454545,서향,19,0,42,0,99,38,1.0,0,0
23.27,500.0,47.0,2001.0,영일로,다가구,37.24791274,127.0754779,14,14,1031,11,3,27,0,,0,,0,,1,77.0,2,146.0,15,36,15,11.0,1,158.0,1.0,84.0,20.0,10.0,덕영대로1681번길,1354.5454545454545,동향,26,28,48,36,124,98,15.0,0,4
21.0,,0.0,2001.0,청명남로50번길,다가구,37.25344537,127.0770957,15,28,2343,22,5,46,0,,1,103.0,2,111.0,3,111.0,0,,15,66,15,34.0,1,123.0,9.0,84.0,29.0,19.0,청명남로50번길,,서향,19,0,49,0,108,32,8.0,0,1
26.0,,0.0,2001.0,반달로,단독,37.25136983,127.0780484,4,106,1624,48,5,29,0,,2,110.0,2,134.0,1,159.0,0,,12,74,15,37.0,1,186.0,2.0,158.0,31.0,21.0,반달로,,남향,27,0,55,0,104,48,8.0,0,0
23.0,500.0,43.0,2001.0,매영로415번길,다가구,37.24926384,127.0767878,0,18,1184,21,5,73,0,,2,54.0,0,,1,192.0,1,160.0,15,30,15,70.0,0,,2.0,150.0,18.0,8.0,매영로415번길,1281.818181818182,서향,26,2,51,28,110,81,12.0,0,4
22.0,500.0,43.0,2001.0,청명로59번길,다가구,37.25238872,127.0797521,4,106,2013,48,5,29,0,,2,110.0,2,134.0,1,159.0,0,,12,74,15,37.0,1,186.0,2.0,158.0,30.0,20.0,청명북로7번길,1281.818181818182,서향,19,0,42,0,99,38,1.0,0,0
23.0,,0.0,2000.0,매영로415번길,다가구,37.24926384,127.0767878,0,18,1184,21,5,73,0,,2,54.0,0,,1,192.0,1,160.0,15,30,15,70.0,0,,2.0,150.0,18.0,8.0,매영로415번길,,서향,26,2,51,28,110,81,12.0,0,4
21.0,500.0,40.0,2001.0,봉영로1482번길,단독,37.24532934,127.0665258,5,27,1983,11,2,27,0,,2,172.0,1,172.0,0,,4,20.0,15,23,0,,1,181.0,,,35.0,25.0,봉영로1482번길,1227.2727272727273,Unknown,16,9,36,17,145,98,16.0,0,8
20.0,500.0,46.0,1998.0,매영로415번길,다가구,37.24926384,127.0767878,0,18,1184,21,5,73,0,,2,54.0,0,,1,192.0,1,160.0,15,30,15,70.0,0,,2.0,150.0,18.0,8.0,매영로415번길,1336.3636363636365,서향,26,2,51,28,110,81,12.0,0,4
23.0,500.0,39.0,2001.0,청명로59번길,다가구,37.25238872,127.0797521,4,106,2013,48,5,29,0,,2,110.0,2,134.0,1,159.0,0,,12,74,15,37.0,1,186.0,2.0,158.0,30.0,20.0,청명북로7번길,1209.090909090909,서향,19,0,42,0,99,38,1.0,0,0
27.47,500.0,43.0,2001.0,청명북로7번길,단독,37.25230411,127.0789528,4,106,2013,48,5,29,0,,2,110.0,2,134.0,1,159.0,0,,12,74,15,37.0,1,186.0,2.0,158.0,30.0,20.0,청명북로7번길,1281.818181818182,서향,19,0,42,0,99,38,1.0,0,0
20.0,500.0,46.0,1998.0,매영로415번길,다가구,37.24926384,127.0767878,0,18,1184,21,5,73,0,,2,54.0,0,,1,192.0,1,160.0,15,30,15,70.0,0,,2.0,150.0,18.0,8.0,매영로415번길,1336.3636363636365,서향,26,2,51,28,110,81,12.0,0,4
25.0,500.0,41.0,2001.0,청명북로15번길,다가구,37.2532285,127.0791047,4,106,2050,48,5,29,0,,2,110.0,2,134.0,1,159.0,0,,12,74,15,37.0,1,186.0,2.0,158.0,32.0,22.0,청명로77번길,1245.4545454545455,서향,17,0,41,0,102,32,2.0,0,1
27.0,,0.0,2000.0,덕영대로1681번길,다가구,37.2480919,127.0753141,14,14,1031,11,3,27,0,,0,,0,,1,77.0,2,146.0,15,36,15,11.0,1,158.0,1.0,84.0,20.0,10.0,덕영대로1681번길,,동향,26,28,48,36,124,98,15.0,1,3
20.0,500.0,40.0,2000.0,봉영로1492번길,다가구,37.24579719,127.0668252,5,27,1983,11,2,27,0,,2,172.0,1,172.0,0,,4,20.0,15,23,0,,1,181.0,,,35.0,25.0,봉영로1482번길,1227.2727272727273,Unknown,16,9,36,17,145,98,16.0,1,8
22.0,500.0,46.0,2001.0,매영로398번길,다가구,37.24891486,127.0750246,14,14,1125,11,3,27,0,,0,,0,,1,77.0,2,146.0,15,36,15,11.0,1,158.0,1.0,84.0,23.0,13.0,매영로398번길,1336.3636363636365,동향,21,9,55,33,125,96,16.0,2,3
26.4,500.0,48.0,2000.0,매영로,다가구,37.27011763,127.0434533,2,84,2195,39,1,189,0,,0,,0,,0,,0,,1,57,2,42.0,0,,0.0,,-1.0,,,1372.7272727272727,서향,0,0,0,0,0,0,,0,1
22.0,500.0,42.0,2001.0,청명로43번길,다가구,37.25122722,127.0804941,4,106,1687,48,5,29,0,,2,110.0,2,134.0,1,159.0,0,,12,74,15,37.0,1,186.0,2.0,158.0,28.0,18.0,청명로43번길,1263.6363636363635,서향,16,0,37,0,93,45,5.0,0,0
21.7,500.0,25.0,2002.0,봉영로1482번길,다가구,37.24532934,127.0665258,5,27,1983,11,2,27,0,,2,172.0,1,172.0,0,,4,20.0,15,23,0,,1,181.0,,,35.0,25.0,봉영로1482번길,954.5454545454544,Unknown,16,9,36,17,145,98,16.0,0,8
26.4,300.0,43.0,2000.0,반달로,다가구,37.25136983,127.0780484,4,106,1624,48,5,29,0,,2,110.0,2,134.0,1,159.0,0,,12,74,15,37.0,1,186.0,2.0,158.0,31.0,21.0,반달로,1081.818181818182,남향,27,0,55,0,104,48,8.0,0,0
240.8,500.0,40.0,2001.0,청명북로,단독,37.25200089,127.0786442,4,106,2013,48,5,29,0,,2,110.0,2,134.0,1,159.0,0,,12,74,15,37.0,1,186.0,2.0,158.0,30.0,20.0,청명북로7번길,1227.2727272727273,동향,19,0,42,0,99,38,1.0,0,0
26.4,500.0,44.0,2000.0,덕영대로1681번길,다가구,37.2480919,127.0753141,14,14,1031,11,3,27,0,,0,,0,,1,77.0,2,146.0,15,36,15,11.0,1,158.0,1.0,84.0,20.0,10.0,덕영대로1681번길,1300.0,동향,26,28,48,36,124,98,15.0,1,3
21.0,500.0,41.0,,매영로415번길,다가구,37.24926384,127.0767878,0,18,1184,21,5,73,0,,2,54.0,0,,1,192.0,1,160.0,15,30,15,70.0,0,,2.0,150.0,18.0,8.0,매영로415번길,1245.4545454545455,서향,26,2,51,28,110,81,12.0,0,4
14.0,,0.0,2003.0,봉영로1482번길,다가구,37.24532934,127.0665258,5,27,1983,11,2,27,0,,2,172.0,1,172.0,0,,4,20.0,15,23,0,,1,181.0,,,35.0,25.0,봉영로1482번길,,Unknown,16,9,36,17,145,98,16.0,0,8
23.0,500.0,41.0,,매영로,다가구,37.27011763,127.0434533,2,84,2195,39,1,189,0,,0,,0,,0,,0,,1,57,2,42.0,0,,0.0,,-1.0,,,1245.4545454545455,서향,0,0,0,0,0,0,,0,1
25.0,500.0,46.0,1999.0,영일로21번길,다가구,37.2500458,127.0760096,0,18,1207,21,5,73,0,,2,54.0,0,,1,192.0,1,160.0,15,30,15,70.0,0,,2.0,150.0,19.0,9.0,영일로21번길,1336.3636363636365,동향,26,0,57,24,118,78,14.0,0,2
26.4,500.0,50.0,2004.0,영일로,다가구,37.24791274,127.0754779,14,14,1031,11,3,27,0,,0,,0,,1,77.0,2,146.0,15,36,15,11.0,1,158.0,1.0,84.0,20.0,10.0,덕영대로1681번길,1409.090909090909,동향,26,28,48,36,124,98,15.0,0,4
20.0,300.0,36.0,2008.0,청명남로12번길,다가구,37.25082627,127.0747557,10,22,1635,14,3,61,0,,2,176.0,1,58.0,1,190.0,1,144.0,15,15,15,34.0,1,96.0,3.0,175.0,22.0,12.0,청명남로12번길,954.5454545454544,서향,20,0,54,9,125,63,16.0,0,3
26.4,300.0,45.0,2001.0,청명북로7번길,다가구,37.25230411,127.0789528,4,106,2013,48,5,29,0,,2,110.0,2,134.0,1,159.0,0,,12,74,15,37.0,1,186.0,2.0,158.0,30.0,20.0,청명북로7번길,1118.181818181818,서향,19,0,42,0,99,38,1.0,0,0
25.76,200.0,28.0,2001.0,청명북로7번길,단독,37.25230411,127.0789528,4,106,2013,48,5,29,0,,2,110.0,2,134.0,1,159.0,0,,12,74,15,37.0,1,186.0,2.0,158.0,30.0,20.0,청명북로7번길,709.090909090909,서향,19,0,42,0,99,38,1.0,0,0
26.4,300.0,42.0,2001.0,청명북로7번길,다가구,37.25230411,127.0789528,4,106,2013,48,5,29,0,,2,110.0,2,134.0,1,159.0,0,,12,74,15,37.0,1,186.0,2.0,158.0,30.0,20.0,청명북로7번길,1063.6363636363635,서향,19,0,42,0,99,38,1.0,0,0
56.0,,65.0,1998.0,청명로77번길,다가구,37.25351842,127.078502,15,28,2050,22,5,46,0,,1,103.0,2,111.0,3,111.0,0,,15,66,15,34.0,1,123.0,9.0,84.0,32.0,22.0,청명로77번길,,서향,17,0,41,0,102,32,2.0,0,1
23.0,,0.0,2001.0,봉영로1492번길,단독,37.24579719,127.0668252,5,27,1983,11,2,27,0,,2,172.0,1,172.0,0,,4,20.0,15,23,0,,1,181.0,,,35.0,25.0,봉영로1482번길,,Unknown,16,9,36,17,145,98,16.0,1,8
21.0,,26.0,2001.0,봉영로1482번길,다가구,37.24532934,127.0665258,5,27,1983,11,2,27,0,,2,172.0,1,172.0,0,,4,20.0,15,23,0,,1,181.0,,,35.0,25.0,봉영로1482번길,,Unknown,16,9,36,17,145,98,16.0,0,8
40.0,500.0,60.0,2001.0,봉영로1482번길,다가구,37.24532934,127.0665258,5,27,1983,11,2,27,0,,2,172.0,1,172.0,0,,4,20.0,15,23,0,,1,181.0,,,35.0,25.0,봉영로1482번길,1590.909090909091,Unknown,16,9,36,17,145,98,16.0,0,8
26.4,500.0,42.0,2001.0,매영로,다가구,37.27011763,127.0434533,2,84,2195,39,1,189,0,,0,,0,,0,,0,,1,57,2,42.0,0,,0.0,,-1.0,,,1263.6363636363635,서향,0,0,0,0,0,0,,0,1
26.4,500.0,45.0,2000.0,매영로415번길,다가구,37.24926384,127.0767878,0,18,1184,21,5,73,0,,2,54.0,0,,1,192.0,1,160.0,15,30,15,70.0,0,,2.0,150.0,18.0,8.0,매영로415번길,1318.181818181818,서향,26,2,51,28,110,81,12.0,0,4
20.0,,0.0,2001.0,매영로415번길,다가구,37.24926384,127.0767878,0,18,1184,21,5,73,0,,2,54.0,0,,1,192.0,1,160.0,15,30,15,70.0,0,,2.0,150.0,18.0,8.0,매영로415번길,,서향,26,2,51,28,110,81,12.0,0,4
25.0,500.0,35.0,2002.0,덕영대로1681번길,다가구,37.2480919,127.0753141,14,14,1031,11,3,27,0,,0,,0,,1,77.0,2,146.0,15,36,15,11.0,1,158.0,1.0,84.0,20.0,10.0,덕영대로1681번길,1136.3636363636365,동향,26,28,48,36,124,98,15.0,1,3
24.0,500.0,46.0,2000.0,청명남로50번길,다가구,37.25344537,127.0770957,15,28,2343,22,5,46,0,,1,103.0,2,111.0,3,111.0,0,,15,66,15,34.0,1,123.0,9.0,84.0,29.0,19.0,청명남로50번길,1336.3636363636365,서향,19,0,49,0,108,32,8.0,0,1
23.0,500.0,38.0,2001.0,매영로415번길,다가구,37.24926384,127.0767878,0,18,1184,21,5,73,0,,2,54.0,0,,1,192.0,1,160.0,15,30,15,70.0,0,,2.0,150.0,18.0,8.0,매영로415번길,1190.909090909091,서향,26,2,51,28,110,81,12.0,0,4
36.0,500.0,50.0,2001.0,청명로43번길,다가구,37.25122722,127.0804941,4,106,1687,48,5,29,0,,2,110.0,2,134.0,1,159.0,0,,12,74,15,37.0,1,186.0,2.0,158.0,28.0,18.0,청명로43번길,1409.090909090909,서향,16,0,37,0,93,45,5.0,0,0
22.76,500.0,44.0,2001.0,청명북로,단독,37.25200089,127.0786442,4,106,2013,48,5,29,0,,2,110.0,2,134.0,1,159.0,0,,12,74,15,37.0,1,186.0,2.0,158.0,30.0,20.0,청명북로7번길,1300.0,동향,19,0,42,0,99,38,1.0,0,0
20.0,,0.0,2001.0,매영로415번길,다가구,37.24926384,127.0767878,0,18,1184,21,5,73,0,,2,54.0,0,,1,192.0,1,160.0,15,30,15,70.0,0,,2.0,150.0,18.0,8.0,매영로415번길,,서향,26,2,51,28,110,81,12.0,0,4
23.0,500.0,45.0,2001.0,청명로59번길,다가구,37.25238872,127.0797521,4,106,2013,48,5,29,0,,2,110.0,2,134.0,1,159.0,0,,12,74,15,37.0,1,186.0,2.0,158.0,30.0,20.0,청명북로7번길,1318.181818181818,서향,19,0,42,0,99,38,1.0,0,0
26.4,500.0,40.0,2001.0,청명북로7번길,다가구,37.25230411,127.0789528,4,106,2013,48,5,29,0,,2,110.0,2,134.0,1,159.0,0,,12,74,15,37.0,1,186.0,2.0,158.0,30.0,20.0,청명북로7번길,1227.2727272727273,서향,19,0,42,0,99,38,1.0,0,0
22.0,500.0,41.0,2001.0,영일로,단독,37.24791274,127.0754779,14,14,1031,11,3,27,0,,0,,0,,1,77.0,2,146.0,15,36,15,11.0,1,158.0,1.0,84.0,20.0,10.0,덕영대로1681번길,1245.4545454545455,동향,26,28,48,36,124,98,15.0,0,4
26.4,500.0,43.0,2001.0,청명로59번길,다가구,37.25238872,127.0797521,4,106,2013,48,5,29,0,,2,110.0,2,134.0,1,159.0,0,,12,74,15,37.0,1,186.0,2.0,158.0,30.0,20.0,청명북로7번길,1281.818181818182,서향,19,0,42,0,99,38,1.0,0,0
26.0,500.0,40.0,2002.0,청명로43번길,다가구,37.25122722,127.0804941,4,106,1687,48,5,29,0,,2,110.0,2,134.0,1,159.0,0,,12,74,15,37.0,1,186.0,2.0,158.0,28.0,18.0,청명로43번길,1227.2727272727273,서향,16,0,37,0,93,45,5.0,0,0
26.4,700.0,47.0,,청명로59번길,다가구,37.25238872,127.0797521,4,106,2013,48,5,29,0,,2,110.0,2,134.0,1,159.0,0,,12,74,15,37.0,1,186.0,2.0,158.0,30.0,20.0,청명북로7번길,1554.5454545454545,서향,19,0,42,0,99,38,1.0,0,0
22.0,500.0,45.0,,청명로59번길,다가구,37.25238872,127.0797521,4,106,2013,48,5,29,0,,2,110.0,2,134.0,1,159.0,0,,12,74,15,37.0,1,186.0,2.0,158.0,30.0,20.0,청명북로7번길,1318.181818181818,서향,19,0,42,0,99,38,1.0,0,0
27.0,,0.0,2000.0,덕영대로1681번길,다가구,37.2480919,127.0753141,14,14,1031,11,3,27,0,,0,,0,,1,77.0,2,146.0,15,36,15,11.0,1,158.0,1.0,84.0,20.0,10.0,덕영대로1681번길,,동향,26,28,48,36,124,98,15.0,1,3
27.0,,0.0,2000.0,덕영대로1681번길,다가구,37.2480919,127.0753141,14,14,1031,11,3,27,0,,0,,0,,1,77.0,2,146.0,15,36,15,11.0,1,158.0,1.0,84.0,20.0,10.0,덕영대로1681번길,,동향,26,28,48,36,124,98,15.0,1,3
22.0,500.0,38.0,2001.0,청명북로,다가구,37.25200089,127.0786442,4,106,2013,48,5,29,0,,2,110.0,2,134.0,1,159.0,0,,12,74,15,37.0,1,186.0,2.0,158.0,30.0,20.0,청명북로7번길,1190.909090909091,동향,19,0,42,0,99,38,1.0,0,0
23.0,500.0,41.0,,매영로,다가구,37.27011763,127.0434533,2,84,2195,39,1,189,0,,0,,0,,0,,0,,1,57,2,42.0,0,,0.0,,-1.0,,,1245.4545454545455,서향,0,0,0,0,0,0,,0,1
58.0,,70.0,1998.0,청명로59번길,다가구,37.25238872,127.0797521,4,106,2013,48,5,29,0,,2,110.0,2,134.0,1,159.0,0,,12,74,15,37.0,1,186.0,2.0,158.0,30.0,20.0,청명북로7번길,,서향,19,0,42,0,99,38,1.0,0,0
26.0,500.0,42.0,1999.0,청명로59번길,다가구,37.25238872,127.0797521,4,106,2013,48,5,29,0,,2,110.0,2,134.0,1,159.0,0,,12,74,15,37.0,1,186.0,2.0,158.0,30.0,20.0,청명북로7번길,1263.6363636363635,서향,19,0,42,0,99,38,1.0,0,0
24.0,500.0,35.0,2001.0,덕영대로1673번길,다가구,37.24816244,127.0743831,14,14,1031,11,3,27,0,,0,,0,,1,77.0,2,146.0,15,36,15,11.0,1,158.0,1.0,84.0,20.0,10.0,덕영대로1681번길,1136.3636363636365,동향,26,28,48,36,124,98,15.0,0,4
19.83,500.0,43.0,1998.0,매영로415번길,다가구,37.24926384,127.0767878,0,18,1184,21,5,73,0,,2,54.0,0,,1,192.0,1,160.0,15,30,15,70.0,0,,2.0,150.0,18.0,8.0,매영로415번길,1281.818181818182,서향,26,2,51,28,110,81,12.0,0,4
22.0,,65.0,,청명로,다가구,37.24870316,127.0795838,0,18,1345,21,5,73,0,,2,54.0,0,,1,192.0,1,160.0,15,30,15,70.0,0,,2.0,150.0,21.0,11.0,청명로,,서향,21,3,38,14,95,80,10.0,0,2
26.0,500.0,44.0,2000.0,매영로415번길,다가구,37.24926384,127.0767878,0,18,1184,21,5,73,0,,2,54.0,0,,1,192.0,1,160.0,15,30,15,70.0,0,,2.0,150.0,18.0,8.0,매영로415번길,1300.0,서향,26,2,51,28,110,81,12.0,0,4
23.0,300.0,35.0,,매영로415번길,다가구,37.24926384,127.0767878,0,18,1184,21,5,73,0,,2,54.0,0,,1,192.0,1,160.0,15,30,15,70.0,0,,2.0,150.0,18.0,8.0,매영로415번길,936.3636363636364,서향,26,2,51,28,110,81,12.0,0,4
27.0,500.0,36.0,1998.0,매영로415번길,다가구,37.24926384,127.0767878,0,18,1184,21,5,73,0,,2,54.0,0,,1,192.0,1,160.0,15,30,15,70.0,0,,2.0,150.0,18.0,8.0,매영로415번길,1154.5454545454545,서향,26,2,51,28,110,81,12.0,0,4
23.14,500.0,40.0,,,다가구,37.21517012,127.0378417,7,102,833,37,6,32,0,,3,170.0,0,,0,,1,122.0,9,58,15,20.0,0,,1.0,74.0,,,,1227.2727272727273,동향,0,0,0,0,0,0,,0,5
20.85,500.0,40.0,2001.0,청명로43번길,다가구,37.25122722,127.0804941,4,106,1687,48,5,29,0,,2,110.0,2,134.0,1,159.0,0,,12,74,15,37.0,1,186.0,2.0,158.0,28.0,18.0,청명로43번길,1227.2727272727273,서향,16,0,37,0,93,45,5.0,0,0
27.0,,0.0,2003.0,청명남로12번길,다가구,37.25082627,127.0747557,10,22,1635,14,3,61,0,,2,176.0,1,58.0,1,190.0,1,144.0,15,15,15,34.0,1,96.0,3.0,175.0,22.0,12.0,청명남로12번길,,서향,20,0,54,9,125,63,16.0,0,3
29.0,500.0,47.0,,매영로415번길,다가구,37.24926384,127.0767878,0,18,1184,21,5,73,0,,2,54.0,0,,1,192.0,1,160.0,15,30,15,70.0,0,,2.0,150.0,18.0,8.0,매영로415번길,1354.5454545454545,서향,26,2,51,28,110,81,12.0,0,4
26.0,300.0,41.0,2000.0,청명남로50번길,다가구,37.25344537,127.0770957,15,28,2343,22,5,46,0,,1,103.0,2,111.0,3,111.0,0,,15,66,15,34.0,1,123.0,9.0,84.0,29.0,19.0,청명남로50번길,1045.4545454545455,서향,19,0,49,0,108,32,8.0,0,1
25.0,500.0,45.0,1999.0,청명로,다가구,37.24870316,127.0795838,0,18,1345,21,5,73,0,,2,54.0,0,,1,192.0,1,160.0,15,30,15,70.0,0,,2.0,150.0,21.0,11.0,청명로,1318.181818181818,서향,21,3,38,14,95,80,10.0,0,2
20.0,,0.0,2000.0,청명로59번길,단독,37.25238872,127.0797521,4,106,2013,48,5,29,0,,2,110.0,2,134.0,1,159.0,0,,12,74,15,37.0,1,186.0,2.0,158.0,30.0,20.0,청명북로7번길,,서향,19,0,42,0,99,38,1.0,0,0
23.0,500.0,47.0,,영일로,다가구,37.24791274,127.0754779,14,14,1031,11,3,27,0,,0,,0,,1,77.0,2,146.0,15,36,15,11.0,1,158.0,1.0,84.0,20.0,10.0,덕영대로1681번길,1354.5454545454545,동향,26,28,48,36,124,98,15.0,0,4
25.0,,0.0,2001.0,덕영대로1673번길,다가구,37.24816244,127.0743831,14,14,1031,11,3,27,0,,0,,0,,1,77.0,2,146.0,15,36,15,11.0,1,158.0,1.0,84.0,20.0,10.0,덕영대로1681번길,,동향,26,28,48,36,124,98,15.0,0,4
20.0,500.0,42.0,1998.0,매영로,단독,37.27011763,127.0434533,2,84,2195,39,1,189,0,,0,,0,,0,,0,,1,57,2,42.0,0,,0.0,,-1.0,,,1263.6363636363635,서향,0,0,0,0,0,0,,0,1
25.0,,0.0,2001.0,덕영대로1673번길,다가구,37.24816244,127.0743831,14,14,1031,11,3,27,0,,0,,0,,1,77.0,2,146.0,15,36,15,11.0,1,158.0,1.0,84.0,20.0,10.0,덕영대로1681번길,,동향,26,28,48,36,124,98,15.0,0,4
24.0,500.0,45.0,2001.0,청명로59번길,다가구,37.25238872,127.0797521,4,106,2013,48,5,29,0,,2,110.0,2,134.0,1,159.0,0,,12,74,15,37.0,1,186.0,2.0,158.0,30.0,20.0,청명북로7번길,1318.181818181818,서향,19,0,42,0,99,38,1.0,0,0
25.0,500.0,50.0,,매영로,다가구,37.27011763,127.0434533,2,84,2195,39,1,189,0,,0,,0,,0,,0,,1,57,2,42.0,0,,0.0,,-1.0,,,1409.090909090909,서향,0,0,0,0,0,0,,0,1
26.0,,0.0,2004.0,청명로21번길,다가구,37.24987045,127.0791242,0,18,1556,21,5,73,0,,2,54.0,0,,1,192.0,1,160.0,15,30,15,70.0,0,,2.0,150.0,25.0,15.0,청명로21번길,,동향,23,0,46,9,97,70,9.0,0,0
20.0,,0.0,2001.0,영일로21번길,다가구,37.2500458,127.0760096,0,18,1207,21,5,73,0,,2,54.0,0,,1,192.0,1,160.0,15,30,15,70.0,0,,2.0,150.0,19.0,9.0,영일로21번길,,동향,26,0,57,24,118,78,14.0,0,2
24.0,300.0,35.0,1998.0,청명남로4번길,다가구,37.25000708,127.0739079,10,22,1276,14,3,61,0,,2,176.0,1,58.0,1,190.0,1,144.0,15,15,15,34.0,1,96.0,3.0,175.0,24.0,14.0,청명남로4번길,936.3636363636364,서향,17,0,53,24,131,86,16.0,1,4
24.0,300.0,35.0,1998.0,청명남로4번길,다가구,37.25000708,127.0739079,10,22,1276,14,3,61,0,,2,176.0,1,58.0,1,190.0,1,144.0,15,15,15,34.0,1,96.0,3.0,175.0,24.0,14.0,청명남로4번길,936.3636363636364,서향,17,0,53,24,131,86,16.0,1,4
28.0,500.0,50.0,2000.0,청명로,단독,37.24870316,127.0795838,0,18,1345,21,5,73,0,,2,54.0,0,,1,192.0,1,160.0,15,30,15,70.0,0,,2.0,150.0,21.0,11.0,청명로,1409.090909090909,서향,21,3,38,14,95,80,10.0,0,2
26.4,500.0,50.0,2001.0,매영로,다가구,37.27011763,127.0434533,2,84,2195,39,1,189,0,,0,,0,,0,,0,,1,57,2,42.0,0,,0.0,,-1.0,,,1409.090909090909,서향,0,0,0,0,0,0,,0,1
24.0,500.0,50.0,1999.0,매영로415번길,다가구,37.24926384,127.0767878,0,18,1184,21,5,73,0,,2,54.0,0,,1,192.0,1,160.0,15,30,15,70.0,0,,2.0,150.0,18.0,8.0,매영로415번길,1409.090909090909,서향,26,2,51,28,110,81,12.0,0,4
26.4,500.0,49.0,2000.0,매영로,다가구,37.27011763,127.0434533,2,84,2195,39,1,189,0,,0,,0,,0,,0,,1,57,2,42.0,0,,0.0,,-1.0,,,1390.909090909091,서향,0,0,0,0,0,0,,0,1
25.0,500.0,37.0,2001.0,반달로,다가구,37.25136983,127.0780484,4,106,1624,48,5,29,0,,2,110.0,2,134.0,1,159.0,0,,12,74,15,37.0,1,186.0,2.0,158.0,31.0,21.0,반달로,1172.7272727272727,남향,27,0,55,0,104,48,8.0,0,0
25.0,500.0,41.0,2001.0,청명북로15번길,다가구,37.2532285,127.0791047,4,106,2050,48,5,29,0,,2,110.0,2,134.0,1,159.0,0,,12,74,15,37.0,1,186.0,2.0,158.0,32.0,22.0,청명로77번길,1245.4545454545455,서향,17,0,41,0,102,32,2.0,0,1
23.0,500.0,46.0,,청명로59번길,다가구,37.25238872,127.0797521,4,106,2013,48,5,29,0,,2,110.0,2,134.0,1,159.0,0,,12,74,15,37.0,1,186.0,2.0,158.0,30.0,20.0,청명북로7번길,1336.3636363636365,서향,19,0,42,0,99,38,1.0,0,0
26.4,500.0,40.0,2000.0,매영로398번길,다가구,37.24891486,127.0750246,14,14,1125,11,3,27,0,,0,,0,,1,77.0,2,146.0,15,36,15,11.0,1,158.0,1.0,84.0,23.0,13.0,매영로398번길,1227.2727272727273,동향,21,9,55,33,125,96,16.0,2,3
57.0,,60.0,1998.0,청명남로50번길,다가구,37.25344537,127.0770957,15,28,2343,22,5,46,0,,1,103.0,2,111.0,3,111.0,0,,15,66,15,34.0,1,123.0,9.0,84.0,29.0,19.0,청명남로50번길,,서향,19,0,49,0,108,32,8.0,0,1
29.0,500.0,46.0,1999.0,매영로415번길,다가구,37.24926384,127.0767878,0,18,1184,21,5,73,0,,2,54.0,0,,1,192.0,1,160.0,15,30,15,70.0,0,,2.0,150.0,18.0,8.0,매영로415번길,1336.3636363636365,서향,26,2,51,28,110,81,12.0,0,4
26.9,500.0,40.0,2001.0,봉영로1482번길,다가구,37.24532934,127.0665258,5,27,1983,11,2,27,0,,2,172.0,1,172.0,0,,4,20.0,15,23,0,,1,181.0,,,35.0,25.0,봉영로1482번길,1227.2727272727273,Unknown,16,9,36,17,145,98,16.0,0,8
48.0,,71.0,,영일로,다가구,37.24791274,127.0754779,14,14,1031,11,3,27,0,,0,,0,,1,77.0,2,146.0,15,36,15,11.0,1,158.0,1.0,84.0,20.0,10.0,덕영대로1681번길,,동향,26,28,48,36,124,98,15.0,0,4
44.0,,68.0,2001.0,매영로415번길,다가구,37.24926384,127.0767878,0,18,1184,21,5,73,0,,2,54.0,0,,1,192.0,1,160.0,15,30,15,70.0,0,,2.0,150.0,18.0,8.0,매영로415번길,,서향,26,2,51,28,110,81,12.0,0,4
24.0,500.0,41.0,2002.0,매영로425번길,다가구,37.24886123,127.0779064,0,18,1237,21,5,73,0,,2,54.0,0,,1,192.0,1,160.0,15,30,15,70.0,0,,2.0,150.0,27.0,17.0,매영로425번길,1245.4545454545455,동향,26,6,49,27,103,80,8.0,0,5
20.0,500.0,32.0,2000.0,매영로415번길,다가구,37.24926384,127.0767878,0,18,1184,21,5,73,0,,2,54.0,0,,1,192.0,1,160.0,15,30,15,70.0,0,,2.0,150.0,18.0,8.0,매영로415번길,1081.818181818182,서향,26,2,51,28,110,81,12.0,0,4
26.0,500.0,39.0,1999.0,매영로398번길,다가구,37.24891486,127.0750246,14,14,1125,11,3,27,0,,0,,0,,1,77.0,2,146.0,15,36,15,11.0,1,158.0,1.0,84.0,23.0,13.0,매영로398번길,1209.090909090909,동향,21,9,55,33,125,96,16.0,2,3
26.0,,0.0,2001.0,청명남로60번길,다가구,37.25444238,127.0775095,15,28,2159,22,5,46,0,,1,103.0,2,111.0,3,111.0,0,,15,66,15,34.0,1,123.0,9.0,84.0,33.0,23.0,청명남로60번길,,동향,16,0,43,0,105,22,6.0,1,1
46.0,,55.0,2000.0,매영로398번길,다가구,37.24891486,127.0750246,14,14,1125,11,3,27,0,,0,,0,,1,77.0,2,146.0,15,36,15,11.0,1,158.0,1.0,84.0,23.0,13.0,매영로398번길,,동향,21,9,55,33,125,96,16.0,2,3
21.0,,26.0,,봉영로1482번길,다가구,37.24532934,127.0665258,5,27,1983,11,2,27,0,,2,172.0,1,172.0,0,,4,20.0,15,23,0,,1,181.0,,,35.0,25.0,봉영로1482번길,,Unknown,16,9,36,17,145,98,16.0,0,8
21.0,500.0,43.0,2001.0,청명남로50번길,다가구,37.25344537,127.0770957,15,28,2343,22,5,46,0,,1,103.0,2,111.0,3,111.0,0,,15,66,15,34.0,1,123.0,9.0,84.0,29.0,19.0,청명남로50번길,1281.818181818182,서향,19,0,49,0,108,32,8.0,0,1
20.0,,18.0,2003.0,봉영로1482번길,다가구,37.24532934,127.0665258,5,27,1983,11,2,27,0,,2,172.0,1,172.0,0,,4,20.0,15,23,0,,1,181.0,,,35.0,25.0,봉영로1482번길,,Unknown,16,9,36,17,145,98,16.0,0,8
20.0,,0.0,2001.0,매영로415번길,다가구,37.24926384,127.0767878,0,18,1184,21,5,73,0,,2,54.0,0,,1,192.0,1,160.0,15,30,15,70.0,0,,2.0,150.0,18.0,8.0,매영로415번길,,서향,26,2,51,28,110,81,12.0,0,4
24.0,500.0,39.0,2001.0,청명로59번길,다가구,37.25238872,127.0797521,4,106,2013,48,5,29,0,,2,110.0,2,134.0,1,159.0,0,,12,74,15,37.0,1,186.0,2.0,158.0,30.0,20.0,청명북로7번길,1209.090909090909,서향,19,0,42,0,99,38,1.0,0,0
18.0,500.0,35.0,2001.0,반달로,다가구,37.25136983,127.0780484,4,106,1624,48,5,29,0,,2,110.0,2,134.0,1,159.0,0,,12,74,15,37.0,1,186.0,2.0,158.0,31.0,21.0,반달로,1136.3636363636365,남향,27,0,55,0,104,48,8.0,0,0
45.0,,75.0,2000.0,매영로415번길,다가구,37.24926384,127.0767878,0,18,1184,21,5,73,0,,2,54.0,0,,1,192.0,1,160.0,15,30,15,70.0,0,,2.0,150.0,18.0,8.0,매영로415번길,,서향,26,2,51,28,110,81,12.0,0,4
24.0,300.0,38.0,2001.0,청명로,다가구,37.24870316,127.0795838,0,18,1345,21,5,73,0,,2,54.0,0,,1,192.0,1,160.0,15,30,15,70.0,0,,2.0,150.0,21.0,11.0,청명로,990.9090909090908,서향,21,3,38,14,95,80,10.0,0,2
50.0,,75.0,2000.0,청명로59번길,다가구,37.25238872,127.0797521,4,106,2013,48,5,29,0,,2,110.0,2,134.0,1,159.0,0,,12,74,15,37.0,1,186.0,2.0,158.0,30.0,20.0,청명북로7번길,,서향,19,0,42,0,99,38,1.0,0,0
50.0,,71.0,1998.0,매영로415번길,다가구,37.24926384,127.0767878,0,18,1184,21,5,73,0,,2,54.0,0,,1,192.0,1,160.0,15,30,15,70.0,0,,2.0,150.0,18.0,8.0,매영로415번길,,서향,26,2,51,28,110,81,12.0,0,4
20.0,,0.0,2000.0,청명로59번길,단독,37.25238872,127.0797521,4,106,2013,48,5,29,0,,2,110.0,2,134.0,1,159.0,0,,12,74,15,37.0,1,186.0,2.0,158.0,30.0,20.0,청명북로7번길,,서향,19,0,42,0,99,38,1.0,0,0
24.0,500.0,40.0,2001.0,청명남로50번길,다가구,37.25344537,127.0770957,15,28,2343,22,5,46,0,,1,103.0,2,111.0,3,111.0,0,,15,66,15,34.0,1,123.0,9.0,84.0,29.0,19.0,청명남로50번길,1227.2727272727273,서향,19,0,49,0,108,32,8.0,0,1
28.0,,30.0,2000.0,봉영로1482번길,다가구,37.24532934,127.0665258,5,27,1983,11,2,27,0,,2,172.0,1,172.0,0,,4,20.0,15,23,0,,1,181.0,,,35.0,25.0,봉영로1482번길,,Unknown,16,9,36,17,145,98,16.0,0,8
48.0,,73.0,1998.0,매영로398번길,다가구,37.24891486,127.0750246,14,14,1125,11,3,27,0,,0,,0,,1,77.0,2,146.0,15,36,15,11.0,1,158.0,1.0,84.0,23.0,13.0,매영로398번길,,동향,21,9,55,33,125,96,16.0,2,3
21.0,500.0,41.0,2000.0,매영로415번길,다가구,37.24926384,127.0767878,0,18,1184,21,5,73,0,,2,54.0,0,,1,192.0,1,160.0,15,30,15,70.0,0,,2.0,150.0,18.0,8.0,매영로415번길,1245.4545454545455,서향,26,2,51,28,110,81,12.0,0,4
50.0,,73.0,2015.0,청명로,다가구,37.24870316,127.0795838,0,18,1345,21,5,73,0,,2,54.0,0,,1,192.0,1,160.0,15,30,15,70.0,0,,2.0,150.0,21.0,11.0,청명로,,서향,21,3,38,14,95,80,10.0,0,2
24.0,500.0,45.0,2001.0,반달로,단독,37.25136983,127.0780484,4,106,1624,48,5,29,0,,2,110.0,2,134.0,1,159.0,0,,12,74,15,37.0,1,186.0,2.0,158.0,31.0,21.0,반달로,1318.181818181818,남향,27,0,55,0,104,48,8.0,0,0
24.0,300.0,44.0,2001.0,매영로415번길,다가구,37.24926384,127.0767878,0,18,1184,21,5,73,0,,2,54.0,0,,1,192.0,1,160.0,15,30,15,70.0,0,,2.0,150.0,18.0,8.0,매영로415번길,1100.0,서향,26,2,51,28,110,81,12.0,0,4
20.0,300.0,36.0,2001.0,청명로59번길,단독,37.25238872,127.0797521,4,106,2013,48,5,29,0,,2,110.0,2,134.0,1,159.0,0,,12,74,15,37.0,1,186.0,2.0,158.0,30.0,20.0,청명북로7번길,954.5454545454544,서향,19,0,42,0,99,38,1.0,0,0
26.4,500.0,45.0,2001.0,덕영대로1673번길,단독,37.24816244,127.0743831,14,14,1031,11,3,27,0,,0,,0,,1,77.0,2,146.0,15,36,15,11.0,1,158.0,1.0,84.0,20.0,10.0,덕영대로1681번길,1318.181818181818,동향,26,28,48,36,124,98,15.0,0,4
24.0,500.0,46.0,2000.0,청명로59번길,다가구,37.25238872,127.0797521,4,106,2013,48,5,29,0,,2,110.0,2,134.0,1,159.0,0,,12,74,15,37.0,1,186.0,2.0,158.0,30.0,20.0,청명북로7번길,1336.3636363636365,서향,19,0,42,0,99,38,1.0,0,0
18.0,300.0,38.0,2001.0,영일로,다가구,37.24791274,127.0754779,14,14,1031,11,3,27,0,,0,,0,,1,77.0,2,146.0,15,36,15,11.0,1,158.0,1.0,84.0,20.0,10.0,덕영대로1681번길,990.9090909090908,동향,26,28,48,36,124,98,15.0,0,4
23.0,,36.0,2000.0,청명로59번길,다가구,37.25238872,127.0797521,4,106,2013,48,5,29,0,,2,110.0,2,134.0,1,159.0,0,,12,74,15,37.0,1,186.0,2.0,158.0,30.0,20.0,청명북로7번길,,서향,19,0,42,0,99,38,1.0,0,0
26.0,500.0,45.0,2001.0,덕영대로1673번길,다가구,37.24816244,127.0743831,14,14,1031,11,3,27,0,,0,,0,,1,77.0,2,146.0,15,36,15,11.0,1,158.0,1.0,84.0,20.0,10.0,덕영대로1681번길,1318.181818181818,동향,26,28,48,36,124,98,15.0,0,4
20.0,500.0,48.0,2000.0,매영로415번길,다가구,37.24926384,127.0767878,0,18,1184,21,5,73,0,,2,54.0,0,,1,192.0,1,160.0,15,30,15,70.0,0,,2.0,150.0,18.0,8.0,매영로415번길,1372.7272727272727,서향,26,2,51,28,110,81,12.0,0,4
22.0,,10.0,2001.0,봉영로1482번길,다가구,37.24532934,127.0665258,5,27,1983,11,2,27,0,,2,172.0,1,172.0,0,,4,20.0,15,23,0,,1,181.0,,,35.0,25.0,봉영로1482번길,,Unknown,16,9,36,17,145,98,16.0,0,8
23.0,,36.0,2000.0,청명로59번길,다가구,37.25238872,127.0797521,4,106,2013,48,5,29,0,,2,110.0,2,134.0,1,159.0,0,,12,74,15,37.0,1,186.0,2.0,158.0,30.0,20.0,청명북로7번길,,서향,19,0,42,0,99,38,1.0,0,0
26.0,300.0,43.0,,반달로,단독,37.25136983,127.0780484,4,106,1624,48,5,29,0,,2,110.0,2,134.0,1,159.0,0,,12,74,15,37.0,1,186.0,2.0,158.0,31.0,21.0,반달로,1081.818181818182,남향,27,0,55,0,104,48,8.0,0,0
22.0,500.0,40.0,2001.0,청명남로60번길,다가구,37.25444238,127.0775095,15,28,2159,22,5,46,0,,1,103.0,2,111.0,3,111.0,0,,15,66,15,34.0,1,123.0,9.0,84.0,33.0,23.0,청명남로60번길,1227.2727272727273,동향,16,0,43,0,105,22,6.0,1,1
23.0,,36.0,2000.0,청명로59번길,다가구,37.25238872,127.0797521,4,106,2013,48,5,29,0,,2,110.0,2,134.0,1,159.0,0,,12,74,15,37.0,1,186.0,2.0,158.0,30.0,20.0,청명북로7번길,,서향,19,0,42,0,99,38,1.0,0,0
26.0,500.0,39.0,2002.0,청명북로,다가구,37.25200089,127.0786442,4,106,2013,48,5,29,0,,2,110.0,2,134.0,1,159.0,0,,12,74,15,37.0,1,186.0,2.0,158.0,30.0,20.0,청명북로7번길,1209.090909090909,동향,19,0,42,0,99,38,1.0,0,0
22.0,300.0,45.0,,매영로415번길,단독,37.24926384,127.0767878,0,18,1184,21,5,73,0,,2,54.0,0,,1,192.0,1,160.0,15,30,15,70.0,0,,2.0,150.0,18.0,8.0,매영로415번길,1118.181818181818,서향,26,2,51,28,110,81,12.0,0,4
22.0,500.0,35.0,2000.0,청명로59번길,단독,37.25238872,127.0797521,4,106,2013,48,5,29,0,,2,110.0,2,134.0,1,159.0,0,,12,74,15,37.0,1,186.0,2.0,158.0,30.0,20.0,청명북로7번길,1136.3636363636365,서향,19,0,42,0,99,38,1.0,0,0
23.0,,21.0,2001.0,영일로,다가구,37.24791274,127.0754779,14,14,1031,11,3,27,0,,0,,0,,1,77.0,2,146.0,15,36,15,11.0,1,158.0,1.0,84.0,20.0,10.0,덕영대로1681번길,,동향,26,28,48,36,124,98,15.0,0,4
23.0,500.0,44.0,2002.0,반달로,다가구,37.25136983,127.0780484,4,106,1624,48,5,29,0,,2,110.0,2,134.0,1,159.0,0,,12,74,15,37.0,1,186.0,2.0,158.0,31.0,21.0,반달로,1300.0,남향,27,0,55,0,104,48,8.0,0,0
30.0,500.0,50.0,2000.0,봉영로1492번길,다가구,37.24579719,127.0668252,5,27,1983,11,2,27,0,,2,172.0,1,172.0,0,,4,20.0,15,23,0,,1,181.0,,,35.0,25.0,봉영로1482번길,1409.090909090909,Unknown,16,9,36,17,145,98,16.0,1,8
22.0,500.0,46.0,1999.0,청명남로4번길,다가구,37.25000708,127.0739079,10,22,1276,14,3,61,0,,2,176.0,1,58.0,1,190.0,1,144.0,15,15,15,34.0,1,96.0,3.0,175.0,24.0,14.0,청명남로4번길,1336.3636363636365,서향,17,0,53,24,131,86,16.0,1,4
26.4,500.0,46.0,,영일로,다가구,37.24791274,127.0754779,14,14,1031,11,3,27,0,,0,,0,,1,77.0,2,146.0,15,36,15,11.0,1,158.0,1.0,84.0,20.0,10.0,덕영대로1681번길,1336.3636363636365,동향,26,28,48,36,124,98,15.0,0,4
25.49,500.0,48.0,2000.0,매영로415번길,다가구,37.24926384,127.0767878,0,18,1184,21,5,73,0,,2,54.0,0,,1,192.0,1,160.0,15,30,15,70.0,0,,2.0,150.0,18.0,8.0,매영로415번길,1372.7272727272727,서향,26,2,51,28,110,81,12.0,0,4
22.0,500.0,40.0,1998.0,덕영대로1673번길,다가구,37.24816244,127.0743831,14,14,1031,11,3,27,0,,0,,0,,1,77.0,2,146.0,15,36,15,11.0,1,158.0,1.0,84.0,20.0,10.0,덕영대로1681번길,1227.2727272727273,동향,26,28,48,36,124,98,15.0,0,4
26.4,500.0,45.0,2002.0,매영로425번길,단독,37.24886123,127.0779064,0,18,1237,21,5,73,0,,2,54.0,0,,1,192.0,1,160.0,15,30,15,70.0,0,,2.0,150.0,27.0,17.0,매영로425번길,1318.181818181818,동향,26,6,49,27,103,80,8.0,0,5
22.0,500.0,43.0,2002.0,영일로21번길,단독,37.2500458,127.0760096,0,18,1207,21,5,73,0,,2,54.0,0,,1,192.0,1,160.0,15,30,15,70.0,0,,2.0,150.0,19.0,9.0,영일로21번길,1281.818181818182,동향,26,0,57,24,118,78,14.0,0,2
44.0,500.0,60.0,2001.0,영일로21번길,단독,37.2500458,127.0760096,0,18,1207,21,5,73,0,,2,54.0,0,,1,192.0,1,160.0,15,30,15,70.0,0,,2.0,150.0,19.0,9.0,영일로21번길,1590.909090909091,동향,26,0,57,24,118,78,14.0,0,2
26.0,,20.0,2000.0,반달로,다가구,37.25136983,127.0780484,4,106,1624,48,5,29,0,,2,110.0,2,134.0,1,159.0,0,,12,74,15,37.0,1,186.0,2.0,158.0,31.0,21.0,반달로,,남향,27,0,55,0,104,48,8.0,0,0
22.0,,0.0,2001.0,반달로,다가구,37.25136983,127.0780484,4,106,1624,48,5,29,0,,2,110.0,2,134.0,1,159.0,0,,12,74,15,37.0,1,186.0,2.0,158.0,31.0,21.0,반달로,,남향,27,0,55,0,104,48,8.0,0,0
43.0,,15.0,2001.0,청명북로,다가구,37.25200089,127.0786442,4,106,2013,48,5,29,0,,2,110.0,2,134.0,1,159.0,0,,12,74,15,37.0,1,186.0,2.0,158.0,30.0,20.0,청명북로7번길,,동향,19,0,42,0,99,38,1.0,0,0
26.0,,40.0,2002.0,매영로425번길,다가구,37.24886123,127.0779064,0,18,1237,21,5,73,0,,2,54.0,0,,1,192.0,1,160.0,15,30,15,70.0,0,,2.0,150.0,27.0,17.0,매영로425번길,,동향,26,6,49,27,103,80,8.0,0,5
26.0,500.0,38.0,2001.0,봉영로1482번길,다가구,37.24532934,127.0665258,5,27,1983,11,2,27,0,,2,172.0,1,172.0,0,,4,20.0,15,23,0,,1,181.0,,,35.0,25.0,봉영로1482번길,1190.909090909091,Unknown,16,9,36,17,145,98,16.0,0,8
30.0,,0.0,2000.0,청명남로50번길,다가구,37.25344537,127.0770957,15,28,2343,22,5,46,0,,1,103.0,2,111.0,3,111.0,0,,15,66,15,34.0,1,123.0,9.0,84.0,29.0,19.0,청명남로50번길,,서향,19,0,49,0,108,32,8.0,0,1
20.0,,1.0,2003.0,봉영로1482번길,다가구,37.24532934,127.0665258,5,27,1983,11,2,27,0,,2,172.0,1,172.0,0,,4,20.0,15,23,0,,1,181.0,,,35.0,25.0,봉영로1482번길,,Unknown,16,9,36,17,145,98,16.0,0,8
28.0,500.0,47.0,2001.0,반달로,단독,37.25136983,127.0780484,4,106,1624,48,5,29,0,,2,110.0,2,134.0,1,159.0,0,,12,74,15,37.0,1,186.0,2.0,158.0,31.0,21.0,반달로,1354.5454545454545,남향,27,0,55,0,104,48,8.0,0,0
22.0,300.0,38.0,2001.0,청명로,다가구,37.24870316,127.0795838,0,18,1345,21,5,73,0,,2,54.0,0,,1,192.0,1,160.0,15,30,15,70.0,0,,2.0,150.0,21.0,11.0,청명로,990.9090909090908,서향,21,3,38,14,95,80,10.0,0,2
24.0,500.0,43.0,1998.0,청명남로50번길,다가구,37.25344537,127.0770957,15,28,2343,22,5,46,0,,1,103.0,2,111.0,3,111.0,0,,15,66,15,34.0,1,123.0,9.0,84.0,29.0,19.0,청명남로50번길,1281.818181818182,서향,19,0,49,0,108,32,8.0,0,1
30.0,,0.0,2000.0,청명남로50번길,다가구,37.25344537,127.0770957,15,28,2343,22,5,46,0,,1,103.0,2,111.0,3,111.0,0,,15,66,15,34.0,1,123.0,9.0,84.0,29.0,19.0,청명남로50번길,,서향,19,0,49,0,108,32,8.0,0,1
23.0,300.0,44.0,2002.0,반달로,다가구,37.25136983,127.0780484,4,106,1624,48,5,29,0,,2,110.0,2,134.0,1,159.0,0,,12,74,15,37.0,1,186.0,2.0,158.0,31.0,21.0,반달로,1100.0,남향,27,0,55,0,104,48,8.0,0,0
24.0,500.0,43.0,2001.0,매영로415번길,다가구,37.24926384,127.0767878,0,18,1184,21,5,73,0,,2,54.0,0,,1,192.0,1,160.0,15,30,15,70.0,0,,2.0,150.0,18.0,8.0,매영로415번길,1281.818181818182,서향,26,2,51,28,110,81,12.0,0,4
23.0,500.0,42.0,2001.0,청명북로,다가구,37.25200089,127.0786442,4,106,2013,48,5,29,0,,2,110.0,2,134.0,1,159.0,0,,12,74,15,37.0,1,186.0,2.0,158.0,30.0,20.0,청명북로7번길,1263.6363636363635,동향,19,0,42,0,99,38,1.0,0,0
40.0,500.0,75.0,2002.0,반달로,다가구,37.25136983,127.0780484,4,106,1624,48,5,29,0,,2,110.0,2,134.0,1,159.0,0,,12,74,15,37.0,1,186.0,2.0,158.0,31.0,21.0,반달로,1863.6363636363635,남향,27,0,55,0,104,48,8.0,0,0
26.4,500.0,46.0,2001.0,영일로,다가구,37.24791274,127.0754779,14,14,1031,11,3,27,0,,0,,0,,1,77.0,2,146.0,15,36,15,11.0,1,158.0,1.0,84.0,20.0,10.0,덕영대로1681번길,1336.3636363636365,동향,26,28,48,36,124,98,15.0,0,4
23.86,500.0,43.0,2000.0,청명남로4번길,다가구,37.25000708,127.0739079,10,22,1276,14,3,61,0,,2,176.0,1,58.0,1,190.0,1,144.0,15,15,15,34.0,1,96.0,3.0,175.0,24.0,14.0,청명남로4번길,1281.818181818182,서향,17,0,53,24,131,86,16.0,1,4
20.0,500.0,39.0,1999.0,매영로398번길,다가구,37.24891486,127.0750246,14,14,1125,11,3,27,0,,0,,0,,1,77.0,2,146.0,15,36,15,11.0,1,158.0,1.0,84.0,23.0,13.0,매영로398번길,1209.090909090909,동향,21,9,55,33,125,96,16.0,2,3
24.0,500.0,43.0,1998.0,청명남로50번길,다가구,37.25344537,127.0770957,15,28,2343,22,5,46,0,,1,103.0,2,111.0,3,111.0,0,,15,66,15,34.0,1,123.0,9.0,84.0,29.0,19.0,청명남로50번길,1281.818181818182,서향,19,0,49,0,108,32,8.0,0,1
26.4,500.0,41.0,2002.0,청명북로,다가구,37.25200089,127.0786442,4,106,2013,48,5,29,0,,2,110.0,2,134.0,1,159.0,0,,12,74,15,37.0,1,186.0,2.0,158.0,30.0,20.0,청명북로7번길,1245.4545454545455,동향,19,0,42,0,99,38,1.0,0,0
29.26,500.0,47.0,,매영로415번길,다가구,37.24926384,127.0767878,0,18,1184,21,5,73,0,,2,54.0,0,,1,192.0,1,160.0,15,30,15,70.0,0,,2.0,150.0,18.0,8.0,매영로415번길,1354.5454545454545,서향,26,2,51,28,110,81,12.0,0,4
28.0,,0.0,1998.0,청명북로,다가구,37.25200089,127.0786442,4,106,2013,48,5,29,0,,2,110.0,2,134.0,1,159.0,0,,12,74,15,37.0,1,186.0,2.0,158.0,30.0,20.0,청명북로7번길,,동향,19,0,42,0,99,38,1.0,0,0
25.0,500.0,39.0,2001.0,반달로,다가구,37.25136983,127.0780484,4,106,1624,48,5,29,0,,2,110.0,2,134.0,1,159.0,0,,12,74,15,37.0,1,186.0,2.0,158.0,31.0,21.0,반달로,1209.090909090909,남향,27,0,55,0,104,48,8.0,0,0
22.0,,35.0,2003.0,청명북로7번길,다가구,37.25230411,127.0789528,4,106,2013,48,5,29,0,,2,110.0,2,134.0,1,159.0,0,,12,74,15,37.0,1,186.0,2.0,158.0,30.0,20.0,청명북로7번길,,서향,19,0,42,0,99,38,1.0,0,0
25.0,500.0,43.0,2001.0,매영로415번길,단독,37.24926384,127.0767878,0,18,1184,21,5,73,0,,2,54.0,0,,1,192.0,1,160.0,15,30,15,70.0,0,,2.0,150.0,18.0,8.0,매영로415번길,1281.818181818182,서향,26,2,51,28,110,81,12.0,0,4
22.0,300.0,30.0,1998.0,매영로415번길,다가구,37.24926384,127.0767878,0,18,1184,21,5,73,0,,2,54.0,0,,1,192.0,1,160.0,15,30,15,70.0,0,,2.0,150.0,18.0,8.0,매영로415번길,845.4545454545455,서향,26,2,51,28,110,81,12.0,0,4
24.0,300.0,45.0,2007.0,청명남로4번길,다가구,37.25000708,127.0739079,10,22,1276,14,3,61,0,,2,176.0,1,58.0,1,190.0,1,144.0,15,15,15,34.0,1,96.0,3.0,175.0,24.0,14.0,청명남로4번길,1118.181818181818,서향,17,0,53,24,131,86,16.0,1,4
17.14,300.0,36.0,2001.0,영일로,다가구,37.24791274,127.0754779,14,14,1031,11,3,27,0,,0,,0,,1,77.0,2,146.0,15,36,15,11.0,1,158.0,1.0,84.0,20.0,10.0,덕영대로1681번길,954.5454545454544,동향,26,28,48,36,124,98,15.0,0,4
17.14,300.0,36.0,2001.0,영일로,다가구,37.24791274,127.0754779,14,14,1031,11,3,27,0,,0,,0,,1,77.0,2,146.0,15,36,15,11.0,1,158.0,1.0,84.0,20.0,10.0,덕영대로1681번길,954.5454545454544,동향,26,28,48,36,124,98,15.0,0,4
24.0,500.0,44.0,2000.0,덕영대로1681번길,다가구,37.2480919,127.0753141,14,14,1031,11,3,27,0,,0,,0,,1,77.0,2,146.0,15,36,15,11.0,1,158.0,1.0,84.0,20.0,10.0,덕영대로1681번길,1300.0,동향,26,28,48,36,124,98,15.0,1,3
24.0,500.0,47.0,,청명로59번길,다가구,37.25238872,127.0797521,4,106,2013,48,5,29,0,,2,110.0,2,134.0,1,159.0,0,,12,74,15,37.0,1,186.0,2.0,158.0,30.0,20.0,청명북로7번길,1354.5454545454545,서향,19,0,42,0,99,38,1.0,0,0
24.0,300.0,35.0,1999.0,청명로43번길,다가구,37.25122722,127.0804941,4,106,1687,48,5,29,0,,2,110.0,2,134.0,1,159.0,0,,12,74,15,37.0,1,186.0,2.0,158.0,28.0,18.0,청명로43번길,936.3636363636364,서향,16,0,37,0,93,45,5.0,0,0
26.4,500.0,43.0,2001.0,청명남로4번길,다가구,37.25000708,127.0739079,10,22,1276,14,3,61,0,,2,176.0,1,58.0,1,190.0,1,144.0,15,15,15,34.0,1,96.0,3.0,175.0,24.0,14.0,청명남로4번길,1281.818181818182,서향,17,0,53,24,131,86,16.0,1,4
20.0,500.0,40.0,2000.0,청명로59번길,다가구,37.25238872,127.0797521,4,106,2013,48,5,29,0,,2,110.0,2,134.0,1,159.0,0,,12,74,15,37.0,1,186.0,2.0,158.0,30.0,20.0,청명북로7번길,1227.2727272727273,서향,19,0,42,0,99,38,1.0,0,0
26.0,500.0,43.0,2000.0,청명북로7번길,다가구,37.25230411,127.0789528,4,106,2013,48,5,29,0,,2,110.0,2,134.0,1,159.0,0,,12,74,15,37.0,1,186.0,2.0,158.0,30.0,20.0,청명북로7번길,1281.818181818182,서향,19,0,42,0,99,38,1.0,0,0
26.0,500.0,43.0,2000.0,청명북로7번길,다가구,37.25230411,127.0789528,4,106,2013,48,5,29,0,,2,110.0,2,134.0,1,159.0,0,,12,74,15,37.0,1,186.0,2.0,158.0,30.0,20.0,청명북로7번길,1281.818181818182,서향,19,0,42,0,99,38,1.0,0,0
26.4,500.0,42.0,2000.0,매영로398번길,다가구,37.24891486,127.0750246,14,14,1125,11,3,27,0,,0,,0,,1,77.0,2,146.0,15,36,15,11.0,1,158.0,1.0,84.0,23.0,13.0,매영로398번길,1263.6363636363635,동향,21,9,55,33,125,96,16.0,2,3
26.0,500.0,50.0,2001.0,매영로415번길,다가구,37.24926384,127.0767878,0,18,1184,21,5,73,0,,2,54.0,0,,1,192.0,1,160.0,15,30,15,70.0,0,,2.0,150.0,18.0,8.0,매영로415번길,1409.090909090909,서향,26,2,51,28,110,81,12.0,0,4
26.4,300.0,38.0,2003.0,청명로43번길,단독,37.25122722,127.0804941,4,106,1687,48,5,29,0,,2,110.0,2,134.0,1,159.0,0,,12,74,15,37.0,1,186.0,2.0,158.0,28.0,18.0,청명로43번길,990.9090909090908,서향,16,0,37,0,93,45,5.0,0,0
26.4,300.0,41.0,,청명로43번길,단독,37.25122722,127.0804941,4,106,1687,48,5,29,0,,2,110.0,2,134.0,1,159.0,0,,12,74,15,37.0,1,186.0,2.0,158.0,28.0,18.0,청명로43번길,1045.4545454545455,서향,16,0,37,0,93,45,5.0,0,0
26.4,500.0,47.0,2002.0,청명로59번길,다가구,37.25238872,127.0797521,4,106,2013,48,5,29,0,,2,110.0,2,134.0,1,159.0,0,,12,74,15,37.0,1,186.0,2.0,158.0,30.0,20.0,청명북로7번길,1354.5454545454545,서향,19,0,42,0,99,38,1.0,0,0
22.0,,0.0,2001.0,반달로,다가구,37.25136983,127.0780484,4,106,1624,48,5,29,0,,2,110.0,2,134.0,1,159.0,0,,12,74,15,37.0,1,186.0,2.0,158.0,31.0,21.0,반달로,,남향,27,0,55,0,104,48,8.0,0,0
22.0,500.0,42.0,2002.0,청명남로12번길,다가구,37.25082627,127.0747557,10,22,1635,14,3,61,0,,2,176.0,1,58.0,1,190.0,1,144.0,15,15,15,34.0,1,96.0,3.0,175.0,22.0,12.0,청명남로12번길,1263.6363636363635,서향,20,0,54,9,125,63,16.0,0,3
24.0,500.0,43.0,2002.0,영일로21번길,다가구,37.2500458,127.0760096,0,18,1207,21,5,73,0,,2,54.0,0,,1,192.0,1,160.0,15,30,15,70.0,0,,2.0,150.0,19.0,9.0,영일로21번길,1281.818181818182,동향,26,0,57,24,118,78,14.0,0,2
35.0,500.0,50.0,,영일로,다가구,37.24791274,127.0754779,14,14,1031,11,3,27,0,,0,,0,,1,77.0,2,146.0,15,36,15,11.0,1,158.0,1.0,84.0,20.0,10.0,덕영대로1681번길,1409.090909090909,동향,26,28,48,36,124,98,15.0,0,4
24.0,300.0,38.0,2001.0,청명로,단독,37.24870316,127.0795838,0,18,1345,21,5,73,0,,2,54.0,0,,1,192.0,1,160.0,15,30,15,70.0,0,,2.0,150.0,21.0,11.0,청명로,990.9090909090908,서향,21,3,38,14,95,80,10.0,0,2
24.0,,0.0,2001.0,반달로,다가구,37.25136983,127.0780484,4,106,1624,48,5,29,0,,2,110.0,2,134.0,1,159.0,0,,12,74,15,37.0,1,186.0,2.0,158.0,31.0,21.0,반달로,,남향,27,0,55,0,104,48,8.0,0,0
21.0,700.0,45.0,2001.0,청명로59번길,단독,37.25238872,127.0797521,4,106,2013,48,5,29,0,,2,110.0,2,134.0,1,159.0,0,,12,74,15,37.0,1,186.0,2.0,158.0,30.0,20.0,청명북로7번길,1518.181818181818,서향,19,0,42,0,99,38,1.0,0,0
21.48,500.0,35.0,2001.0,봉영로1482번길,다가구,37.24532934,127.0665258,5,27,1983,11,2,27,0,,2,172.0,1,172.0,0,,4,20.0,15,23,0,,1,181.0,,,35.0,25.0,봉영로1482번길,1136.3636363636365,Unknown,16,9,36,17,145,98,16.0,0,8
24.0,,0.0,2002.0,매영로425번길,다가구,37.24886123,127.0779064,0,18,1237,21,5,73,0,,2,54.0,0,,1,192.0,1,160.0,15,30,15,70.0,0,,2.0,150.0,27.0,17.0,매영로425번길,,동향,26,6,49,27,103,80,8.0,0,5
24.0,500.0,43.0,2000.0,청명남로4번길,다가구,37.25000708,127.0739079,10,22,1276,14,3,61,0,,2,176.0,1,58.0,1,190.0,1,144.0,15,15,15,34.0,1,96.0,3.0,175.0,24.0,14.0,청명남로4번길,1281.818181818182,서향,17,0,53,24,131,86,16.0,1,4
20.0,,11.0,2001.0,봉영로1482번길,다가구,37.24532934,127.0665258,5,27,1983,11,2,27,0,,2,172.0,1,172.0,0,,4,20.0,15,23,0,,1,181.0,,,35.0,25.0,봉영로1482번길,,Unknown,16,9,36,17,145,98,16.0,0,8
24.0,500.0,43.0,2001.0,매영로398번길,다가구,37.24891486,127.0750246,14,14,1125,11,3,27,0,,0,,0,,1,77.0,2,146.0,15,36,15,11.0,1,158.0,1.0,84.0,23.0,13.0,매영로398번길,1281.818181818182,동향,21,9,55,33,125,96,16.0,2,3
114.0,,140.0,2022.0,청명북로,다가구,37.25200089,127.0786442,4,106,2013,48,5,29,0,,2,110.0,2,134.0,1,159.0,0,,12,74,15,37.0,1,186.0,2.0,158.0,30.0,20.0,청명북로7번길,,동향,19,0,42,0,99,38,1.0,0,0
21.0,500.0,39.0,2001.0,청명남로50번길,다가구,37.25344537,127.0770957,15,28,2343,22,5,46,0,,1,103.0,2,111.0,3,111.0,0,,15,66,15,34.0,1,123.0,9.0,84.0,29.0,19.0,청명남로50번길,1209.090909090909,서향,19,0,49,0,108,32,8.0,0,1
202.6,500.0,42.0,2000.0,청명로59번길,단독,37.25238872,127.0797521,4,106,2013,48,5,29,0,,2,110.0,2,134.0,1,159.0,0,,12,74,15,37.0,1,186.0,2.0,158.0,30.0,20.0,청명북로7번길,1263.6363636363635,서향,19,0,42,0,99,38,1.0,0,0
26.4,500.0,50.0,2004.0,영일로,다가구,37.24791274,127.0754779,14,14,1031,11,3,27,0,,0,,0,,1,77.0,2,146.0,15,36,15,11.0,1,158.0,1.0,84.0,20.0,10.0,덕영대로1681번길,1409.090909090909,동향,26,28,48,36,124,98,15.0,0,4
25.0,500.0,45.0,2000.0,청명로,다가구,37.24870316,127.0795838,0,18,1345,21,5,73,0,,2,54.0,0,,1,192.0,1,160.0,15,30,15,70.0,0,,2.0,150.0,21.0,11.0,청명로,1318.181818181818,서향,21,3,38,14,95,80,10.0,0,2
26.4,500.0,44.0,2000.0,매영로415번길,다가구,37.24926384,127.0767878,0,18,1184,21,5,73,0,,2,54.0,0,,1,192.0,1,160.0,15,30,15,70.0,0,,2.0,150.0,18.0,8.0,매영로415번길,1300.0,서향,26,2,51,28,110,81,12.0,0,4
26.4,500.0,44.0,2000.0,매영로415번길,다가구,37.24926384,127.0767878,0,18,1184,21,5,73,0,,2,54.0,0,,1,192.0,1,160.0,15,30,15,70.0,0,,2.0,150.0,18.0,8.0,매영로415번길,1300.0,서향,26,2,51,28,110,81,12.0,0,4
21.0,500.0,43.0,2002.0,영일로21번길,단독,37.2500458,127.0760096,0,18,1207,21,5,73,0,,2,54.0,0,,1,192.0,1,160.0,15,30,15,70.0,0,,2.0,150.0,19.0,9.0,영일로21번길,1281.818181818182,동향,26,0,57,24,118,78,14.0,0,2
26.4,500.0,40.0,1999.0,청명로59번길,다가구,37.25238872,127.0797521,4,106,2013,48,5,29,0,,2,110.0,2,134.0,1,159.0,0,,12,74,15,37.0,1,186.0,2.0,158.0,30.0,20.0,청명북로7번길,1227.2727272727273,서향,19,0,42,0,99,38,1.0,0,0
100.0,,70.0,1999.0,청명남로4번길,다가구,37.25000708,127.0739079,10,22,1276,14,3,61,0,,2,176.0,1,58.0,1,190.0,1,144.0,15,15,15,34.0,1,96.0,3.0,175.0,24.0,14.0,청명남로4번길,,서향,17,0,53,24,131,86,16.0,1,4
40.0,,66.0,2001.0,매영로415번길,다가구,37.24926384,127.0767878,0,18,1184,21,5,73,0,,2,54.0,0,,1,192.0,1,160.0,15,30,15,70.0,0,,2.0,150.0,18.0,8.0,매영로415번길,,서향,26,2,51,28,110,81,12.0,0,4
24.0,500.0,35.0,2001.0,덕영대로1673번길,다가구,37.24816244,127.0743831,14,14,1031,11,3,27,0,,0,,0,,1,77.0,2,146.0,15,36,15,11.0,1,158.0,1.0,84.0,20.0,10.0,덕영대로1681번길,1136.3636363636365,동향,26,28,48,36,124,98,15.0,0,4
26.41,500.0,46.0,2000.0,매영로415번길,다가구,37.24926384,127.0767878,0,18,1184,21,5,73,0,,2,54.0,0,,1,192.0,1,160.0,15,30,15,70.0,0,,2.0,150.0,18.0,8.0,매영로415번길,1336.3636363636365,서향,26,2,51,28,110,81,12.0,0,4
21.34,500.0,42.0,2001.0,덕영대로1681번길,다가구,37.2480919,127.0753141,14,14,1031,11,3,27,0,,0,,0,,1,77.0,2,146.0,15,36,15,11.0,1,158.0,1.0,84.0,20.0,10.0,덕영대로1681번길,1263.6363636363635,동향,26,28,48,36,124,98,15.0,1,3
26.4,500.0,36.0,2000.0,청명로59번길,다가구,37.25238872,127.0797521,4,106,2013,48,5,29,0,,2,110.0,2,134.0,1,159.0,0,,12,74,15,37.0,1,186.0,2.0,158.0,30.0,20.0,청명북로7번길,1154.5454545454545,서향,19,0,42,0,99,38,1.0,0,0
26.41,500.0,46.0,2000.0,매영로415번길,다가구,37.24926384,127.0767878,0,18,1184,21,5,73,0,,2,54.0,0,,1,192.0,1,160.0,15,30,15,70.0,0,,2.0,150.0,18.0,8.0,매영로415번길,1336.3636363636365,서향,26,2,51,28,110,81,12.0,0,4
20.63,500.0,43.0,2001.0,청명남로50번길,다가구,37.25344537,127.0770957,15,28,2343,22,5,46,0,,1,103.0,2,111.0,3,111.0,0,,15,66,15,34.0,1,123.0,9.0,84.0,29.0,19.0,청명남로50번길,1281.818181818182,서향,19,0,49,0,108,32,8.0,0,1
23.27,500.0,47.0,,영일로,다가구,37.24791274,127.0754779,14,14,1031,11,3,27,0,,0,,0,,1,77.0,2,146.0,15,36,15,11.0,1,158.0,1.0,84.0,20.0,10.0,덕영대로1681번길,1354.5454545454545,동향,26,28,48,36,124,98,15.0,0,4
26.4,500.0,41.0,2001.0,청명남로4번길,다가구,37.25000708,127.0739079,10,22,1276,14,3,61,0,,2,176.0,1,58.0,1,190.0,1,144.0,15,15,15,34.0,1,96.0,3.0,175.0,24.0,14.0,청명남로4번길,1245.4545454545455,서향,17,0,53,24,131,86,16.0,1,4
26.4,500.0,42.0,2001.0,청명로59번길,다가구,37.25238872,127.0797521,4,106,2013,48,5,29,0,,2,110.0,2,134.0,1,159.0,0,,12,74,15,37.0,1,186.0,2.0,158.0,30.0,20.0,청명북로7번길,1263.6363636363635,서향,19,0,42,0,99,38,1.0,0,0
26.4,500.0,42.0,2001.0,청명로59번길,다가구,37.25238872,127.0797521,4,106,2013,48,5,29,0,,2,110.0,2,134.0,1,159.0,0,,12,74,15,37.0,1,186.0,2.0,158.0,30.0,20.0,청명북로7번길,1263.6363636363635,서향,19,0,42,0,99,38,1.0,0,0
26.0,,20.0,2000.0,덕영대로1673번길,다가구,37.24816244,127.0743831,14,14,1031,11,3,27,0,,0,,0,,1,77.0,2,146.0,15,36,15,11.0,1,158.0,1.0,84.0,20.0,10.0,덕영대로1681번길,,동향,26,28,48,36,124,98,15.0,0,4
28.0,500.0,45.0,1998.0,매영로415번길,단독,37.24926384,127.0767878,0,18,1184,21,5,73,0,,2,54.0,0,,1,192.0,1,160.0,15,30,15,70.0,0,,2.0,150.0,18.0,8.0,매영로415번길,1318.181818181818,서향,26,2,51,28,110,81,12.0,0,4
23.0,500.0,46.0,,청명로59번길,다가구,37.25238872,127.0797521,4,106,2013,48,5,29,0,,2,110.0,2,134.0,1,159.0,0,,12,74,15,37.0,1,186.0,2.0,158.0,30.0,20.0,청명북로7번길,1336.3636363636365,서향,19,0,42,0,99,38,1.0,0,0
26.4,500.0,40.0,2002.0,매영로425번길,다가구,37.24886123,127.0779064,0,18,1237,21,5,73,0,,2,54.0,0,,1,192.0,1,160.0,15,30,15,70.0,0,,2.0,150.0,27.0,17.0,매영로425번길,1227.2727272727273,동향,26,6,49,27,103,80,8.0,0,5
26.4,300.0,43.0,2000.0,반달로,다가구,37.25136983,127.0780484,4,106,1624,48,5,29,0,,2,110.0,2,134.0,1,159.0,0,,12,74,15,37.0,1,186.0,2.0,158.0,31.0,21.0,반달로,1081.818181818182,남향,27,0,55,0,104,48,8.0,0,0
50.0,,10.0,1998.0,영일로,다가구,37.24791274,127.0754779,14,14,1031,11,3,27,0,,0,,0,,1,77.0,2,146.0,15,36,15,11.0,1,158.0,1.0,84.0,20.0,10.0,덕영대로1681번길,,동향,26,28,48,36,124,98,15.0,0,4
27.0,500.0,45.0,2000.0,매영로415번길,다가구,37.24926384,127.0767878,0,18,1184,21,5,73,0,,2,54.0,0,,1,192.0,1,160.0,15,30,15,70.0,0,,2.0,150.0,18.0,8.0,매영로415번길,1318.181818181818,서향,26,2,51,28,110,81,12.0,0,4
26.4,500.0,43.0,2004.0,영일로,다가구,37.24791274,127.0754779,14,14,1031,11,3,27,0,,0,,0,,1,77.0,2,146.0,15,36,15,11.0,1,158.0,1.0,84.0,20.0,10.0,덕영대로1681번길,1281.818181818182,동향,26,28,48,36,124,98,15.0,0,4
38.0,,35.0,2001.0,봉영로1482번길,다가구,37.24532934,127.0665258,5,27,1983,11,2,27,0,,2,172.0,1,172.0,0,,4,20.0,15,23,0,,1,181.0,,,35.0,25.0,봉영로1482번길,,Unknown,16,9,36,17,145,98,16.0,0,8
21.0,500.0,43.0,,영일로21번길,단독,37.2500458,127.0760096,0,18,1207,21,5,73,0,,2,54.0,0,,1,192.0,1,160.0,15,30,15,70.0,0,,2.0,150.0,19.0,9.0,영일로21번길,1281.818181818182,동향,26,0,57,24,118,78,14.0,0,2
26.4,500.0,47.0,2002.0,청명로59번길,다가구,37.25238872,127.0797521,4,106,2013,48,5,29,0,,2,110.0,2,134.0,1,159.0,0,,12,74,15,37.0,1,186.0,2.0,158.0,30.0,20.0,청명북로7번길,1354.5454545454545,서향,19,0,42,0,99,38,1.0,0,0
28.0,,0.0,1999.0,청명로59번길,다가구,37.25238872,127.0797521,4,106,2013,48,5,29,0,,2,110.0,2,134.0,1,159.0,0,,12,74,15,37.0,1,186.0,2.0,158.0,30.0,20.0,청명북로7번길,,서향,19,0,42,0,99,38,1.0,0,0
26.0,500.0,46.0,2001.0,매영로398번길,단독,37.24891486,127.0750246,14,14,1125,11,3,27,0,,0,,0,,1,77.0,2,146.0,15,36,15,11.0,1,158.0,1.0,84.0,23.0,13.0,매영로398번길,1336.3636363636365,동향,21,9,55,33,125,96,16.0,2,3
24.34,500.0,40.0,2001.0,반달로,다가구,37.25136983,127.0780484,4,106,1624,48,5,29,0,,2,110.0,2,134.0,1,159.0,0,,12,74,15,37.0,1,186.0,2.0,158.0,31.0,21.0,반달로,1227.2727272727273,남향,27,0,55,0,104,48,8.0,0,0
22.0,500.0,41.0,2001.0,매영로415번길,단독,37.24926384,127.0767878,0,18,1184,21,5,73,0,,2,54.0,0,,1,192.0,1,160.0,15,30,15,70.0,0,,2.0,150.0,18.0,8.0,매영로415번길,1245.4545454545455,서향,26,2,51,28,110,81,12.0,0,4
24.0,,20.0,2003.0,청명남로12번길,다가구,37.25082627,127.0747557,10,22,1635,14,3,61,0,,2,176.0,1,58.0,1,190.0,1,144.0,15,15,15,34.0,1,96.0,3.0,175.0,22.0,12.0,청명남로12번길,,서향,20,0,54,9,125,63,16.0,0,3
26.0,,11.0,1999.0,청명로59번길,다가구,37.25238872,127.0797521,4,106,2013,48,5,29,0,,2,110.0,2,134.0,1,159.0,0,,12,74,15,37.0,1,186.0,2.0,158.0,30.0,20.0,청명북로7번길,,서향,19,0,42,0,99,38,1.0,0,0
104.0,,100.0,1998.0,청명남로50번길,다가구,37.25344537,127.0770957,15,28,2343,22,5,46,0,,1,103.0,2,111.0,3,111.0,0,,15,66,15,34.0,1,123.0,9.0,84.0,29.0,19.0,청명남로50번길,,서향,19,0,49,0,108,32,8.0,0,1
37.0,500.0,50.0,2000.0,청명북로7번길,다가구,37.25230411,127.0789528,4,106,2013,48,5,29,0,,2,110.0,2,134.0,1,159.0,0,,12,74,15,37.0,1,186.0,2.0,158.0,30.0,20.0,청명북로7번길,1409.090909090909,서향,19,0,42,0,99,38,1.0,0,0
26.4,500.0,46.0,2001.0,영일로,다가구,37.24791274,127.0754779,14,14,1031,11,3,27,0,,0,,0,,1,77.0,2,146.0,15,36,15,11.0,1,158.0,1.0,84.0,20.0,10.0,덕영대로1681번길,1336.3636363636365,동향,26,28,48,36,124,98,15.0,0,4
26.4,500.0,50.0,2001.0,덕영대로1681번길,다가구,37.2480919,127.0753141,14,14,1031,11,3,27,0,,0,,0,,1,77.0,2,146.0,15,36,15,11.0,1,158.0,1.0,84.0,20.0,10.0,덕영대로1681번길,1409.090909090909,동향,26,28,48,36,124,98,15.0,1,3
23.27,500.0,47.0,2001.0,영일로,다가구,37.24791274,127.0754779,14,14,1031,11,3,27,0,,0,,0,,1,77.0,2,146.0,15,36,15,11.0,1,158.0,1.0,84.0,20.0,10.0,덕영대로1681번길,1354.5454545454545,동향,26,28,48,36,124,98,15.0,0,4
29.05,500.0,43.0,2000.0,청명남로50번길,다가구,37.25344537,127.0770957,15,28,2343,22,5,46,0,,1,103.0,2,111.0,3,111.0,0,,15,66,15,34.0,1,123.0,9.0,84.0,29.0,19.0,청명남로50번길,1281.818181818182,서향,19,0,49,0,108,32,8.0,0,1
50.0,,0.0,2002.0,영일로21번길,다가구,37.2500458,127.0760096,0,18,1207,21,5,73,0,,2,54.0,0,,1,192.0,1,160.0,15,30,15,70.0,0,,2.0,150.0,19.0,9.0,영일로21번길,,동향,26,0,57,24,118,78,14.0,0,2
31.0,,35.0,,영통로200번길,다가구,37.24427878,127.0630652,6,27,2012,11,6,65,0,,3,178.0,4,94.0,2,89.0,0,,15,52,15,5.0,0,,3.0,108.0,-1.0,,,,동향,0,0,0,0,0,0,,2,3
23.0,,0.0,2001.0,영일로,다가구,37.24791274,127.0754779,14,14,1031,11,3,27,0,,0,,0,,1,77.0,2,146.0,15,36,15,11.0,1,158.0,1.0,84.0,20.0,10.0,덕영대로1681번길,,동향,26,28,48,36,124,98,15.0,0,4
26.0,500.0,36.0,2001.0,청명로59번길,단독,37.25238872,127.0797521,4,106,2013,48,5,29,0,,2,110.0,2,134.0,1,159.0,0,,12,74,15,37.0,1,186.0,2.0,158.0,30.0,20.0,청명북로7번길,1154.5454545454545,서향,19,0,42,0,99,38,1.0,0,0
23.0,300.0,41.0,2000.0,청명북로,다가구,37.25200089,127.0786442,4,106,2013,48,5,29,0,,2,110.0,2,134.0,1,159.0,0,,12,74,15,37.0,1,186.0,2.0,158.0,30.0,20.0,청명북로7번길,1045.4545454545455,동향,19,0,42,0,99,38,1.0,0,0
23.0,500.0,43.0,2001.0,매영로415번길,다가구,37.24926384,127.0767878,0,18,1184,21,5,73,0,,2,54.0,0,,1,192.0,1,160.0,15,30,15,70.0,0,,2.0,150.0,18.0,8.0,매영로415번길,1281.818181818182,서향,26,2,51,28,110,81,12.0,0,4
28.0,300.0,38.0,2000.0,청명남로4번길,다가구,37.25000708,127.0739079,10,22,1276,14,3,61,0,,2,176.0,1,58.0,1,190.0,1,144.0,15,15,15,34.0,1,96.0,3.0,175.0,24.0,14.0,청명남로4번길,990.9090909090908,서향,17,0,53,24,131,86,16.0,1,4
24.0,500.0,43.0,2001.0,청명북로7번길,다가구,37.25230411,127.0789528,4,106,2013,48,5,29,0,,2,110.0,2,134.0,1,159.0,0,,12,74,15,37.0,1,186.0,2.0,158.0,30.0,20.0,청명북로7번길,1281.818181818182,서향,19,0,42,0,99,38,1.0,0,0
25.0,300.0,44.0,1999.0,청명남로4번길,다가구,37.25000708,127.0739079,10,22,1276,14,3,61,0,,2,176.0,1,58.0,1,190.0,1,144.0,15,15,15,34.0,1,96.0,3.0,175.0,24.0,14.0,청명남로4번길,1100.0,서향,17,0,53,24,131,86,16.0,1,4
26.0,,34.0,2000.0,청명북로7번길,다가구,37.25230411,127.0789528,4,106,2013,48,5,29,0,,2,110.0,2,134.0,1,159.0,0,,12,74,15,37.0,1,186.0,2.0,158.0,30.0,20.0,청명북로7번길,,서향,19,0,42,0,99,38,1.0,0,0
30.0,500.0,43.0,2000.0,청명로77번길,다가구,37.25351842,127.078502,15,28,2050,22,5,46,0,,1,103.0,2,111.0,3,111.0,0,,15,66,15,34.0,1,123.0,9.0,84.0,32.0,22.0,청명로77번길,1281.818181818182,서향,17,0,41,0,102,32,2.0,0,1
45.0,500.0,40.0,2001.0,봉영로1482번길,단독,37.24532934,127.0665258,5,27,1983,11,2,27,0,,2,172.0,1,172.0,0,,4,20.0,15,23,0,,1,181.0,,,35.0,25.0,봉영로1482번길,1227.2727272727273,Unknown,16,9,36,17,145,98,16.0,0,8
24.0,,0.0,2002.0,청명로,다가구,37.24870316,127.0795838,0,18,1345,21,5,73,0,,2,54.0,0,,1,192.0,1,160.0,15,30,15,70.0,0,,2.0,150.0,21.0,11.0,청명로,,서향,21,3,38,14,95,80,10.0,0,2
22.0,300.0,37.0,2001.0,청명남로12번길,단독,37.25082627,127.0747557,10,22,1635,14,3,61,0,,2,176.0,1,58.0,1,190.0,1,144.0,15,15,15,34.0,1,96.0,3.0,175.0,22.0,12.0,청명남로12번길,972.7272727272727,서향,20,0,54,9,125,63,16.0,0,3
96.0,,125.0,2018.0,영통로213번길,다가구,37.24650622,127.0562194,6,27,2012,11,6,65,0,,3,178.0,4,94.0,2,89.0,0,,15,52,15,5.0,0,,3.0,108.0,-1.0,,,,서향,0,0,0,0,0,0,,2,5
26.0,500.0,43.0,2001.0,덕영대로1681번길,다가구,37.2480919,127.0753141,14,14,1031,11,3,27,0,,0,,0,,1,77.0,2,146.0,15,36,15,11.0,1,158.0,1.0,84.0,20.0,10.0,덕영대로1681번길,1281.818181818182,동향,26,28,48,36,124,98,15.0,1,3
20.0,500.0,46.0,2000.0,매영로398번길,다가구,37.24891486,127.0750246,14,14,1125,11,3,27,0,,0,,0,,1,77.0,2,146.0,15,36,15,11.0,1,158.0,1.0,84.0,23.0,13.0,매영로398번길,1336.3636363636365,동향,21,9,55,33,125,96,16.0,2,3
40.0,,65.0,1997.0,매영로415번길,다가구,37.24926384,127.0767878,0,18,1184,21,5,73,0,,2,54.0,0,,1,192.0,1,160.0,15,30,15,70.0,0,,2.0,150.0,18.0,8.0,매영로415번길,,서향,26,2,51,28,110,81,12.0,0,4
23.0,500.0,37.0,2000.0,매영로398번길,다가구,37.24891486,127.0750246,14,14,1125,11,3,27,0,,0,,0,,1,77.0,2,146.0,15,36,15,11.0,1,158.0,1.0,84.0,23.0,13.0,매영로398번길,1172.7272727272727,동향,21,9,55,33,125,96,16.0,2,3
26.4,500.0,45.0,2001.0,덕영대로1681번길,단독,37.2480919,127.0753141,14,14,1031,11,3,27,0,,0,,0,,1,77.0,2,146.0,15,36,15,11.0,1,158.0,1.0,84.0,20.0,10.0,덕영대로1681번길,1318.181818181818,동향,26,28,48,36,124,98,15.0,1,3
21.63,500.0,38.0,1999.0,덕영대로1673번길,다가구,37.24816244,127.0743831,14,14,1031,11,3,27,0,,0,,0,,1,77.0,2,146.0,15,36,15,11.0,1,158.0,1.0,84.0,20.0,10.0,덕영대로1681번길,1190.909090909091,동향,26,28,48,36,124,98,15.0,0,4
15.0,300.0,34.0,2000.0,청명남로4번길,다가구,37.25000708,127.0739079,10,22,1276,14,3,61,0,,2,176.0,1,58.0,1,190.0,1,144.0,15,15,15,34.0,1,96.0,3.0,175.0,24.0,14.0,청명남로4번길,918.181818181818,서향,17,0,53,24,131,86,16.0,1,4
54.0,,0.0,1998.0,영일로,다가구,37.24791274,127.0754779,14,14,1031,11,3,27,0,,0,,0,,1,77.0,2,146.0,15,36,15,11.0,1,158.0,1.0,84.0,20.0,10.0,덕영대로1681번길,,동향,26,28,48,36,124,98,15.0,0,4
19.0,,55.0,2022.0,영통로351번길,다가구,37.25715617,127.0646219,8,42,1184,28,2,70,0,,2,70.0,0,,0,,0,,1,72,6,26.0,0,,0.0,,-1.0,,,,Unknown,0,0,0,0,0,0,,0,2
24.0,500.0,46.0,2000.0,청명남로50번길,다가구,37.25344537,127.0770957,15,28,2343,22,5,46,0,,1,103.0,2,111.0,3,111.0,0,,15,66,15,34.0,1,123.0,9.0,84.0,29.0,19.0,청명남로50번길,1336.3636363636365,서향,19,0,49,0,108,32,8.0,0,1
20.0,300.0,40.0,1999.0,청명남로4번길,다가구,37.25000708,127.0739079,10,22,1276,14,3,61,0,,2,176.0,1,58.0,1,190.0,1,144.0,15,15,15,34.0,1,96.0,3.0,175.0,24.0,14.0,청명남로4번길,1027.2727272727273,서향,17,0,53,24,131,86,16.0,1,4
50.0,500.0,60.0,1998.0,매영로415번길,다가구,37.24926384,127.0767878,0,18,1184,21,5,73,0,,2,54.0,0,,1,192.0,1,160.0,15,30,15,70.0,0,,2.0,150.0,18.0,8.0,매영로415번길,1590.909090909091,서향,26,2,51,28,110,81,12.0,0,4
35.0,500.0,45.0,2001.0,청명로43번길,다가구,37.25122722,127.0804941,4,106,1687,48,5,29,0,,2,110.0,2,134.0,1,159.0,0,,12,74,15,37.0,1,186.0,2.0,158.0,28.0,18.0,청명로43번길,1318.181818181818,서향,16,0,37,0,93,45,5.0,0,0
24.0,,0.0,2001.0,청명로59번길,다가구,37.25238872,127.0797521,4,106,2013,48,5,29,0,,2,110.0,2,134.0,1,159.0,0,,12,74,15,37.0,1,186.0,2.0,158.0,30.0,20.0,청명북로7번길,,서향,19,0,42,0,99,38,1.0,0,0
42.0,,12.0,2001.0,영일로,다가구,37.24791274,127.0754779,14,14,1031,11,3,27,0,,0,,0,,1,77.0,2,146.0,15,36,15,11.0,1,158.0,1.0,84.0,20.0,10.0,덕영대로1681번길,,동향,26,28,48,36,124,98,15.0,0,4
53.0,,70.0,1998.0,청명남로4번길,다가구,37.25000708,127.0739079,10,22,1276,14,3,61,0,,2,176.0,1,58.0,1,190.0,1,144.0,15,15,15,34.0,1,96.0,3.0,175.0,24.0,14.0,청명남로4번길,,서향,17,0,53,24,131,86,16.0,1,4
42.0,,12.0,2001.0,영일로,다가구,37.24791274,127.0754779,14,14,1031,11,3,27,0,,0,,0,,1,77.0,2,146.0,15,36,15,11.0,1,158.0,1.0,84.0,20.0,10.0,덕영대로1681번길,,동향,26,28,48,36,124,98,15.0,0,4
75.0,,0.0,2012.0,매영로,단독,37.27011763,127.0434533,2,84,2195,39,1,189,0,,0,,0,,0,,0,,1,57,2,42.0,0,,0.0,,-1.0,,,,서향,0,0,0,0,0,0,,0,1
50.0,,20.0,2001.0,청명로43번길,다가구,37.25122722,127.0804941,4,106,1687,48,5,29,0,,2,110.0,2,134.0,1,159.0,0,,12,74,15,37.0,1,186.0,2.0,158.0,28.0,18.0,청명로43번길,,서향,16,0,37,0,93,45,5.0,0,0
75.0,,0.0,2012.0,매영로,단독,37.27011763,127.0434533,2,84,2195,39,1,189,0,,0,,0,,0,,0,,1,57,2,42.0,0,,0.0,,-1.0,,,,서향,0,0,0,0,0,0,,0,1
34.0,,57.0,2001.0,봉영로1482번길,단독,37.24532934,127.0665258,5,27,1983,11,2,27,0,,2,172.0,1,172.0,0,,4,20.0,15,23,0,,1,181.0,,,35.0,25.0,봉영로1482번길,,Unknown,16,9,36,17,145,98,16.0,0,8
21.0,500.0,35.0,2001.0,청명북로,다가구,37.25200089,127.0786442,4,106,2013,48,5,29,0,,2,110.0,2,134.0,1,159.0,0,,12,74,15,37.0,1,186.0,2.0,158.0,30.0,20.0,청명북로7번길,1136.3636363636365,동향,19,0,42,0,99,38,1.0,0,0
47.0,500.0,70.0,2015.0,청명북로,다가구,37.25200089,127.0786442,4,106,2013,48,5,29,0,,2,110.0,2,134.0,1,159.0,0,,12,74,15,37.0,1,186.0,2.0,158.0,30.0,20.0,청명북로7번길,1772.7272727272727,동향,19,0,42,0,99,38,1.0,0,0
23.0,500.0,43.0,2001.0,봉영로1492번길,다가구,37.24579719,127.0668252,5,27,1983,11,2,27,0,,2,172.0,1,172.0,0,,4,20.0,15,23,0,,1,181.0,,,35.0,25.0,봉영로1482번길,1281.818181818182,Unknown,16,9,36,17,145,98,16.0,1,8
33.0,,0.0,2001.0,봉영로1482번길,단독,37.24532934,127.0665258,5,27,1983,11,2,27,0,,2,172.0,1,172.0,0,,4,20.0,15,23,0,,1,181.0,,,35.0,25.0,봉영로1482번길,,Unknown,16,9,36,17,145,98,16.0,0,8
26.0,500.0,45.0,2000.0,청명남로50번길,다가구,37.25344537,127.0770957,15,28,2343,22,5,46,0,,1,103.0,2,111.0,3,111.0,0,,15,66,15,34.0,1,123.0,9.0,84.0,29.0,19.0,청명남로50번길,1318.181818181818,서향,19,0,49,0,108,32,8.0,0,1
45.0,,10.0,2000.0,청명남로12번길,다가구,37.25082627,127.0747557,10,22,1635,14,3,61,0,,2,176.0,1,58.0,1,190.0,1,144.0,15,15,15,34.0,1,96.0,3.0,175.0,22.0,12.0,청명남로12번길,,서향,20,0,54,9,125,63,16.0,0,3
45.0,,0.0,2001.0,매영로415번길,다가구,37.24926384,127.0767878,0,18,1184,21,5,73,0,,2,54.0,0,,1,192.0,1,160.0,15,30,15,70.0,0,,2.0,150.0,18.0,8.0,매영로415번길,,서향,26,2,51,28,110,81,12.0,0,4
30.0,500.0,41.0,1998.0,영일로,다가구,37.24791274,127.0754779,14,14,1031,11,3,27,0,,0,,0,,1,77.0,2,146.0,15,36,15,11.0,1,158.0,1.0,84.0,20.0,10.0,덕영대로1681번길,1245.4545454545455,동향,26,28,48,36,124,98,15.0,0,4
24.0,,0.0,2002.0,영일로21번길,다가구,37.2500458,127.0760096,0,18,1207,21,5,73,0,,2,54.0,0,,1,192.0,1,160.0,15,30,15,70.0,0,,2.0,150.0,19.0,9.0,영일로21번길,,동향,26,0,57,24,118,78,14.0,0,2
24.0,,0.0,2023.0,봉영로1492번길,다가구,37.24579719,127.0668252,5,27,1983,11,2,27,0,,2,172.0,1,172.0,0,,4,20.0,15,23,0,,1,181.0,,,35.0,25.0,봉영로1482번길,,Unknown,16,9,36,17,145,98,16.0,1,8
37.0,,55.0,2001.0,청명로,다가구,37.24870316,127.0795838,0,18,1345,21,5,73,0,,2,54.0,0,,1,192.0,1,160.0,15,30,15,70.0,0,,2.0,150.0,21.0,11.0,청명로,,서향,21,3,38,14,95,80,10.0,0,2
23.0,500.0,40.0,2001.0,청명남로50번길,다가구,37.25344537,127.0770957,15,28,2343,22,5,46,0,,1,103.0,2,111.0,3,111.0,0,,15,66,15,34.0,1,123.0,9.0,84.0,29.0,19.0,청명남로50번길,1227.2727272727273,서향,19,0,49,0,108,32,8.0,0,1
28.0,300.0,41.0,2001.0,청명남로12번길,다가구,37.25082627,127.0747557,10,22,1635,14,3,61,0,,2,176.0,1,58.0,1,190.0,1,144.0,15,15,15,34.0,1,96.0,3.0,175.0,22.0,12.0,청명남로12번길,1045.4545454545455,서향,20,0,54,9,125,63,16.0,0,3
26.0,,0.0,2000.0,청명남로50번길,다가구,37.25344537,127.0770957,15,28,2343,22,5,46,0,,1,103.0,2,111.0,3,111.0,0,,15,66,15,34.0,1,123.0,9.0,84.0,29.0,19.0,청명남로50번길,,서향,19,0,49,0,108,32,8.0,0,1
56.0,500.0,75.0,1999.0,청명로43번길,다가구,37.25122722,127.0804941,4,106,1687,48,5,29,0,,2,110.0,2,134.0,1,159.0,0,,12,74,15,37.0,1,186.0,2.0,158.0,28.0,18.0,청명로43번길,1863.6363636363635,서향,16,0,37,0,93,45,5.0,0,0
25.0,,30.0,2004.0,청명북로,다가구,37.25200089,127.0786442,4,106,2013,48,5,29,0,,2,110.0,2,134.0,1,159.0,0,,12,74,15,37.0,1,186.0,2.0,158.0,30.0,20.0,청명북로7번길,,동향,19,0,42,0,99,38,1.0,0,0
15.0,500.0,36.0,2000.0,청명남로4번길,다가구,37.25000708,127.0739079,10,22,1276,14,3,61,0,,2,176.0,1,58.0,1,190.0,1,144.0,15,15,15,34.0,1,96.0,3.0,175.0,24.0,14.0,청명남로4번길,1154.5454545454545,서향,17,0,53,24,131,86,16.0,1,4
21.0,300.0,30.0,2001.0,봉영로1482번길,다가구,37.24532934,127.0665258,5,27,1983,11,2,27,0,,2,172.0,1,172.0,0,,4,20.0,15,23,0,,1,181.0,,,35.0,25.0,봉영로1482번길,845.4545454545455,Unknown,16,9,36,17,145,98,16.0,0,8
24.0,300.0,35.0,2001.0,덕영대로1673번길,다가구,37.24816244,127.0743831,14,14,1031,11,3,27,0,,0,,0,,1,77.0,2,146.0,15,36,15,11.0,1,158.0,1.0,84.0,20.0,10.0,덕영대로1681번길,936.3636363636364,동향,26,28,48,36,124,98,15.0,0,4
20.0,,17.0,2001.0,반달로,다가구,37.25136983,127.0780484,4,106,1624,48,5,29,0,,2,110.0,2,134.0,1,159.0,0,,12,74,15,37.0,1,186.0,2.0,158.0,31.0,21.0,반달로,,남향,27,0,55,0,104,48,8.0,0,0
25.0,500.0,46.0,2001.0,매영로398번길,다가구,37.24891486,127.0750246,14,14,1125,11,3,27,0,,0,,0,,1,77.0,2,146.0,15,36,15,11.0,1,158.0,1.0,84.0,23.0,13.0,매영로398번길,1336.3636363636365,동향,21,9,55,33,125,96,16.0,2,3
45.0,,10.0,,청명남로12번길,단독,37.25082627,127.0747557,10,22,1635,14,3,61,0,,2,176.0,1,58.0,1,190.0,1,144.0,15,15,15,34.0,1,96.0,3.0,175.0,22.0,12.0,청명남로12번길,,서향,20,0,54,9,125,63,16.0,0,3
22.0,300.0,34.0,2003.0,매영로425번길,다가구,37.24886123,127.0779064,0,18,1237,21,5,73,0,,2,54.0,0,,1,192.0,1,160.0,15,30,15,70.0,0,,2.0,150.0,27.0,17.0,매영로425번길,918.181818181818,동향,26,6,49,27,103,80,8.0,0,5
43.0,,55.0,2005.0,청명북로,다가구,37.25200089,127.0786442,4,106,2013,48,5,29,0,,2,110.0,2,134.0,1,159.0,0,,12,74,15,37.0,1,186.0,2.0,158.0,30.0,20.0,청명북로7번길,,동향,19,0,42,0,99,38,1.0,0,0
42.0,,53.0,2000.0,청명북로,다가구,37.25200089,127.0786442,4,106,2013,48,5,29,0,,2,110.0,2,134.0,1,159.0,0,,12,74,15,37.0,1,186.0,2.0,158.0,30.0,20.0,청명북로7번길,,동향,19,0,42,0,99,38,1.0,0,0
27.0,500.0,43.0,2000.0,청명로59번길,다가구,37.25238872,127.0797521,4,106,2013,48,5,29,0,,2,110.0,2,134.0,1,159.0,0,,12,74,15,37.0,1,186.0,2.0,158.0,30.0,20.0,청명북로7번길,1281.818181818182,서향,19,0,42,0,99,38,1.0,0,0
22.0,,0.0,2002.0,청명로,다가구,37.24870316,127.0795838,0,18,1345,21,5,73,0,,2,54.0,0,,1,192.0,1,160.0,15,30,15,70.0,0,,2.0,150.0,21.0,11.0,청명로,,서향,21,3,38,14,95,80,10.0,0,2
24.0,,0.0,,영통로200번길,다가구,37.24427878,127.0630652,6,27,2012,11,6,65,0,,3,178.0,4,94.0,2,89.0,0,,15,52,15,5.0,0,,3.0,108.0,-1.0,,,,동향,0,0,0,0,0,0,,2,3
57.0,,70.0,1999.0,반달로,다가구,37.25136983,127.0780484,4,106,1624,48,5,29,0,,2,110.0,2,134.0,1,159.0,0,,12,74,15,37.0,1,186.0,2.0,158.0,31.0,21.0,반달로,,남향,27,0,55,0,104,48,8.0,0,0
23.0,300.0,27.0,2001.0,청명로59번길,다가구,37.25238872,127.0797521,4,106,2013,48,5,29,0,,2,110.0,2,134.0,1,159.0,0,,12,74,15,37.0,1,186.0,2.0,158.0,30.0,20.0,청명북로7번길,790.909090909091,서향,19,0,42,0,99,38,1.0,0,0
24.0,500.0,50.0,2001.0,청명로21번길,다가구,37.24987045,127.0791242,0,18,1556,21,5,73,0,,2,54.0,0,,1,192.0,1,160.0,15,30,15,70.0,0,,2.0,150.0,25.0,15.0,청명로21번길,1409.090909090909,동향,23,0,46,9,97,70,9.0,0,0
56.0,,85.0,1998.0,봉영로1482번길,다가구,37.24532934,127.0665258,5,27,1983,11,2,27,0,,2,172.0,1,172.0,0,,4,20.0,15,23,0,,1,181.0,,,35.0,25.0,봉영로1482번길,,Unknown,16,9,36,17,145,98,16.0,0,8
37.0,,62.0,2000.0,청명북로7번길,다가구,37.25230411,127.0789528,4,106,2013,48,5,29,0,,2,110.0,2,134.0,1,159.0,0,,12,74,15,37.0,1,186.0,2.0,158.0,30.0,20.0,청명북로7번길,,서향,19,0,42,0,99,38,1.0,0,0
24.0,,0.0,2023.0,봉영로1492번길,다가구,37.24579719,127.0668252,5,27,1983,11,2,27,0,,2,172.0,1,172.0,0,,4,20.0,15,23,0,,1,181.0,,,35.0,25.0,봉영로1482번길,,Unknown,16,9,36,17,145,98,16.0,1,8
24.0,300.0,31.0,1999.0,청명남로50번길,다가구,37.25344537,127.0770957,15,28,2343,22,5,46,0,,1,103.0,2,111.0,3,111.0,0,,15,66,15,34.0,1,123.0,9.0,84.0,29.0,19.0,청명남로50번길,863.6363636363636,서향,19,0,49,0,108,32,8.0,0,1
25.0,500.0,45.0,2001.0,청명북로,다가구,37.25200089,127.0786442,4,106,2013,48,5,29,0,,2,110.0,2,134.0,1,159.0,0,,12,74,15,37.0,1,186.0,2.0,158.0,30.0,20.0,청명북로7번길,1318.181818181818,동향,19,0,42,0,99,38,1.0,0,0
26.4,500.0,41.0,2001.0,청명남로4번길,다가구,37.25000708,127.0739079,10,22,1276,14,3,61,0,,2,176.0,1,58.0,1,190.0,1,144.0,15,15,15,34.0,1,96.0,3.0,175.0,24.0,14.0,청명남로4번길,1245.4545454545455,서향,17,0,53,24,131,86,16.0,1,4
29.7,300.0,33.0,2000.0,매영로398번길,다가구,37.24891486,127.0750246,14,14,1125,11,3,27,0,,0,,0,,1,77.0,2,146.0,15,36,15,11.0,1,158.0,1.0,84.0,23.0,13.0,매영로398번길,900.0,동향,21,9,55,33,125,96,16.0,2,3
24.0,500.0,40.0,1998.0,덕영대로1673번길,다가구,37.24816244,127.0743831,14,14,1031,11,3,27,0,,0,,0,,1,77.0,2,146.0,15,36,15,11.0,1,158.0,1.0,84.0,20.0,10.0,덕영대로1681번길,1227.2727272727273,동향,26,28,48,36,124,98,15.0,0,4
20.0,300.0,35.0,2002.0,봉영로1482번길,다가구,37.24532934,127.0665258,5,27,1983,11,2,27,0,,2,172.0,1,172.0,0,,4,20.0,15,23,0,,1,181.0,,,35.0,25.0,봉영로1482번길,936.3636363636364,Unknown,16,9,36,17,145,98,16.0,0,8
22.0,,25.0,2022.0,영통로351번길,다가구,37.25715617,127.0646219,8,42,1184,28,2,70,0,,2,70.0,0,,0,,0,,1,72,6,26.0,0,,0.0,,-1.0,,,,Unknown,0,0,0,0,0,0,,0,2
24.0,500.0,38.0,2000.0,청명북로15번길,다가구,37.2532285,127.0791047,4,106,2050,48,5,29,0,,2,110.0,2,134.0,1,159.0,0,,12,74,15,37.0,1,186.0,2.0,158.0,32.0,22.0,청명로77번길,1190.909090909091,서향,17,0,41,0,102,32,2.0,0,1
22.0,400.0,35.0,,매영로425번길,다가구,37.24886123,127.0779064,0,18,1237,21,5,73,0,,2,54.0,0,,1,192.0,1,160.0,15,30,15,70.0,0,,2.0,150.0,27.0,17.0,매영로425번길,1036.3636363636365,동향,26,6,49,27,103,80,8.0,0,5
22.0,,20.0,2001.0,봉영로1482번길,다가구,37.24532934,127.0665258,5,27,1983,11,2,27,0,,2,172.0,1,172.0,0,,4,20.0,15,23,0,,1,181.0,,,35.0,25.0,봉영로1482번길,,Unknown,16,9,36,17,145,98,16.0,0,8
24.0,300.0,43.0,,청명남로50번길,다가구,37.25344537,127.0770957,15,28,2343,22,5,46,0,,1,103.0,2,111.0,3,111.0,0,,15,66,15,34.0,1,123.0,9.0,84.0,29.0,19.0,청명남로50번길,1081.818181818182,서향,19,0,49,0,108,32,8.0,0,1
24.0,,0.0,2001.0,덕영대로1673번길,다가구,37.24816244,127.0743831,14,14,1031,11,3,27,0,,0,,0,,1,77.0,2,146.0,15,36,15,11.0,1,158.0,1.0,84.0,20.0,10.0,덕영대로1681번길,,동향,26,28,48,36,124,98,15.0,0,4
33.0,500.0,43.0,,청명남로4번길,다가구,37.25000708,127.0739079,10,22,1276,14,3,61,0,,2,176.0,1,58.0,1,190.0,1,144.0,15,15,15,34.0,1,96.0,3.0,175.0,24.0,14.0,청명남로4번길,1281.818181818182,서향,17,0,53,24,131,86,16.0,1,4
25.0,500.0,41.0,2000.0,청명남로50번길,다가구,37.25344537,127.0770957,15,28,2343,22,5,46,0,,1,103.0,2,111.0,3,111.0,0,,15,66,15,34.0,1,123.0,9.0,84.0,29.0,19.0,청명남로50번길,1245.4545454545455,서향,19,0,49,0,108,32,8.0,0,1
27.34,500.0,43.0,2000.0,청명로59번길,다가구,37.25238872,127.0797521,4,106,2013,48,5,29,0,,2,110.0,2,134.0,1,159.0,0,,12,74,15,37.0,1,186.0,2.0,158.0,30.0,20.0,청명북로7번길,1281.818181818182,서향,19,0,42,0,99,38,1.0,0,0
20.0,300.0,43.0,1998.0,매영로415번길,다가구,37.24926384,127.0767878,0,18,1184,21,5,73,0,,2,54.0,0,,1,192.0,1,160.0,15,30,15,70.0,0,,2.0,150.0,18.0,8.0,매영로415번길,1081.818181818182,서향,26,2,51,28,110,81,12.0,0,4
17.0,,9.0,2003.0,봉영로1482번길,다가구,37.24532934,127.0665258,5,27,1983,11,2,27,0,,2,172.0,1,172.0,0,,4,20.0,15,23,0,,1,181.0,,,35.0,25.0,봉영로1482번길,,Unknown,16,9,36,17,145,98,16.0,0,8
97.0,,88.0,2001.0,청명남로12번길,다가구,37.25082627,127.0747557,10,22,1635,14,3,61,0,,2,176.0,1,58.0,1,190.0,1,144.0,15,15,15,34.0,1,96.0,3.0,175.0,22.0,12.0,청명남로12번길,,서향,20,0,54,9,125,63,16.0,0,3
26.0,500.0,37.0,2001.0,청명로59번길,다가구,37.25238872,127.0797521,4,106,2013,48,5,29,0,,2,110.0,2,134.0,1,159.0,0,,12,74,15,37.0,1,186.0,2.0,158.0,30.0,20.0,청명북로7번길,1172.7272727272727,서향,19,0,42,0,99,38,1.0,0,0
16.0,,0.0,2001.0,봉영로1482번길,다가구,37.24532934,127.0665258,5,27,1983,11,2,27,0,,2,172.0,1,172.0,0,,4,20.0,15,23,0,,1,181.0,,,35.0,25.0,봉영로1482번길,,Unknown,16,9,36,17,145,98,16.0,0,8
17.0,300.0,33.0,2003.0,봉영로1482번길,다가구,37.24532934,127.0665258,5,27,1983,11,2,27,0,,2,172.0,1,172.0,0,,4,20.0,15,23,0,,1,181.0,,,35.0,25.0,봉영로1482번길,900.0,Unknown,16,9,36,17,145,98,16.0,0,8
20.0,300.0,30.0,1998.0,매영로415번길,다가구,37.24926384,127.0767878,0,18,1184,21,5,73,0,,2,54.0,0,,1,192.0,1,160.0,15,30,15,70.0,0,,2.0,150.0,18.0,8.0,매영로415번길,845.4545454545455,서향,26,2,51,28,110,81,12.0,0,4
23.0,500.0,43.0,2001.0,반달로,다가구,37.25136983,127.0780484,4,106,1624,48,5,29,0,,2,110.0,2,134.0,1,159.0,0,,12,74,15,37.0,1,186.0,2.0,158.0,31.0,21.0,반달로,1281.818181818182,남향,27,0,55,0,104,48,8.0,0,0
15.0,500.0,40.0,2000.0,청명남로12번길,다가구,37.25082627,127.0747557,10,22,1635,14,3,61,0,,2,176.0,1,58.0,1,190.0,1,144.0,15,15,15,34.0,1,96.0,3.0,175.0,22.0,12.0,청명남로12번길,1227.2727272727273,서향,20,0,54,9,125,63,16.0,0,3
22.0,,0.0,2002.0,봉영로1482번길,다가구,37.24532934,127.0665258,5,27,1983,11,2,27,0,,2,172.0,1,172.0,0,,4,20.0,15,23,0,,1,181.0,,,35.0,25.0,봉영로1482번길,,Unknown,16,9,36,17,145,98,16.0,0,8
29.0,500.0,41.0,2000.0,청명북로7번길,다가구,37.25230411,127.0789528,4,106,2013,48,5,29,0,,2,110.0,2,134.0,1,159.0,0,,12,74,15,37.0,1,186.0,2.0,158.0,30.0,20.0,청명북로7번길,1245.4545454545455,서향,19,0,42,0,99,38,1.0,0,0
16.0,300.0,38.0,2000.0,청명남로4번길,다가구,37.25000708,127.0739079,10,22,1276,14,3,61,0,,2,176.0,1,58.0,1,190.0,1,144.0,15,15,15,34.0,1,96.0,3.0,175.0,24.0,14.0,청명남로4번길,990.9090909090908,서향,17,0,53,24,131,86,16.0,1,4
29.0,,41.0,2001.0,청명남로50번길,다가구,37.25344537,127.0770957,15,28,2343,22,5,46,0,,1,103.0,2,111.0,3,111.0,0,,15,66,15,34.0,1,123.0,9.0,84.0,29.0,19.0,청명남로50번길,,서향,19,0,49,0,108,32,8.0,0,1
27.0,500.0,38.0,2000.0,청명북로7번길,다가구,37.25230411,127.0789528,4,106,2013,48,5,29,0,,2,110.0,2,134.0,1,159.0,0,,12,74,15,37.0,1,186.0,2.0,158.0,30.0,20.0,청명북로7번길,1190.909090909091,서향,19,0,42,0,99,38,1.0,0,0
20.0,,35.0,2001.0,반달로,다가구,37.25136983,127.0780484,4,106,1624,48,5,29,0,,2,110.0,2,134.0,1,159.0,0,,12,74,15,37.0,1,186.0,2.0,158.0,31.0,21.0,반달로,,남향,27,0,55,0,104,48,8.0,0,0
26.0,200.0,31.0,2000.0,청명로59번길,다가구,37.25238872,127.0797521,4,106,2013,48,5,29,0,,2,110.0,2,134.0,1,159.0,0,,12,74,15,37.0,1,186.0,2.0,158.0,30.0,20.0,청명북로7번길,763.6363636363636,서향,19,0,42,0,99,38,1.0,0,0
24.0,300.0,42.0,2000.0,청명남로4번길,다가구,37.25000708,127.0739079,10,22,1276,14,3,61,0,,2,176.0,1,58.0,1,190.0,1,144.0,15,15,15,34.0,1,96.0,3.0,175.0,24.0,14.0,청명남로4번길,1063.6363636363635,서향,17,0,53,24,131,86,16.0,1,4
21.0,500.0,43.0,,청명로59번길,다가구,37.25238872,127.0797521,4,106,2013,48,5,29,0,,2,110.0,2,134.0,1,159.0,0,,12,74,15,37.0,1,186.0,2.0,158.0,30.0,20.0,청명북로7번길,1281.818181818182,서향,19,0,42,0,99,38,1.0,0,0
24.0,500.0,44.0,2001.0,청명로59번길,다가구,37.25238872,127.0797521,4,106,2013,48,5,29,0,,2,110.0,2,134.0,1,159.0,0,,12,74,15,37.0,1,186.0,2.0,158.0,30.0,20.0,청명북로7번길,1300.0,서향,19,0,42,0,99,38,1.0,0,0
33.0,500.0,42.0,1998.0,청명남로4번길,다가구,37.25000708,127.0739079,10,22,1276,14,3,61,0,,2,176.0,1,58.0,1,190.0,1,144.0,15,15,15,34.0,1,96.0,3.0,175.0,24.0,14.0,청명남로4번길,1263.6363636363635,서향,17,0,53,24,131,86,16.0,1,4
21.0,500.0,43.0,2001.0,청명로59번길,다가구,37.25238872,127.0797521,4,106,2013,48,5,29,0,,2,110.0,2,134.0,1,159.0,0,,12,74,15,37.0,1,186.0,2.0,158.0,30.0,20.0,청명북로7번길,1281.818181818182,서향,19,0,42,0,99,38,1.0,0,0
28.0,500.0,41.0,2000.0,영일로21번길,다가구,37.2500458,127.0760096,0,18,1207,21,5,73,0,,2,54.0,0,,1,192.0,1,160.0,15,30,15,70.0,0,,2.0,150.0,19.0,9.0,영일로21번길,1245.4545454545455,동향,26,0,57,24,118,78,14.0,0,2
65.0,,6.0,1999.0,청명남로4번길,다가구,37.25000708,127.0739079,10,22,1276,14,3,61,0,,2,176.0,1,58.0,1,190.0,1,144.0,15,15,15,34.0,1,96.0,3.0,175.0,24.0,14.0,청명남로4번길,,서향,17,0,53,24,131,86,16.0,1,4
28.0,,0.0,2002.0,영일로21번길,다가구,37.2500458,127.0760096,0,18,1207,21,5,73,0,,2,54.0,0,,1,192.0,1,160.0,15,30,15,70.0,0,,2.0,150.0,19.0,9.0,영일로21번길,,동향,26,0,57,24,118,78,14.0,0,2
21.0,500.0,43.0,2004.0,청명남로50번길,다가구,37.25344537,127.0770957,15,28,2343,22,5,46,0,,1,103.0,2,111.0,3,111.0,0,,15,66,15,34.0,1,123.0,9.0,84.0,29.0,19.0,청명남로50번길,1281.818181818182,서향,19,0,49,0,108,32,8.0,0,1
20.0,500.0,40.0,1999.0,매영로398번길,다가구,37.24891486,127.0750246,14,14,1125,11,3,27,0,,0,,0,,1,77.0,2,146.0,15,36,15,11.0,1,158.0,1.0,84.0,23.0,13.0,매영로398번길,1227.2727272727273,동향,21,9,55,33,125,96,16.0,2,3
25.0,500.0,35.0,2001.0,청명로59번길,다가구,37.25238872,127.0797521,4,106,2013,48,5,29,0,,2,110.0,2,134.0,1,159.0,0,,12,74,15,37.0,1,186.0,2.0,158.0,30.0,20.0,청명북로7번길,1136.3636363636365,서향,19,0,42,0,99,38,1.0,0,0
24.0,500.0,55.0,,청명로21번길,다가구,37.24987045,127.0791242,0,18,1556,21,5,73,0,,2,54.0,0,,1,192.0,1,160.0,15,30,15,70.0,0,,2.0,150.0,25.0,15.0,청명로21번길,1500.0,동향,23,0,46,9,97,70,9.0,0,0
20.0,500.0,43.0,2000.0,매영로,다가구,37.27011763,127.0434533,2,84,2195,39,1,189,0,,0,,0,,0,,0,,1,57,2,42.0,0,,0.0,,-1.0,,,1281.818181818182,서향,0,0,0,0,0,0,,0,1
20.0,300.0,36.0,1998.0,매영로415번길,다가구,37.24926384,127.0767878,0,18,1184,21,5,73,0,,2,54.0,0,,1,192.0,1,160.0,15,30,15,70.0,0,,2.0,150.0,18.0,8.0,매영로415번길,954.5454545454544,서향,26,2,51,28,110,81,12.0,0,4
50.0,600.0,60.0,2001.0,반달로,다가구,37.25136983,127.0780484,4,106,1624,48,5,29,0,,2,110.0,2,134.0,1,159.0,0,,12,74,15,37.0,1,186.0,2.0,158.0,31.0,21.0,반달로,1690.909090909091,남향,27,0,55,0,104,48,8.0,0,0
20.0,500.0,44.0,2000.0,청명로59번길,다가구,37.25238872,127.0797521,4,106,2013,48,5,29,0,,2,110.0,2,134.0,1,159.0,0,,12,74,15,37.0,1,186.0,2.0,158.0,30.0,20.0,청명북로7번길,1300.0,서향,19,0,42,0,99,38,1.0,0,0
22.0,,0.0,2000.0,매영로,다가구,37.27011763,127.0434533,2,84,2195,39,1,189,0,,0,,0,,0,,0,,1,57,2,42.0,0,,0.0,,-1.0,,,,서향,0,0,0,0,0,0,,0,1
22.0,500.0,44.0,2000.0,매영로415번길,다가구,37.24926384,127.0767878,0,18,1184,21,5,73,0,,2,54.0,0,,1,192.0,1,160.0,15,30,15,70.0,0,,2.0,150.0,18.0,8.0,매영로415번길,1300.0,서향,26,2,51,28,110,81,12.0,0,4
23.0,500.0,43.0,2001.0,매영로415번길,다가구,37.24926384,127.0767878,0,18,1184,21,5,73,0,,2,54.0,0,,1,192.0,1,160.0,15,30,15,70.0,0,,2.0,150.0,18.0,8.0,매영로415번길,1281.818181818182,서향,26,2,51,28,110,81,12.0,0,4
23.0,500.0,44.0,,매영로415번길,다가구,37.24926384,127.0767878,0,18,1184,21,5,73,0,,2,54.0,0,,1,192.0,1,160.0,15,30,15,70.0,0,,2.0,150.0,18.0,8.0,매영로415번길,1300.0,서향,26,2,51,28,110,81,12.0,0,4
25.0,500.0,44.0,2000.0,청명로,다가구,37.24870316,127.0795838,0,18,1345,21,5,73,0,,2,54.0,0,,1,192.0,1,160.0,15,30,15,70.0,0,,2.0,150.0,21.0,11.0,청명로,1300.0,서향,21,3,38,14,95,80,10.0,0,2
22.0,500.0,46.0,2000.0,청명로59번길,다가구,37.25238872,127.0797521,4,106,2013,48,5,29,0,,2,110.0,2,134.0,1,159.0,0,,12,74,15,37.0,1,186.0,2.0,158.0,30.0,20.0,청명북로7번길,1336.3636363636365,서향,19,0,42,0,99,38,1.0,0,0
24.0,300.0,35.0,2000.0,청명남로4번길,다가구,37.25000708,127.0739079,10,22,1276,14,3,61,0,,2,176.0,1,58.0,1,190.0,1,144.0,15,15,15,34.0,1,96.0,3.0,175.0,24.0,14.0,청명남로4번길,936.3636363636364,서향,17,0,53,24,131,86,16.0,1,4
22.0,500.0,41.0,2001.0,청명남로60번길,다가구,37.25444238,127.0775095,15,28,2159,22,5,46,0,,1,103.0,2,111.0,3,111.0,0,,15,66,15,34.0,1,123.0,9.0,84.0,33.0,23.0,청명남로60번길,1245.4545454545455,동향,16,0,43,0,105,22,6.0,1,1
25.0,500.0,43.0,2001.0,청명북로,다가구,37.25200089,127.0786442,4,106,2013,48,5,29,0,,2,110.0,2,134.0,1,159.0,0,,12,74,15,37.0,1,186.0,2.0,158.0,30.0,20.0,청명북로7번길,1281.818181818182,동향,19,0,42,0,99,38,1.0,0,0
23.0,500.0,41.0,2000.0,청명북로,다가구,37.25200089,127.0786442,4,106,2013,48,5,29,0,,2,110.0,2,134.0,1,159.0,0,,12,74,15,37.0,1,186.0,2.0,158.0,30.0,20.0,청명북로7번길,1245.4545454545455,동향,19,0,42,0,99,38,1.0,0,0
44.0,,0.0,2001.0,청명로59번길,단독,37.25238872,127.0797521,4,106,2013,48,5,29,0,,2,110.0,2,134.0,1,159.0,0,,12,74,15,37.0,1,186.0,2.0,158.0,30.0,20.0,청명북로7번길,,서향,19,0,42,0,99,38,1.0,0,0
27.0,,0.0,2000.0,봉영로1482번길,다가구,37.24532934,127.0665258,5,27,1983,11,2,27,0,,2,172.0,1,172.0,0,,4,20.0,15,23,0,,1,181.0,,,35.0,25.0,봉영로1482번길,,Unknown,16,9,36,17,145,98,16.0,0,8
26.0,300.0,44.0,2001.0,매영로415번길,단독,37.24926384,127.0767878,0,18,1184,21,5,73,0,,2,54.0,0,,1,192.0,1,160.0,15,30,15,70.0,0,,2.0,150.0,18.0,8.0,매영로415번길,1100.0,서향,26,2,51,28,110,81,12.0,0,4
26.0,500.0,40.0,2000.0,덕영대로1673번길,다가구,37.24816244,127.0743831,14,14,1031,11,3,27,0,,0,,0,,1,77.0,2,146.0,15,36,15,11.0,1,158.0,1.0,84.0,20.0,10.0,덕영대로1681번길,1227.2727272727273,동향,26,28,48,36,124,98,15.0,0,4
22.86,300.0,36.0,,영일로,다가구,37.24791274,127.0754779,14,14,1031,11,3,27,0,,0,,0,,1,77.0,2,146.0,15,36,15,11.0,1,158.0,1.0,84.0,20.0,10.0,덕영대로1681번길,954.5454545454544,동향,26,28,48,36,124,98,15.0,0,4
23.77,500.0,40.0,2001.0,청명남로50번길,다가구,37.25344537,127.0770957,15,28,2343,22,5,46,0,,1,103.0,2,111.0,3,111.0,0,,15,66,15,34.0,1,123.0,9.0,84.0,29.0,19.0,청명남로50번길,1227.2727272727273,서향,19,0,49,0,108,32,8.0,0,1
24.0,500.0,46.0,2000.0,청명남로50번길,다가구,37.25344537,127.0770957,15,28,2343,22,5,46,0,,1,103.0,2,111.0,3,111.0,0,,15,66,15,34.0,1,123.0,9.0,84.0,29.0,19.0,청명남로50번길,1336.3636363636365,서향,19,0,49,0,108,32,8.0,0,1
23.0,300.0,34.0,2000.0,매영로393번길,다가구,37.24989093,127.0749981,10,22,1214,14,3,61,0,,2,176.0,1,58.0,1,190.0,1,144.0,15,15,15,34.0,1,96.0,3.0,175.0,26.0,16.0,매영로393번길,918.181818181818,서향,21,0,57,27,124,86,17.0,1,3
39.0,,105.0,2023.0,봉영로1492번길,다가구,37.24579719,127.0668252,5,27,1983,11,2,27,0,,2,172.0,1,172.0,0,,4,20.0,15,23,0,,1,181.0,,,35.0,25.0,봉영로1482번길,,Unknown,16,9,36,17,145,98,16.0,1,8
24.0,500.0,38.0,2002.0,매영로425번길,다가구,37.24886123,127.0779064,0,18,1237,21,5,73,0,,2,54.0,0,,1,192.0,1,160.0,15,30,15,70.0,0,,2.0,150.0,27.0,17.0,매영로425번길,1190.909090909091,동향,26,6,49,27,103,80,8.0,0,5
22.0,300.0,43.0,1998.0,매영로415번길,다가구,37.24926384,127.0767878,0,18,1184,21,5,73,0,,2,54.0,0,,1,192.0,1,160.0,15,30,15,70.0,0,,2.0,150.0,18.0,8.0,매영로415번길,1081.818181818182,서향,26,2,51,28,110,81,12.0,0,4
23.0,500.0,41.0,1999.0,청명남로4번길,다가구,37.25000708,127.0739079,10,22,1276,14,3,61,0,,2,176.0,1,58.0,1,190.0,1,144.0,15,15,15,34.0,1,96.0,3.0,175.0,24.0,14.0,청명남로4번길,1245.4545454545455,서향,17,0,53,24,131,86,16.0,1,4
28.0,,0.0,2000.0,청명남로4번길,다가구,37.25000708,127.0739079,10,22,1276,14,3,61,0,,2,176.0,1,58.0,1,190.0,1,144.0,15,15,15,34.0,1,96.0,3.0,175.0,24.0,14.0,청명남로4번길,,서향,17,0,53,24,131,86,16.0,1,4
24.0,500.0,42.0,2003.0,반달로,다가구,37.25136983,127.0780484,4,106,1624,48,5,29,0,,2,110.0,2,134.0,1,159.0,0,,12,74,15,37.0,1,186.0,2.0,158.0,31.0,21.0,반달로,1263.6363636363635,남향,27,0,55,0,104,48,8.0,0,0
25.0,500.0,38.0,2001.0,청명로59번길,다가구,37.25238872,127.0797521,4,106,2013,48,5,29,0,,2,110.0,2,134.0,1,159.0,0,,12,74,15,37.0,1,186.0,2.0,158.0,30.0,20.0,청명북로7번길,1190.909090909091,서향,19,0,42,0,99,38,1.0,0,0
30.0,,0.0,2000.0,청명남로50번길,다가구,37.25344537,127.0770957,15,28,2343,22,5,46,0,,1,103.0,2,111.0,3,111.0,0,,15,66,15,34.0,1,123.0,9.0,84.0,29.0,19.0,청명남로50번길,,서향,19,0,49,0,108,32,8.0,0,1
32.0,500.0,45.0,2001.0,봉영로1482번길,다가구,37.24532934,127.0665258,5,27,1983,11,2,27,0,,2,172.0,1,172.0,0,,4,20.0,15,23,0,,1,181.0,,,35.0,25.0,봉영로1482번길,1318.181818181818,Unknown,16,9,36,17,145,98,16.0,0,8
23.0,200.0,31.0,2000.0,청명로59번길,다가구,37.25238872,127.0797521,4,106,2013,48,5,29,0,,2,110.0,2,134.0,1,159.0,0,,12,74,15,37.0,1,186.0,2.0,158.0,30.0,20.0,청명북로7번길,763.6363636363636,서향,19,0,42,0,99,38,1.0,0,0
24.0,500.0,40.0,2001.0,반달로,다가구,37.25136983,127.0780484,4,106,1624,48,5,29,0,,2,110.0,2,134.0,1,159.0,0,,12,74,15,37.0,1,186.0,2.0,158.0,31.0,21.0,반달로,1227.2727272727273,남향,27,0,55,0,104,48,8.0,0,0
22.0,200.0,31.0,2001.0,매영로398번길,다가구,37.24891486,127.0750246,14,14,1125,11,3,27,0,,0,,0,,1,77.0,2,146.0,15,36,15,11.0,1,158.0,1.0,84.0,23.0,13.0,매영로398번길,763.6363636363636,동향,21,9,55,33,125,96,16.0,2,3
26.0,,34.0,2000.0,청명북로7번길,다가구,37.25230411,127.0789528,4,106,2013,48,5,29,0,,2,110.0,2,134.0,1,159.0,0,,12,74,15,37.0,1,186.0,2.0,158.0,30.0,20.0,청명북로7번길,,서향,19,0,42,0,99,38,1.0,0,0
23.0,300.0,35.0,2001.0,청명로59번길,다가구,37.25238872,127.0797521,4,106,2013,48,5,29,0,,2,110.0,2,134.0,1,159.0,0,,12,74,15,37.0,1,186.0,2.0,158.0,30.0,20.0,청명북로7번길,936.3636363636364,서향,19,0,42,0,99,38,1.0,0,0
23.0,500.0,40.0,2000.0,매영로,다가구,37.27011763,127.0434533,2,84,2195,39,1,189,0,,0,,0,,0,,0,,1,57,2,42.0,0,,0.0,,-1.0,,,1227.2727272727273,서향,0,0,0,0,0,0,,0,1
20.0,500.0,40.0,2001.0,청명남로50번길,다가구,37.25344537,127.0770957,15,28,2343,22,5,46,0,,1,103.0,2,111.0,3,111.0,0,,15,66,15,34.0,1,123.0,9.0,84.0,29.0,19.0,청명남로50번길,1227.2727272727273,서향,19,0,49,0,108,32,8.0,0,1
21.0,,46.0,1999.0,청명로59번길,다가구,37.25238872,127.0797521,4,106,2013,48,5,29,0,,2,110.0,2,134.0,1,159.0,0,,12,74,15,37.0,1,186.0,2.0,158.0,30.0,20.0,청명북로7번길,,서향,19,0,42,0,99,38,1.0,0,0
22.0,300.0,35.0,1999.0,청명남로4번길,다가구,37.25000708,127.0739079,10,22,1276,14,3,61,0,,2,176.0,1,58.0,1,190.0,1,144.0,15,15,15,34.0,1,96.0,3.0,175.0,24.0,14.0,청명남로4번길,936.3636363636364,서향,17,0,53,24,131,86,16.0,1,4
21.0,,46.0,1999.0,청명로59번길,다가구,37.25238872,127.0797521,4,106,2013,48,5,29,0,,2,110.0,2,134.0,1,159.0,0,,12,74,15,37.0,1,186.0,2.0,158.0,30.0,20.0,청명북로7번길,,서향,19,0,42,0,99,38,1.0,0,0
25.0,300.0,40.0,1999.0,청명로43번길,다가구,37.25122722,127.0804941,4,106,1687,48,5,29,0,,2,110.0,2,134.0,1,159.0,0,,12,74,15,37.0,1,186.0,2.0,158.0,28.0,18.0,청명로43번길,1027.2727272727273,서향,16,0,37,0,93,45,5.0,0,0
27.0,,0.0,2001.0,청명남로50번길,단독,37.25344537,127.0770957,15,28,2343,22,5,46,0,,1,103.0,2,111.0,3,111.0,0,,15,66,15,34.0,1,123.0,9.0,84.0,29.0,19.0,청명남로50번길,,서향,19,0,49,0,108,32,8.0,0,1
24.0,500.0,32.0,2001.0,청명로21번길,다가구,37.24987045,127.0791242,0,18,1556,21,5,73,0,,2,54.0,0,,1,192.0,1,160.0,15,30,15,70.0,0,,2.0,150.0,25.0,15.0,청명로21번길,1081.818181818182,동향,23,0,46,9,97,70,9.0,0,0
20.0,500.0,43.0,2001.0,청명로59번길,다가구,37.25238872,127.0797521,4,106,2013,48,5,29,0,,2,110.0,2,134.0,1,159.0,0,,12,74,15,37.0,1,186.0,2.0,158.0,30.0,20.0,청명북로7번길,1281.818181818182,서향,19,0,42,0,99,38,1.0,0,0
30.0,500.0,40.0,1999.0,매영로398번길,다가구,37.24891486,127.0750246,14,14,1125,11,3,27,0,,0,,0,,1,77.0,2,146.0,15,36,15,11.0,1,158.0,1.0,84.0,23.0,13.0,매영로398번길,1227.2727272727273,동향,21,9,55,33,125,96,16.0,2,3
20.0,,25.0,2002.0,봉영로1482번길,단독,37.24532934,127.0665258,5,27,1983,11,2,27,0,,2,172.0,1,172.0,0,,4,20.0,15,23,0,,1,181.0,,,35.0,25.0,봉영로1482번길,,Unknown,16,9,36,17,145,98,16.0,0,8
25.0,500.0,39.0,2001.0,청명북로7번길,다가구,37.25230411,127.0789528,4,106,2013,48,5,29,0,,2,110.0,2,134.0,1,159.0,0,,12,74,15,37.0,1,186.0,2.0,158.0,30.0,20.0,청명북로7번길,1209.090909090909,서향,19,0,42,0,99,38,1.0,0,0
24.0,500.0,50.0,2001.0,청명로21번길,다가구,37.24987045,127.0791242,0,18,1556,21,5,73,0,,2,54.0,0,,1,192.0,1,160.0,15,30,15,70.0,0,,2.0,150.0,25.0,15.0,청명로21번길,1409.090909090909,동향,23,0,46,9,97,70,9.0,0,0
24.0,500.0,44.0,1999.0,매영로,단독,37.27011763,127.0434533,2,84,2195,39,1,189,0,,0,,0,,0,,0,,1,57,2,42.0,0,,0.0,,-1.0,,,1300.0,서향,0,0,0,0,0,0,,0,1
14.0,,1.0,2003.0,봉영로1482번길,다가구,37.24532934,127.0665258,5,27,1983,11,2,27,0,,2,172.0,1,172.0,0,,4,20.0,15,23,0,,1,181.0,,,35.0,25.0,봉영로1482번길,,Unknown,16,9,36,17,145,98,16.0,0,8
23.0,,33.0,2002.0,봉영로1492번길,다가구,37.24579719,127.0668252,5,27,1983,11,2,27,0,,2,172.0,1,172.0,0,,4,20.0,15,23,0,,1,181.0,,,35.0,25.0,봉영로1482번길,,Unknown,16,9,36,17,145,98,16.0,1,8
24.0,500.0,40.0,,청명로59번길,단독,37.25238872,127.0797521,4,106,2013,48,5,29,0,,2,110.0,2,134.0,1,159.0,0,,12,74,15,37.0,1,186.0,2.0,158.0,30.0,20.0,청명북로7번길,1227.2727272727273,서향,19,0,42,0,99,38,1.0,0,0
43.0,,50.0,2000.0,봉영로1492번길,다가구,37.24579719,127.0668252,5,27,1983,11,2,27,0,,2,172.0,1,172.0,0,,4,20.0,15,23,0,,1,181.0,,,35.0,25.0,봉영로1482번길,,Unknown,16,9,36,17,145,98,16.0,1,8
20.0,500.0,36.0,2000.0,덕영대로1681번길,다가구,37.2480919,127.0753141,14,14,1031,11,3,27,0,,0,,0,,1,77.0,2,146.0,15,36,15,11.0,1,158.0,1.0,84.0,20.0,10.0,덕영대로1681번길,1154.5454545454545,동향,26,28,48,36,124,98,15.0,1,3
24.0,300.0,37.0,1999.0,청명로59번길,다가구,37.25238872,127.0797521,4,106,2013,48,5,29,0,,2,110.0,2,134.0,1,159.0,0,,12,74,15,37.0,1,186.0,2.0,158.0,30.0,20.0,청명북로7번길,972.7272727272727,서향,19,0,42,0,99,38,1.0,0,0
22.0,500.0,46.0,1998.0,덕영대로1681번길,다가구,37.2480919,127.0753141,14,14,1031,11,3,27,0,,0,,0,,1,77.0,2,146.0,15,36,15,11.0,1,158.0,1.0,84.0,20.0,10.0,덕영대로1681번길,1336.3636363636365,동향,26,28,48,36,124,98,15.0,1,3
45.0,,0.0,2003.0,매영로425번길,다가구,37.24886123,127.0779064,0,18,1237,21,5,73,0,,2,54.0,0,,1,192.0,1,160.0,15,30,15,70.0,0,,2.0,150.0,27.0,17.0,매영로425번길,,동향,26,6,49,27,103,80,8.0,0,5
45.0,,55.0,2001.0,봉영로1482번길,단독,37.24532934,127.0665258,5,27,1983,11,2,27,0,,2,172.0,1,172.0,0,,4,20.0,15,23,0,,1,181.0,,,35.0,25.0,봉영로1482번길,,Unknown,16,9,36,17,145,98,16.0,0,8
24.0,,0.0,2023.0,봉영로1492번길,다가구,37.24579719,127.0668252,5,27,1983,11,2,27,0,,2,172.0,1,172.0,0,,4,20.0,15,23,0,,1,181.0,,,35.0,25.0,봉영로1482번길,,Unknown,16,9,36,17,145,98,16.0,1,8
24.0,,0.0,2023.0,봉영로1492번길,다가구,37.24579719,127.0668252,5,27,1983,11,2,27,0,,2,172.0,1,172.0,0,,4,20.0,15,23,0,,1,181.0,,,35.0,25.0,봉영로1482번길,,Unknown,16,9,36,17,145,98,16.0,1,8
39.0,400.0,42.0,2001.0,청명로,다가구,37.24870316,127.0795838,0,18,1345,21,5,73,0,,2,54.0,0,,1,192.0,1,160.0,15,30,15,70.0,0,,2.0,150.0,21.0,11.0,청명로,1163.6363636363635,서향,21,3,38,14,95,80,10.0,0,2
26.4,300.0,40.0,,청명북로7번길,다가구,37.25230411,127.0789528,4,106,2013,48,5,29,0,,2,110.0,2,134.0,1,159.0,0,,12,74,15,37.0,1,186.0,2.0,158.0,30.0,20.0,청명북로7번길,1027.2727272727273,서향,19,0,42,0,99,38,1.0,0,0
20.0,300.0,36.0,2001.0,영일로,다가구,37.24791274,127.0754779,14,14,1031,11,3,27,0,,0,,0,,1,77.0,2,146.0,15,36,15,11.0,1,158.0,1.0,84.0,20.0,10.0,덕영대로1681번길,954.5454545454544,동향,26,28,48,36,124,98,15.0,0,4
50.0,,100.0,2015.0,청명로,다가구,37.24870316,127.0795838,0,18,1345,21,5,73,0,,2,54.0,0,,1,192.0,1,160.0,15,30,15,70.0,0,,2.0,150.0,21.0,11.0,청명로,,서향,21,3,38,14,95,80,10.0,0,2
29.0,500.0,46.0,1999.0,매영로415번길,다가구,37.24926384,127.0767878,0,18,1184,21,5,73,0,,2,54.0,0,,1,192.0,1,160.0,15,30,15,70.0,0,,2.0,150.0,18.0,8.0,매영로415번길,1336.3636363636365,서향,26,2,51,28,110,81,12.0,0,4
20.0,300.0,37.0,2000.0,청명북로7번길,다가구,37.25230411,127.0789528,4,106,2013,48,5,29,0,,2,110.0,2,134.0,1,159.0,0,,12,74,15,37.0,1,186.0,2.0,158.0,30.0,20.0,청명북로7번길,972.7272727272727,서향,19,0,42,0,99,38,1.0,0,0
25.0,,35.0,2001.0,봉영로1482번길,다가구,37.24532934,127.0665258,5,27,1983,11,2,27,0,,2,172.0,1,172.0,0,,4,20.0,15,23,0,,1,181.0,,,35.0,25.0,봉영로1482번길,,Unknown,16,9,36,17,145,98,16.0,0,8
50.0,800.0,67.0,1999.0,청명로77번길,다가구,37.25351842,127.078502,15,28,2050,22,5,46,0,,1,103.0,2,111.0,3,111.0,0,,15,66,15,34.0,1,123.0,9.0,84.0,32.0,22.0,청명로77번길,2018.1818181818185,서향,17,0,41,0,102,32,2.0,0,1
22.0,500.0,46.0,1998.0,덕영대로1681번길,다가구,37.2480919,127.0753141,14,14,1031,11,3,27,0,,0,,0,,1,77.0,2,146.0,15,36,15,11.0,1,158.0,1.0,84.0,20.0,10.0,덕영대로1681번길,1336.3636363636365,동향,26,28,48,36,124,98,15.0,1,3
23.0,300.0,34.0,2001.0,반달로,다가구,37.25136983,127.0780484,4,106,1624,48,5,29,0,,2,110.0,2,134.0,1,159.0,0,,12,74,15,37.0,1,186.0,2.0,158.0,31.0,21.0,반달로,918.181818181818,남향,27,0,55,0,104,48,8.0,0,0
57.0,,70.0,1998.0,청명남로50번길,다가구,37.25344537,127.0770957,15,28,2343,22,5,46,0,,1,103.0,2,111.0,3,111.0,0,,15,66,15,34.0,1,123.0,9.0,84.0,29.0,19.0,청명남로50번길,,서향,19,0,49,0,108,32,8.0,0,1
23.0,500.0,35.0,2001.0,청명로,다가구,37.24870316,127.0795838,0,18,1345,21,5,73,0,,2,54.0,0,,1,192.0,1,160.0,15,30,15,70.0,0,,2.0,150.0,21.0,11.0,청명로,1136.3636363636365,서향,21,3,38,14,95,80,10.0,0,2
22.0,500.0,45.0,2001.0,매영로393번길,단독,37.24989093,127.0749981,10,22,1214,14,3,61,0,,2,176.0,1,58.0,1,190.0,1,144.0,15,15,15,34.0,1,96.0,3.0,175.0,26.0,16.0,매영로393번길,1318.181818181818,서향,21,0,57,27,124,86,17.0,1,3
22.0,500.0,45.0,2001.0,매영로393번길,다가구,37.24989093,127.0749981,10,22,1214,14,3,61,0,,2,176.0,1,58.0,1,190.0,1,144.0,15,15,15,34.0,1,96.0,3.0,175.0,26.0,16.0,매영로393번길,1318.181818181818,서향,21,0,57,27,124,86,17.0,1,3
18.0,200.0,24.0,2001.0,청명로59번길,다가구,37.25238872,127.0797521,4,106,2013,48,5,29,0,,2,110.0,2,134.0,1,159.0,0,,12,74,15,37.0,1,186.0,2.0,158.0,30.0,20.0,청명북로7번길,636.3636363636364,서향,19,0,42,0,99,38,1.0,0,0
22.0,500.0,43.0,2000.0,청명로59번길,다가구,37.25238872,127.0797521,4,106,2013,48,5,29,0,,2,110.0,2,134.0,1,159.0,0,,12,74,15,37.0,1,186.0,2.0,158.0,30.0,20.0,청명북로7번길,1281.818181818182,서향,19,0,42,0,99,38,1.0,0,0
22.0,500.0,43.0,2000.0,청명로59번길,다가구,37.25238872,127.0797521,4,106,2013,48,5,29,0,,2,110.0,2,134.0,1,159.0,0,,12,74,15,37.0,1,186.0,2.0,158.0,30.0,20.0,청명북로7번길,1281.818181818182,서향,19,0,42,0,99,38,1.0,0,0
20.0,300.0,42.0,2000.0,청명로59번길,다가구,37.25238872,127.0797521,4,106,2013,48,5,29,0,,2,110.0,2,134.0,1,159.0,0,,12,74,15,37.0,1,186.0,2.0,158.0,30.0,20.0,청명북로7번길,1063.6363636363635,서향,19,0,42,0,99,38,1.0,0,0
35.0,500.0,60.0,2002.0,매영로425번길,다가구,37.24886123,127.0779064,0,18,1237,21,5,73,0,,2,54.0,0,,1,192.0,1,160.0,15,30,15,70.0,0,,2.0,150.0,27.0,17.0,매영로425번길,1590.909090909091,동향,26,6,49,27,103,80,8.0,0,5
56.0,,65.0,1998.0,청명남로4번길,다가구,37.25000708,127.0739079,10,22,1276,14,3,61,0,,2,176.0,1,58.0,1,190.0,1,144.0,15,15,15,34.0,1,96.0,3.0,175.0,24.0,14.0,청명남로4번길,,서향,17,0,53,24,131,86,16.0,1,4
20.0,300.0,40.0,1999.0,청명남로4번길,다가구,37.25000708,127.0739079,10,22,1276,14,3,61,0,,2,176.0,1,58.0,1,190.0,1,144.0,15,15,15,34.0,1,96.0,3.0,175.0,24.0,14.0,청명남로4번길,1027.2727272727273,서향,17,0,53,24,131,86,16.0,1,4
20.0,300.0,40.0,1999.0,청명남로4번길,다가구,37.25000708,127.0739079,10,22,1276,14,3,61,0,,2,176.0,1,58.0,1,190.0,1,144.0,15,15,15,34.0,1,96.0,3.0,175.0,24.0,14.0,청명남로4번길,1027.2727272727273,서향,17,0,53,24,131,86,16.0,1,4
21.0,500.0,41.0,2004.0,청명남로50번길,다가구,37.25344537,127.0770957,15,28,2343,22,5,46,0,,1,103.0,2,111.0,3,111.0,0,,15,66,15,34.0,1,123.0,9.0,84.0,29.0,19.0,청명남로50번길,1245.4545454545455,서향,19,0,49,0,108,32,8.0,0,1
60.0,500.0,46.0,1998.0,덕영대로1681번길,다가구,37.2480919,127.0753141,14,14,1031,11,3,27,0,,0,,0,,1,77.0,2,146.0,15,36,15,11.0,1,158.0,1.0,84.0,20.0,10.0,덕영대로1681번길,1336.3636363636365,동향,26,28,48,36,124,98,15.0,1,3
20.0,300.0,36.0,1998.0,청명남로4번길,다가구,37.25000708,127.0739079,10,22,1276,14,3,61,0,,2,176.0,1,58.0,1,190.0,1,144.0,15,15,15,34.0,1,96.0,3.0,175.0,24.0,14.0,청명남로4번길,954.5454545454544,서향,17,0,53,24,131,86,16.0,1,4
25.0,500.0,45.0,2000.0,청명로,다가구,37.24870316,127.0795838,0,18,1345,21,5,73,0,,2,54.0,0,,1,192.0,1,160.0,15,30,15,70.0,0,,2.0,150.0,21.0,11.0,청명로,1318.181818181818,서향,21,3,38,14,95,80,10.0,0,2
26.0,500.0,40.0,2001.0,봉영로1482번길,다가구,37.24532934,127.0665258,5,27,1983,11,2,27,0,,2,172.0,1,172.0,0,,4,20.0,15,23,0,,1,181.0,,,35.0,25.0,봉영로1482번길,1227.2727272727273,Unknown,16,9,36,17,145,98,16.0,0,8
25.0,500.0,41.0,2000.0,청명남로50번길,다가구,37.25344537,127.0770957,15,28,2343,22,5,46,0,,1,103.0,2,111.0,3,111.0,0,,15,66,15,34.0,1,123.0,9.0,84.0,29.0,19.0,청명남로50번길,1245.4545454545455,서향,19,0,49,0,108,32,8.0,0,1
19.0,,41.0,2001.0,반달로,다가구,37.25136983,127.0780484,4,106,1624,48,5,29,0,,2,110.0,2,134.0,1,159.0,0,,12,74,15,37.0,1,186.0,2.0,158.0,31.0,21.0,반달로,,남향,27,0,55,0,104,48,8.0,0,0
50.0,,100.0,2015.0,청명로,다가구,37.24870316,127.0795838,0,18,1345,21,5,73,0,,2,54.0,0,,1,192.0,1,160.0,15,30,15,70.0,0,,2.0,150.0,21.0,11.0,청명로,,서향,21,3,38,14,95,80,10.0,0,2
28.0,500.0,37.0,2003.0,청명남로4번길,다가구,37.25000708,127.0739079,10,22,1276,14,3,61,0,,2,176.0,1,58.0,1,190.0,1,144.0,15,15,15,34.0,1,96.0,3.0,175.0,24.0,14.0,청명남로4번길,1172.7272727272727,서향,17,0,53,24,131,86,16.0,1,4
22.0,,0.0,2001.0,청명로59번길,단독,37.25238872,127.0797521,4,106,2013,48,5,29,0,,2,110.0,2,134.0,1,159.0,0,,12,74,15,37.0,1,186.0,2.0,158.0,30.0,20.0,청명북로7번길,,서향,19,0,42,0,99,38,1.0,0,0
25.0,300.0,36.0,1999.0,청명로43번길,단독,37.25122722,127.0804941,4,106,1687,48,5,29,0,,2,110.0,2,134.0,1,159.0,0,,12,74,15,37.0,1,186.0,2.0,158.0,28.0,18.0,청명로43번길,954.5454545454544,서향,16,0,37,0,93,45,5.0,0,0
26.0,500.0,50.0,2001.0,청명로21번길,다가구,37.24987045,127.0791242,0,18,1556,21,5,73,0,,2,54.0,0,,1,192.0,1,160.0,15,30,15,70.0,0,,2.0,150.0,25.0,15.0,청명로21번길,1409.090909090909,동향,23,0,46,9,97,70,9.0,0,0
25.0,300.0,36.0,,청명로43번길,다가구,37.25122722,127.0804941,4,106,1687,48,5,29,0,,2,110.0,2,134.0,1,159.0,0,,12,74,15,37.0,1,186.0,2.0,158.0,28.0,18.0,청명로43번길,954.5454545454544,서향,16,0,37,0,93,45,5.0,0,0
22.0,,0.0,2002.0,청명로,다가구,37.24870316,127.0795838,0,18,1345,21,5,73,0,,2,54.0,0,,1,192.0,1,160.0,15,30,15,70.0,0,,2.0,150.0,21.0,11.0,청명로,,서향,21,3,38,14,95,80,10.0,0,2
26.0,500.0,47.0,2002.0,청명로59번길,다가구,37.25238872,127.0797521,4,106,2013,48,5,29,0,,2,110.0,2,134.0,1,159.0,0,,12,74,15,37.0,1,186.0,2.0,158.0,30.0,20.0,청명북로7번길,1354.5454545454545,서향,19,0,42,0,99,38,1.0,0,0
36.0,,55.0,2001.0,청명로43번길,다가구,37.25122722,127.0804941,4,106,1687,48,5,29,0,,2,110.0,2,134.0,1,159.0,0,,12,74,15,37.0,1,186.0,2.0,158.0,28.0,18.0,청명로43번길,,서향,16,0,37,0,93,45,5.0,0,0
21.0,500.0,37.0,2000.0,청명로59번길,다가구,37.25238872,127.0797521,4,106,2013,48,5,29,0,,2,110.0,2,134.0,1,159.0,0,,12,74,15,37.0,1,186.0,2.0,158.0,30.0,20.0,청명북로7번길,1172.7272727272727,서향,19,0,42,0,99,38,1.0,0,0
36.0,,55.0,2001.0,청명로43번길,다가구,37.25122722,127.0804941,4,106,1687,48,5,29,0,,2,110.0,2,134.0,1,159.0,0,,12,74,15,37.0,1,186.0,2.0,158.0,28.0,18.0,청명로43번길,,서향,16,0,37,0,93,45,5.0,0,0
21.0,700.0,45.0,2001.0,청명로59번길,다가구,37.25238872,127.0797521,4,106,2013,48,5,29,0,,2,110.0,2,134.0,1,159.0,0,,12,74,15,37.0,1,186.0,2.0,158.0,30.0,20.0,청명북로7번길,1518.181818181818,서향,19,0,42,0,99,38,1.0,0,0
20.0,500.0,35.0,2002.0,봉영로1482번길,단독,37.24532934,127.0665258,5,27,1983,11,2,27,0,,2,172.0,1,172.0,0,,4,20.0,15,23,0,,1,181.0,,,35.0,25.0,봉영로1482번길,1136.3636363636365,Unknown,16,9,36,17,145,98,16.0,0,8
50.0,,70.0,1999.0,청명로77번길,다가구,37.25351842,127.078502,15,28,2050,22,5,46,0,,1,103.0,2,111.0,3,111.0,0,,15,66,15,34.0,1,123.0,9.0,84.0,32.0,22.0,청명로77번길,,서향,17,0,41,0,102,32,2.0,0,1
23.0,300.0,44.0,2001.0,매영로415번길,다가구,37.24926384,127.0767878,0,18,1184,21,5,73,0,,2,54.0,0,,1,192.0,1,160.0,15,30,15,70.0,0,,2.0,150.0,18.0,8.0,매영로415번길,1100.0,서향,26,2,51,28,110,81,12.0,0,4
26.0,300.0,35.0,2000.0,청명남로50번길,다가구,37.25344537,127.0770957,15,28,2343,22,5,46,0,,1,103.0,2,111.0,3,111.0,0,,15,66,15,34.0,1,123.0,9.0,84.0,29.0,19.0,청명남로50번길,936.3636363636364,서향,19,0,49,0,108,32,8.0,0,1
24.7,300.0,43.0,2001.0,청명남로60번길,다가구,37.25444238,127.0775095,15,28,2159,22,5,46,0,,1,103.0,2,111.0,3,111.0,0,,15,66,15,34.0,1,123.0,9.0,84.0,33.0,23.0,청명남로60번길,1081.818181818182,동향,16,0,43,0,105,22,6.0,1,1
20.0,500.0,40.0,1999.0,매영로398번길,다가구,37.24891486,127.0750246,14,14,1125,11,3,27,0,,0,,0,,1,77.0,2,146.0,15,36,15,11.0,1,158.0,1.0,84.0,23.0,13.0,매영로398번길,1227.2727272727273,동향,21,9,55,33,125,96,16.0,2,3
22.0,500.0,44.0,2002.0,영일로21번길,다가구,37.2500458,127.0760096,0,18,1207,21,5,73,0,,2,54.0,0,,1,192.0,1,160.0,15,30,15,70.0,0,,2.0,150.0,19.0,9.0,영일로21번길,1300.0,동향,26,0,57,24,118,78,14.0,0,2
20.0,500.0,45.0,2001.0,청명로59번길,단독,37.25238872,127.0797521,4,106,2013,48,5,29,0,,2,110.0,2,134.0,1,159.0,0,,12,74,15,37.0,1,186.0,2.0,158.0,30.0,20.0,청명북로7번길,1318.181818181818,서향,19,0,42,0,99,38,1.0,0,0
35.0,500.0,60.0,1998.0,청명남로4번길,다가구,37.25000708,127.0739079,10,22,1276,14,3,61,0,,2,176.0,1,58.0,1,190.0,1,144.0,15,15,15,34.0,1,96.0,3.0,175.0,24.0,14.0,청명남로4번길,1590.909090909091,서향,17,0,53,24,131,86,16.0,1,4
26.58,500.0,44.0,2001.0,청명남로50번길,다가구,37.25344537,127.0770957,15,28,2343,22,5,46,0,,1,103.0,2,111.0,3,111.0,0,,15,66,15,34.0,1,123.0,9.0,84.0,29.0,19.0,청명남로50번길,1300.0,서향,19,0,49,0,108,32,8.0,0,1
24.0,300.0,35.0,2001.0,덕영대로1673번길,다가구,37.24816244,127.0743831,14,14,1031,11,3,27,0,,0,,0,,1,77.0,2,146.0,15,36,15,11.0,1,158.0,1.0,84.0,20.0,10.0,덕영대로1681번길,936.3636363636364,동향,26,28,48,36,124,98,15.0,0,4
20.0,,0.0,,매영로415번길,다가구,37.24926384,127.0767878,0,18,1184,21,5,73,0,,2,54.0,0,,1,192.0,1,160.0,15,30,15,70.0,0,,2.0,150.0,18.0,8.0,매영로415번길,,서향,26,2,51,28,110,81,12.0,0,4
26.0,500.0,40.0,1999.0,청명북로,다가구,37.25200089,127.0786442,4,106,2013,48,5,29,0,,2,110.0,2,134.0,1,159.0,0,,12,74,15,37.0,1,186.0,2.0,158.0,30.0,20.0,청명북로7번길,1227.2727272727273,동향,19,0,42,0,99,38,1.0,0,0
25.0,500.0,47.0,2001.0,청명로59번길,다가구,37.25238872,127.0797521,4,106,2013,48,5,29,0,,2,110.0,2,134.0,1,159.0,0,,12,74,15,37.0,1,186.0,2.0,158.0,30.0,20.0,청명북로7번길,1354.5454545454545,서향,19,0,42,0,99,38,1.0,0,0
25.0,500.0,47.0,2001.0,청명로59번길,다가구,37.25238872,127.0797521,4,106,2013,48,5,29,0,,2,110.0,2,134.0,1,159.0,0,,12,74,15,37.0,1,186.0,2.0,158.0,30.0,20.0,청명북로7번길,1354.5454545454545,서향,19,0,42,0,99,38,1.0,0,0
26.0,,0.0,2000.0,매영로,다가구,37.27011763,127.0434533,2,84,2195,39,1,189,0,,0,,0,,0,,0,,1,57,2,42.0,0,,0.0,,-1.0,,,,서향,0,0,0,0,0,0,,0,1
25.0,,0.0,2004.0,매영로415번길,다가구,37.24926384,127.0767878,0,18,1184,21,5,73,0,,2,54.0,0,,1,192.0,1,160.0,15,30,15,70.0,0,,2.0,150.0,18.0,8.0,매영로415번길,,서향,26,2,51,28,110,81,12.0,0,4
25.0,500.0,48.0,2000.0,청명로,다가구,37.24870316,127.0795838,0,18,1345,21,5,73,0,,2,54.0,0,,1,192.0,1,160.0,15,30,15,70.0,0,,2.0,150.0,21.0,11.0,청명로,1372.7272727272727,서향,21,3,38,14,95,80,10.0,0,2
26.4,300.0,43.0,2001.0,매영로393번길,다가구,37.24989093,127.0749981,10,22,1214,14,3,61,0,,2,176.0,1,58.0,1,190.0,1,144.0,15,15,15,34.0,1,96.0,3.0,175.0,26.0,16.0,매영로393번길,1081.818181818182,서향,21,0,57,27,124,86,17.0,1,3
28.0,500.0,55.0,1998.0,청명로,다가구,37.24870316,127.0795838,0,18,1345,21,5,73,0,,2,54.0,0,,1,192.0,1,160.0,15,30,15,70.0,0,,2.0,150.0,21.0,11.0,청명로,1500.0,서향,21,3,38,14,95,80,10.0,0,2
23.0,500.0,36.0,2001.0,청명로59번길,다가구,37.25238872,127.0797521,4,106,2013,48,5,29,0,,2,110.0,2,134.0,1,159.0,0,,12,74,15,37.0,1,186.0,2.0,158.0,30.0,20.0,청명북로7번길,1154.5454545454545,서향,19,0,42,0,99,38,1.0,0,0
22.0,500.0,42.0,2002.0,영일로21번길,다가구,37.2500458,127.0760096,0,18,1207,21,5,73,0,,2,54.0,0,,1,192.0,1,160.0,15,30,15,70.0,0,,2.0,150.0,19.0,9.0,영일로21번길,1263.6363636363635,동향,26,0,57,24,118,78,14.0,0,2
29.26,500.0,45.0,1999.0,매영로415번길,다가구,37.24926384,127.0767878,0,18,1184,21,5,73,0,,2,54.0,0,,1,192.0,1,160.0,15,30,15,70.0,0,,2.0,150.0,18.0,8.0,매영로415번길,1318.181818181818,서향,26,2,51,28,110,81,12.0,0,4
40.0,,78.0,2003.0,매영로425번길,다가구,37.24886123,127.0779064,0,18,1237,21,5,73,0,,2,54.0,0,,1,192.0,1,160.0,15,30,15,70.0,0,,2.0,150.0,27.0,17.0,매영로425번길,,동향,26,6,49,27,103,80,8.0,0,5
21.0,500.0,37.0,2000.0,청명북로15번길,다가구,37.2532285,127.0791047,4,106,2050,48,5,29,0,,2,110.0,2,134.0,1,159.0,0,,12,74,15,37.0,1,186.0,2.0,158.0,32.0,22.0,청명로77번길,1172.7272727272727,서향,17,0,41,0,102,32,2.0,0,1
26.4,300.0,42.0,2001.0,매영로393번길,다가구,37.24989093,127.0749981,10,22,1214,14,3,61,0,,2,176.0,1,58.0,1,190.0,1,144.0,15,15,15,34.0,1,96.0,3.0,175.0,26.0,16.0,매영로393번길,1063.6363636363635,서향,21,0,57,27,124,86,17.0,1,3
20.0,500.0,44.0,2000.0,매영로415번길,다가구,37.24926384,127.0767878,0,18,1184,21,5,73,0,,2,54.0,0,,1,192.0,1,160.0,15,30,15,70.0,0,,2.0,150.0,18.0,8.0,매영로415번길,1300.0,서향,26,2,51,28,110,81,12.0,0,4
20.0,300.0,40.0,1999.0,청명남로4번길,다가구,37.25000708,127.0739079,10,22,1276,14,3,61,0,,2,176.0,1,58.0,1,190.0,1,144.0,15,15,15,34.0,1,96.0,3.0,175.0,24.0,14.0,청명남로4번길,1027.2727272727273,서향,17,0,53,24,131,86,16.0,1,4
26.4,500.0,42.0,2001.0,청명남로4번길,다가구,37.25000708,127.0739079,10,22,1276,14,3,61,0,,2,176.0,1,58.0,1,190.0,1,144.0,15,15,15,34.0,1,96.0,3.0,175.0,24.0,14.0,청명남로4번길,1263.6363636363635,서향,17,0,53,24,131,86,16.0,1,4
22.0,500.0,47.0,2001.0,청명남로50번길,다가구,37.25344537,127.0770957,15,28,2343,22,5,46,0,,1,103.0,2,111.0,3,111.0,0,,15,66,15,34.0,1,123.0,9.0,84.0,29.0,19.0,청명남로50번길,1354.5454545454545,서향,19,0,49,0,108,32,8.0,0,1
23.0,,0.0,2002.0,청명로,다가구,37.24870316,127.0795838,0,18,1345,21,5,73,0,,2,54.0,0,,1,192.0,1,160.0,15,30,15,70.0,0,,2.0,150.0,21.0,11.0,청명로,,서향,21,3,38,14,95,80,10.0,0,2
20.0,500.0,35.0,2001.0,청명로59번길,다가구,37.25238872,127.0797521,4,106,2013,48,5,29,0,,2,110.0,2,134.0,1,159.0,0,,12,74,15,37.0,1,186.0,2.0,158.0,30.0,20.0,청명북로7번길,1136.3636363636365,서향,19,0,42,0,99,38,1.0,0,0
26.4,500.0,50.0,2001.0,매영로415번길,다가구,37.24926384,127.0767878,0,18,1184,21,5,73,0,,2,54.0,0,,1,192.0,1,160.0,15,30,15,70.0,0,,2.0,150.0,18.0,8.0,매영로415번길,1409.090909090909,서향,26,2,51,28,110,81,12.0,0,4
20.0,400.0,40.0,2001.0,영통로,다가구,37.24548895,127.0702859,5,27,1632,11,2,27,0,,2,172.0,1,172.0,0,,4,20.0,15,23,0,,1,181.0,,,37.0,27.0,서그내로16번길 27,1127.2727272727273,동향,10,21,39,75,137,101,16.0,0,1
23.0,300.0,40.0,2001.0,청명로59번길,다가구,37.25238872,127.0797521,4,106,2013,48,5,29,0,,2,110.0,2,134.0,1,159.0,0,,12,74,15,37.0,1,186.0,2.0,158.0,30.0,20.0,청명북로7번길,1027.2727272727273,서향,19,0,42,0,99,38,1.0,0,0
22.0,500.0,40.0,2001.0,반달로,다가구,37.25136983,127.0780484,4,106,1624,48,5,29,0,,2,110.0,2,134.0,1,159.0,0,,12,74,15,37.0,1,186.0,2.0,158.0,31.0,21.0,반달로,1227.2727272727273,남향,27,0,55,0,104,48,8.0,0,0
29.18,500.0,47.0,2002.0,청명로59번길,다가구,37.25238872,127.0797521,4,106,2013,48,5,29,0,,2,110.0,2,134.0,1,159.0,0,,12,74,15,37.0,1,186.0,2.0,158.0,30.0,20.0,청명북로7번길,1354.5454545454545,서향,19,0,42,0,99,38,1.0,0,0
21.0,,45.0,1999.0,청명로59번길,다가구,37.25238872,127.0797521,4,106,2013,48,5,29,0,,2,110.0,2,134.0,1,159.0,0,,12,74,15,37.0,1,186.0,2.0,158.0,30.0,20.0,청명북로7번길,,서향,19,0,42,0,99,38,1.0,0,0
26.0,500.0,40.0,2001.0,청명로59번길,다가구,37.25238872,127.0797521,4,106,2013,48,5,29,0,,2,110.0,2,134.0,1,159.0,0,,12,74,15,37.0,1,186.0,2.0,158.0,30.0,20.0,청명북로7번길,1227.2727272727273,서향,19,0,42,0,99,38,1.0,0,0
22.0,,47.0,2003.0,매영로425번길,다가구,37.24886123,127.0779064,0,18,1237,21,5,73,0,,2,54.0,0,,1,192.0,1,160.0,15,30,15,70.0,0,,2.0,150.0,27.0,17.0,매영로425번길,,동향,26,6,49,27,103,80,8.0,0,5
21.0,,45.0,1999.0,청명로59번길,다가구,37.25238872,127.0797521,4,106,2013,48,5,29,0,,2,110.0,2,134.0,1,159.0,0,,12,74,15,37.0,1,186.0,2.0,158.0,30.0,20.0,청명북로7번길,,서향,19,0,42,0,99,38,1.0,0,0
30.0,500.0,45.0,,청명남로50번길,다가구,37.25344537,127.0770957,15,28,2343,22,5,46,0,,1,103.0,2,111.0,3,111.0,0,,15,66,15,34.0,1,123.0,9.0,84.0,29.0,19.0,청명남로50번길,1318.181818181818,서향,19,0,49,0,108,32,8.0,0,1
56.0,,70.0,1999.0,청명로43번길,다가구,37.25122722,127.0804941,4,106,1687,48,5,29,0,,2,110.0,2,134.0,1,159.0,0,,12,74,15,37.0,1,186.0,2.0,158.0,28.0,18.0,청명로43번길,,서향,16,0,37,0,93,45,5.0,0,0
24.0,500.0,40.0,2000.0,반달로,다가구,37.25136983,127.0780484,4,106,1624,48,5,29,0,,2,110.0,2,134.0,1,159.0,0,,12,74,15,37.0,1,186.0,2.0,158.0,31.0,21.0,반달로,1227.2727272727273,남향,27,0,55,0,104,48,8.0,0,0
25.0,,0.0,2002.0,봉영로1492번길,다가구,37.24579719,127.0668252,5,27,1983,11,2,27,0,,2,172.0,1,172.0,0,,4,20.0,15,23,0,,1,181.0,,,35.0,25.0,봉영로1482번길,,Unknown,16,9,36,17,145,98,16.0,1,8
26.0,,0.0,1999.0,청명로59번길,다가구,37.25238872,127.0797521,4,106,2013,48,5,29,0,,2,110.0,2,134.0,1,159.0,0,,12,74,15,37.0,1,186.0,2.0,158.0,30.0,20.0,청명북로7번길,,서향,19,0,42,0,99,38,1.0,0,0
26.0,,0.0,1999.0,청명로59번길,다가구,37.25238872,127.0797521,4,106,2013,48,5,29,0,,2,110.0,2,134.0,1,159.0,0,,12,74,15,37.0,1,186.0,2.0,158.0,30.0,20.0,청명북로7번길,,서향,19,0,42,0,99,38,1.0,0,0
24.0,,0.0,2001.0,청명북로,다가구,37.25200089,127.0786442,4,106,2013,48,5,29,0,,2,110.0,2,134.0,1,159.0,0,,12,74,15,37.0,1,186.0,2.0,158.0,30.0,20.0,청명북로7번길,,동향,19,0,42,0,99,38,1.0,0,0
29.0,500.0,45.0,2000.0,청명북로7번길,다가구,37.25230411,127.0789528,4,106,2013,48,5,29,0,,2,110.0,2,134.0,1,159.0,0,,12,74,15,37.0,1,186.0,2.0,158.0,30.0,20.0,청명북로7번길,1318.181818181818,서향,19,0,42,0,99,38,1.0,0,0
42.0,,55.0,1998.0,청명남로12번길,다가구,37.25082627,127.0747557,10,22,1635,14,3,61,0,,2,176.0,1,58.0,1,190.0,1,144.0,15,15,15,34.0,1,96.0,3.0,175.0,22.0,12.0,청명남로12번길,,서향,20,0,54,9,125,63,16.0,0,3
24.0,200.0,31.0,2000.0,청명로59번길,다가구,37.25238872,127.0797521,4,106,2013,48,5,29,0,,2,110.0,2,134.0,1,159.0,0,,12,74,15,37.0,1,186.0,2.0,158.0,30.0,20.0,청명북로7번길,763.6363636363636,서향,19,0,42,0,99,38,1.0,0,0
24.0,500.0,41.0,2001.0,청명북로7번길,다가구,37.25230411,127.0789528,4,106,2013,48,5,29,0,,2,110.0,2,134.0,1,159.0,0,,12,74,15,37.0,1,186.0,2.0,158.0,30.0,20.0,청명북로7번길,1245.4545454545455,서향,19,0,42,0,99,38,1.0,0,0
26.4,500.0,41.0,2001.0,덕영대로1681번길,다가구,37.2480919,127.0753141,14,14,1031,11,3,27,0,,0,,0,,1,77.0,2,146.0,15,36,15,11.0,1,158.0,1.0,84.0,20.0,10.0,덕영대로1681번길,1245.4545454545455,동향,26,28,48,36,124,98,15.0,1,3
27.0,,0.0,2003.0,청명남로12번길,다가구,37.25082627,127.0747557,10,22,1635,14,3,61,0,,2,176.0,1,58.0,1,190.0,1,144.0,15,15,15,34.0,1,96.0,3.0,175.0,22.0,12.0,청명남로12번길,,서향,20,0,54,9,125,63,16.0,0,3
20.0,500.0,45.0,1998.0,매영로415번길,다가구,37.24926384,127.0767878,0,18,1184,21,5,73,0,,2,54.0,0,,1,192.0,1,160.0,15,30,15,70.0,0,,2.0,150.0,18.0,8.0,매영로415번길,1318.181818181818,서향,26,2,51,28,110,81,12.0,0,4
22.9,300.0,36.0,2001.0,청명로77번길,다가구,37.25351842,127.078502,15,28,2050,22,5,46,0,,1,103.0,2,111.0,3,111.0,0,,15,66,15,34.0,1,123.0,9.0,84.0,32.0,22.0,청명로77번길,954.5454545454544,서향,17,0,41,0,102,32,2.0,0,1
45.0,,65.0,1999.0,매영로415번길,다가구,37.24926384,127.0767878,0,18,1184,21,5,73,0,,2,54.0,0,,1,192.0,1,160.0,15,30,15,70.0,0,,2.0,150.0,18.0,8.0,매영로415번길,,서향,26,2,51,28,110,81,12.0,0,4
30.0,,0.0,1998.0,청명로,다가구,37.24870316,127.0795838,0,18,1345,21,5,73,0,,2,54.0,0,,1,192.0,1,160.0,15,30,15,70.0,0,,2.0,150.0,21.0,11.0,청명로,,서향,21,3,38,14,95,80,10.0,0,2
23.0,300.0,41.0,2000.0,매영로393번길,다가구,37.24989093,127.0749981,10,22,1214,14,3,61,0,,2,176.0,1,58.0,1,190.0,1,144.0,15,15,15,34.0,1,96.0,3.0,175.0,26.0,16.0,매영로393번길,1045.4545454545455,서향,21,0,57,27,124,86,17.0,1,3
22.0,500.0,45.0,2001.0,매영로393번길,단독,37.24989093,127.0749981,10,22,1214,14,3,61,0,,2,176.0,1,58.0,1,190.0,1,144.0,15,15,15,34.0,1,96.0,3.0,175.0,26.0,16.0,매영로393번길,1318.181818181818,서향,21,0,57,27,124,86,17.0,1,3
34.0,,45.0,1998.0,영일로,다가구,37.24791274,127.0754779,14,14,1031,11,3,27,0,,0,,0,,1,77.0,2,146.0,15,36,15,11.0,1,158.0,1.0,84.0,20.0,10.0,덕영대로1681번길,,동향,26,28,48,36,124,98,15.0,0,4
50.0,,0.0,2000.0,청명남로12번길,다가구,37.25082627,127.0747557,10,22,1635,14,3,61,0,,2,176.0,1,58.0,1,190.0,1,144.0,15,15,15,34.0,1,96.0,3.0,175.0,22.0,12.0,청명남로12번길,,서향,20,0,54,9,125,63,16.0,0,3
20.0,500.0,44.0,1999.0,매영로398번길,다가구,37.24891486,127.0750246,14,14,1125,11,3,27,0,,0,,0,,1,77.0,2,146.0,15,36,15,11.0,1,158.0,1.0,84.0,23.0,13.0,매영로398번길,1300.0,동향,21,9,55,33,125,96,16.0,2,3
33.0,,48.0,2001.0,덕영대로1673번길,단독,37.24816244,127.0743831,14,14,1031,11,3,27,0,,0,,0,,1,77.0,2,146.0,15,36,15,11.0,1,158.0,1.0,84.0,20.0,10.0,덕영대로1681번길,,동향,26,28,48,36,124,98,15.0,0,4
50.0,,0.0,2000.0,청명남로12번길,다가구,37.25082627,127.0747557,10,22,1635,14,3,61,0,,2,176.0,1,58.0,1,190.0,1,144.0,15,15,15,34.0,1,96.0,3.0,175.0,22.0,12.0,청명남로12번길,,서향,20,0,54,9,125,63,16.0,0,3
33.0,,48.0,2001.0,덕영대로1673번길,다가구,37.24816244,127.0743831,14,14,1031,11,3,27,0,,0,,0,,1,77.0,2,146.0,15,36,15,11.0,1,158.0,1.0,84.0,20.0,10.0,덕영대로1681번길,,동향,26,28,48,36,124,98,15.0,0,4
40.0,,57.0,2000.0,매영로398번길,다가구,37.24891486,127.0750246,14,14,1125,11,3,27,0,,0,,0,,1,77.0,2,146.0,15,36,15,11.0,1,158.0,1.0,84.0,23.0,13.0,매영로398번길,,동향,21,9,55,33,125,96,16.0,2,3
25.0,,46.0,2003.0,매영로425번길,다가구,37.24886123,127.0779064,0,18,1237,21,5,73,0,,2,54.0,0,,1,192.0,1,160.0,15,30,15,70.0,0,,2.0,150.0,27.0,17.0,매영로425번길,,동향,26,6,49,27,103,80,8.0,0,5
28.0,500.0,41.0,2001.0,청명북로7번길,다가구,37.25230411,127.0789528,4,106,2013,48,5,29,0,,2,110.0,2,134.0,1,159.0,0,,12,74,15,37.0,1,186.0,2.0,158.0,30.0,20.0,청명북로7번길,1245.4545454545455,서향,19,0,42,0,99,38,1.0,0,0
24.0,500.0,40.0,2001.0,영일로21번길,다가구,37.2500458,127.0760096,0,18,1207,21,5,73,0,,2,54.0,0,,1,192.0,1,160.0,15,30,15,70.0,0,,2.0,150.0,19.0,9.0,영일로21번길,1227.2727272727273,동향,26,0,57,24,118,78,14.0,0,2
20.0,500.0,35.0,2002.0,반달로,다가구,37.25136983,127.0780484,4,106,1624,48,5,29,0,,2,110.0,2,134.0,1,159.0,0,,12,74,15,37.0,1,186.0,2.0,158.0,31.0,21.0,반달로,1136.3636363636365,남향,27,0,55,0,104,48,8.0,0,0
26.4,500.0,40.0,2001.0,청명로59번길,다가구,37.25238872,127.0797521,4,106,2013,48,5,29,0,,2,110.0,2,134.0,1,159.0,0,,12,74,15,37.0,1,186.0,2.0,158.0,30.0,20.0,청명북로7번길,1227.2727272727273,서향,19,0,42,0,99,38,1.0,0,0
24.0,500.0,40.0,2000.0,청명로59번길,단독,37.25238872,127.0797521,4,106,2013,48,5,29,0,,2,110.0,2,134.0,1,159.0,0,,12,74,15,37.0,1,186.0,2.0,158.0,30.0,20.0,청명북로7번길,1227.2727272727273,서향,19,0,42,0,99,38,1.0,0,0
28.0,300.0,35.0,2000.0,봉영로1492번길,다가구,37.24579719,127.0668252,5,27,1983,11,2,27,0,,2,172.0,1,172.0,0,,4,20.0,15,23,0,,1,181.0,,,35.0,25.0,봉영로1482번길,936.3636363636364,Unknown,16,9,36,17,145,98,16.0,1,8
15.0,,47.0,,덕영대로,다가구,37.25338503,127.0130871,12,114,1635,35,3,139,0,,2,170.0,3,143.0,2,139.0,0,,3,158,15,94.0,0,,2.0,47.0,-1.0,,,,서향,0,0,0,0,0,0,,2,3
21.0,300.0,38.0,2001.0,봉영로1482번길,다가구,37.24532934,127.0665258,5,27,1983,11,2,27,0,,2,172.0,1,172.0,0,,4,20.0,15,23,0,,1,181.0,,,35.0,25.0,봉영로1482번길,990.9090909090908,Unknown,16,9,36,17,145,98,16.0,0,8
21.0,,37.0,2001.0,봉영로1482번길,다가구,37.24532934,127.0665258,5,27,1983,11,2,27,0,,2,172.0,1,172.0,0,,4,20.0,15,23,0,,1,181.0,,,35.0,25.0,봉영로1482번길,,Unknown,16,9,36,17,145,98,16.0,0,8
21.0,,37.0,2001.0,봉영로1482번길,단독,37.24532934,127.0665258,5,27,1983,11,2,27,0,,2,172.0,1,172.0,0,,4,20.0,15,23,0,,1,181.0,,,35.0,25.0,봉영로1482번길,,Unknown,16,9,36,17,145,98,16.0,0,8
26.0,500.0,40.0,2000.0,청명북로7번길,다가구,37.25230411,127.0789528,4,106,2013,48,5,29,0,,2,110.0,2,134.0,1,159.0,0,,12,74,15,37.0,1,186.0,2.0,158.0,30.0,20.0,청명북로7번길,1227.2727272727273,서향,19,0,42,0,99,38,1.0,0,0
24.0,,41.0,2003.0,청명북로7번길,다가구,37.25230411,127.0789528,4,106,2013,48,5,29,0,,2,110.0,2,134.0,1,159.0,0,,12,74,15,37.0,1,186.0,2.0,158.0,30.0,20.0,청명북로7번길,,서향,19,0,42,0,99,38,1.0,0,0
26.0,500.0,39.0,,청명북로7번길,다가구,37.25230411,127.0789528,4,106,2013,48,5,29,0,,2,110.0,2,134.0,1,159.0,0,,12,74,15,37.0,1,186.0,2.0,158.0,30.0,20.0,청명북로7번길,1209.090909090909,서향,19,0,42,0,99,38,1.0,0,0
28.0,500.0,50.0,2000.0,매영로415번길,다가구,37.24926384,127.0767878,0,18,1184,21,5,73,0,,2,54.0,0,,1,192.0,1,160.0,15,30,15,70.0,0,,2.0,150.0,18.0,8.0,매영로415번길,1409.090909090909,서향,26,2,51,28,110,81,12.0,0,4
24.0,500.0,42.0,2001.0,청명남로12번길,다가구,37.25082627,127.0747557,10,22,1635,14,3,61,0,,2,176.0,1,58.0,1,190.0,1,144.0,15,15,15,34.0,1,96.0,3.0,175.0,22.0,12.0,청명남로12번길,1263.6363636363635,서향,20,0,54,9,125,63,16.0,0,3
26.4,500.0,43.0,2001.0,청명로59번길,다가구,37.25238872,127.0797521,4,106,2013,48,5,29,0,,2,110.0,2,134.0,1,159.0,0,,12,74,15,37.0,1,186.0,2.0,158.0,30.0,20.0,청명북로7번길,1281.818181818182,서향,19,0,42,0,99,38,1.0,0,0
29.39,500.0,46.0,2001.0,청명남로4번길,다가구,37.25000708,127.0739079,10,22,1276,14,3,61,0,,2,176.0,1,58.0,1,190.0,1,144.0,15,15,15,34.0,1,96.0,3.0,175.0,24.0,14.0,청명남로4번길,1336.3636363636365,서향,17,0,53,24,131,86,16.0,1,4
30.0,500.0,65.0,2001.0,청명로21번길,다가구,37.24987045,127.0791242,0,18,1556,21,5,73,0,,2,54.0,0,,1,192.0,1,160.0,15,30,15,70.0,0,,2.0,150.0,25.0,15.0,청명로21번길,1681.8181818181818,동향,23,0,46,9,97,70,9.0,0,0
26.4,500.0,42.0,1999.0,청명로59번길,다가구,37.25238872,127.0797521,4,106,2013,48,5,29,0,,2,110.0,2,134.0,1,159.0,0,,12,74,15,37.0,1,186.0,2.0,158.0,30.0,20.0,청명북로7번길,1263.6363636363635,서향,19,0,42,0,99,38,1.0,0,0
100.0,,0.0,2001.0,매영로425번길,다가구,37.24886123,127.0779064,0,18,1237,21,5,73,0,,2,54.0,0,,1,192.0,1,160.0,15,30,15,70.0,0,,2.0,150.0,27.0,17.0,매영로425번길,,동향,26,6,49,27,103,80,8.0,0,5
23.0,,30.0,2000.0,청명로59번길,다가구,37.25238872,127.0797521,4,106,2013,48,5,29,0,,2,110.0,2,134.0,1,159.0,0,,12,74,15,37.0,1,186.0,2.0,158.0,30.0,20.0,청명북로7번길,,서향,19,0,42,0,99,38,1.0,0,0
20.0,200.0,30.0,1999.0,매영로398번길,다가구,37.24891486,127.0750246,14,14,1125,11,3,27,0,,0,,0,,1,77.0,2,146.0,15,36,15,11.0,1,158.0,1.0,84.0,23.0,13.0,매영로398번길,745.4545454545455,동향,21,9,55,33,125,96,16.0,2,3
23.0,500.0,34.0,1999.0,청명로59번길,다가구,37.25238872,127.0797521,4,106,2013,48,5,29,0,,2,110.0,2,134.0,1,159.0,0,,12,74,15,37.0,1,186.0,2.0,158.0,30.0,20.0,청명북로7번길,1118.181818181818,서향,19,0,42,0,99,38,1.0,0,0
50.0,,20.0,2003.0,청명남로12번길,다가구,37.25082627,127.0747557,10,22,1635,14,3,61,0,,2,176.0,1,58.0,1,190.0,1,144.0,15,15,15,34.0,1,96.0,3.0,175.0,22.0,12.0,청명남로12번길,,서향,20,0,54,9,125,63,16.0,0,3
30.0,500.0,35.0,2015.0,봉영로1482번길,다가구,37.24532934,127.0665258,5,27,1983,11,2,27,0,,2,172.0,1,172.0,0,,4,20.0,15,23,0,,1,181.0,,,35.0,25.0,봉영로1482번길,1136.3636363636365,Unknown,16,9,36,17,145,98,16.0,0,8
46.0,,80.0,1999.0,매영로393번길,다가구,37.24989093,127.0749981,10,22,1214,14,3,61,0,,2,176.0,1,58.0,1,190.0,1,144.0,15,15,15,34.0,1,96.0,3.0,175.0,26.0,16.0,매영로393번길,,서향,21,0,57,27,124,86,17.0,1,3
49.0,,0.0,2001.0,매영로415번길,다가구,37.24926384,127.0767878,0,18,1184,21,5,73,0,,2,54.0,0,,1,192.0,1,160.0,15,30,15,70.0,0,,2.0,150.0,18.0,8.0,매영로415번길,,서향,26,2,51,28,110,81,12.0,0,4
26.0,500.0,41.0,2002.0,매영로425번길,다가구,37.24886123,127.0779064,0,18,1237,21,5,73,0,,2,54.0,0,,1,192.0,1,160.0,15,30,15,70.0,0,,2.0,150.0,27.0,17.0,매영로425번길,1245.4545454545455,동향,26,6,49,27,103,80,8.0,0,5
85.0,,220.0,2017.0,영통로501번길,단독,37.26360063,127.0768702,9,50,1207,22,2,97,0,,2,132.0,2,69.0,0,,0,,5,16,15,22.0,1,119.0,0.0,,-1.0,,,,서향,0,0,0,0,0,0,,1,2
30.0,,80.0,1998.0,청명남로4번길,다가구,37.25000708,127.0739079,10,22,1276,14,3,61,0,,2,176.0,1,58.0,1,190.0,1,144.0,15,15,15,34.0,1,96.0,3.0,175.0,24.0,14.0,청명남로4번길,,서향,17,0,53,24,131,86,16.0,1,4
38.0,,0.0,2023.0,봉영로1492번길,다가구,37.24579719,127.0668252,5,27,1983,11,2,27,0,,2,172.0,1,172.0,0,,4,20.0,15,23,0,,1,181.0,,,35.0,25.0,봉영로1482번길,,Unknown,16,9,36,17,145,98,16.0,1,8
26.0,500.0,40.0,2002.0,청명북로,다가구,37.25200089,127.0786442,4,106,2013,48,5,29,0,,2,110.0,2,134.0,1,159.0,0,,12,74,15,37.0,1,186.0,2.0,158.0,30.0,20.0,청명북로7번길,1227.2727272727273,동향,19,0,42,0,99,38,1.0,0,0
20.0,300.0,39.0,2001.0,영일로,다가구,37.24791274,127.0754779,14,14,1031,11,3,27,0,,0,,0,,1,77.0,2,146.0,15,36,15,11.0,1,158.0,1.0,84.0,20.0,10.0,덕영대로1681번길,1009.0909090909092,동향,26,28,48,36,124,98,15.0,0,4
22.0,500.0,43.0,2001.0,매영로393번길,다가구,37.24989093,127.0749981,10,22,1214,14,3,61,0,,2,176.0,1,58.0,1,190.0,1,144.0,15,15,15,34.0,1,96.0,3.0,175.0,26.0,16.0,매영로393번길,1281.818181818182,서향,21,0,57,27,124,86,17.0,1,3
40.0,,60.0,2000.0,청명로59번길,다가구,37.25238872,127.0797521,4,106,2013,48,5,29,0,,2,110.0,2,134.0,1,159.0,0,,12,74,15,37.0,1,186.0,2.0,158.0,30.0,20.0,청명북로7번길,,서향,19,0,42,0,99,38,1.0,0,0
20.0,500.0,34.0,2002.0,반달로,단독,37.25136983,127.0780484,4,106,1624,48,5,29,0,,2,110.0,2,134.0,1,159.0,0,,12,74,15,37.0,1,186.0,2.0,158.0,31.0,21.0,반달로,1118.181818181818,남향,27,0,55,0,104,48,8.0,0,0
24.34,500.0,40.0,2001.0,반달로,다가구,37.25136983,127.0780484,4,106,1624,48,5,29,0,,2,110.0,2,134.0,1,159.0,0,,12,74,15,37.0,1,186.0,2.0,158.0,31.0,21.0,반달로,1227.2727272727273,남향,27,0,55,0,104,48,8.0,0,0
24.0,500.0,40.0,2001.0,반달로,다가구,37.25136983,127.0780484,4,106,1624,48,5,29,0,,2,110.0,2,134.0,1,159.0,0,,12,74,15,37.0,1,186.0,2.0,158.0,31.0,21.0,반달로,1227.2727272727273,남향,27,0,55,0,104,48,8.0,0,0
28.0,500.0,36.0,2003.0,청명남로4번길,다가구,37.25000708,127.0739079,10,22,1276,14,3,61,0,,2,176.0,1,58.0,1,190.0,1,144.0,15,15,15,34.0,1,96.0,3.0,175.0,24.0,14.0,청명남로4번길,1154.5454545454545,서향,17,0,53,24,131,86,16.0,1,4
26.4,200.0,31.0,2001.0,청명남로4번길,다가구,37.25000708,127.0739079,10,22,1276,14,3,61,0,,2,176.0,1,58.0,1,190.0,1,144.0,15,15,15,34.0,1,96.0,3.0,175.0,24.0,14.0,청명남로4번길,763.6363636363636,서향,17,0,53,24,131,86,16.0,1,4
26.0,,20.0,2003.0,청명남로12번길,다가구,37.25082627,127.0747557,10,22,1635,14,3,61,0,,2,176.0,1,58.0,1,190.0,1,144.0,15,15,15,34.0,1,96.0,3.0,175.0,22.0,12.0,청명남로12번길,,서향,20,0,54,9,125,63,16.0,0,3
26.0,500.0,45.0,2001.0,덕영대로1681번길,다가구,37.2480919,127.0753141,14,14,1031,11,3,27,0,,0,,0,,1,77.0,2,146.0,15,36,15,11.0,1,158.0,1.0,84.0,20.0,10.0,덕영대로1681번길,1318.181818181818,동향,26,28,48,36,124,98,15.0,1,3
26.0,,45.0,2004.0,영일로,다가구,37.24791274,127.0754779,14,14,1031,11,3,27,0,,0,,0,,1,77.0,2,146.0,15,36,15,11.0,1,158.0,1.0,84.0,20.0,10.0,덕영대로1681번길,,동향,26,28,48,36,124,98,15.0,0,4
21.0,200.0,25.0,2001.0,봉영로1482번길,단독,37.24532934,127.0665258,5,27,1983,11,2,27,0,,2,172.0,1,172.0,0,,4,20.0,15,23,0,,1,181.0,,,35.0,25.0,봉영로1482번길,654.5454545454545,Unknown,16,9,36,17,145,98,16.0,0,8
20.0,500.0,48.0,2000.0,매영로,다가구,37.27011763,127.0434533,2,84,2195,39,1,189,0,,0,,0,,0,,0,,1,57,2,42.0,0,,0.0,,-1.0,,,1372.7272727272727,서향,0,0,0,0,0,0,,0,1
27.47,300.0,37.0,2001.0,청명북로7번길,단독,37.25230411,127.0789528,4,106,2013,48,5,29,0,,2,110.0,2,134.0,1,159.0,0,,12,74,15,37.0,1,186.0,2.0,158.0,30.0,20.0,청명북로7번길,972.7272727272727,서향,19,0,42,0,99,38,1.0,0,0
20.0,500.0,43.0,2000.0,청명남로4번길,다가구,37.25000708,127.0739079,10,22,1276,14,3,61,0,,2,176.0,1,58.0,1,190.0,1,144.0,15,15,15,34.0,1,96.0,3.0,175.0,24.0,14.0,청명남로4번길,1281.818181818182,서향,17,0,53,24,131,86,16.0,1,4
48.0,,7.0,2003.0,청명로43번길,다가구,37.25122722,127.0804941,4,106,1687,48,5,29,0,,2,110.0,2,134.0,1,159.0,0,,12,74,15,37.0,1,186.0,2.0,158.0,28.0,18.0,청명로43번길,,서향,16,0,37,0,93,45,5.0,0,0
20.0,,0.0,2003.0,봉영로1482번길,다가구,37.24532934,127.0665258,5,27,1983,11,2,27,0,,2,172.0,1,172.0,0,,4,20.0,15,23,0,,1,181.0,,,35.0,25.0,봉영로1482번길,,Unknown,16,9,36,17,145,98,16.0,0,8
38.0,,0.0,2023.0,봉영로1492번길,다가구,37.24579719,127.0668252,5,27,1983,11,2,27,0,,2,172.0,1,172.0,0,,4,20.0,15,23,0,,1,181.0,,,35.0,25.0,봉영로1482번길,,Unknown,16,9,36,17,145,98,16.0,1,8
24.0,,25.0,2001.0,반달로,다가구,37.25136983,127.0780484,4,106,1624,48,5,29,0,,2,110.0,2,134.0,1,159.0,0,,12,74,15,37.0,1,186.0,2.0,158.0,31.0,21.0,반달로,,남향,27,0,55,0,104,48,8.0,0,0
26.0,,0.0,2004.0,청명로21번길,다가구,37.24987045,127.0791242,0,18,1556,21,5,73,0,,2,54.0,0,,1,192.0,1,160.0,15,30,15,70.0,0,,2.0,150.0,25.0,15.0,청명로21번길,,동향,23,0,46,9,97,70,9.0,0,0
25.0,500.0,50.0,2001.0,매영로,다가구,37.27011763,127.0434533,2,84,2195,39,1,189,0,,0,,0,,0,,0,,1,57,2,42.0,0,,0.0,,-1.0,,,1409.090909090909,서향,0,0,0,0,0,0,,0,1
25.0,,0.0,2001.0,봉영로1482번길,다가구,37.24532934,127.0665258,5,27,1983,11,2,27,0,,2,172.0,1,172.0,0,,4,20.0,15,23,0,,1,181.0,,,35.0,25.0,봉영로1482번길,,Unknown,16,9,36,17,145,98,16.0,0,8
23.0,500.0,40.0,2000.0,청명로59번길,다가구,37.25238872,127.0797521,4,106,2013,48,5,29,0,,2,110.0,2,134.0,1,159.0,0,,12,74,15,37.0,1,186.0,2.0,158.0,30.0,20.0,청명북로7번길,1227.2727272727273,서향,19,0,42,0,99,38,1.0,0,0
26.0,500.0,40.0,2000.0,청명남로4번길,다가구,37.25000708,127.0739079,10,22,1276,14,3,61,0,,2,176.0,1,58.0,1,190.0,1,144.0,15,15,15,34.0,1,96.0,3.0,175.0,24.0,14.0,청명남로4번길,1227.2727272727273,서향,17,0,53,24,131,86,16.0,1,4
24.0,300.0,44.0,2001.0,매영로415번길,다가구,37.24926384,127.0767878,0,18,1184,21,5,73,0,,2,54.0,0,,1,192.0,1,160.0,15,30,15,70.0,0,,2.0,150.0,18.0,8.0,매영로415번길,1100.0,서향,26,2,51,28,110,81,12.0,0,4
22.0,,0.0,2002.0,봉영로1482번길,다가구,37.24532934,127.0665258,5,27,1983,11,2,27,0,,2,172.0,1,172.0,0,,4,20.0,15,23,0,,1,181.0,,,35.0,25.0,봉영로1482번길,,Unknown,16,9,36,17,145,98,16.0,0,8
26.0,500.0,35.0,2001.0,덕영대로1673번길,다가구,37.24816244,127.0743831,14,14,1031,11,3,27,0,,0,,0,,1,77.0,2,146.0,15,36,15,11.0,1,158.0,1.0,84.0,20.0,10.0,덕영대로1681번길,1136.3636363636365,동향,26,28,48,36,124,98,15.0,0,4
20.0,500.0,40.0,2000.0,청명로,단독,37.24870316,127.0795838,0,18,1345,21,5,73,0,,2,54.0,0,,1,192.0,1,160.0,15,30,15,70.0,0,,2.0,150.0,21.0,11.0,청명로,1227.2727272727273,서향,21,3,38,14,95,80,10.0,0,2
21.0,700.0,45.0,2001.0,청명로59번길,다가구,37.25238872,127.0797521,4,106,2013,48,5,29,0,,2,110.0,2,134.0,1,159.0,0,,12,74,15,37.0,1,186.0,2.0,158.0,30.0,20.0,청명북로7번길,1518.181818181818,서향,19,0,42,0,99,38,1.0,0,0
26.4,500.0,40.0,2000.0,청명북로15번길,다가구,37.2532285,127.0791047,4,106,2050,48,5,29,0,,2,110.0,2,134.0,1,159.0,0,,12,74,15,37.0,1,186.0,2.0,158.0,32.0,22.0,청명로77번길,1227.2727272727273,서향,17,0,41,0,102,32,2.0,0,1
21.44,500.0,30.0,2000.0,청명남로50번길,다가구,37.25344537,127.0770957,15,28,2343,22,5,46,0,,1,103.0,2,111.0,3,111.0,0,,15,66,15,34.0,1,123.0,9.0,84.0,29.0,19.0,청명남로50번길,1045.4545454545455,서향,19,0,49,0,108,32,8.0,0,1
32.0,500.0,47.0,2003.0,청명북로7번길,다가구,37.25230411,127.0789528,4,106,2013,48,5,29,0,,2,110.0,2,134.0,1,159.0,0,,12,74,15,37.0,1,186.0,2.0,158.0,30.0,20.0,청명북로7번길,1354.5454545454545,서향,19,0,42,0,99,38,1.0,0,0
30.0,,0.0,2000.0,청명남로50번길,다가구,37.25344537,127.0770957,15,28,2343,22,5,46,0,,1,103.0,2,111.0,3,111.0,0,,15,66,15,34.0,1,123.0,9.0,84.0,29.0,19.0,청명남로50번길,,서향,19,0,49,0,108,32,8.0,0,1
20.0,500.0,44.0,2000.0,청명남로4번길,다가구,37.25000708,127.0739079,10,22,1276,14,3,61,0,,2,176.0,1,58.0,1,190.0,1,144.0,15,15,15,34.0,1,96.0,3.0,175.0,24.0,14.0,청명남로4번길,1300.0,서향,17,0,53,24,131,86,16.0,1,4
50.0,,55.0,2000.0,봉영로1482번길,다가구,37.24532934,127.0665258,5,27,1983,11,2,27,0,,2,172.0,1,172.0,0,,4,20.0,15,23,0,,1,181.0,,,35.0,25.0,봉영로1482번길,,Unknown,16,9,36,17,145,98,16.0,0,8
26.0,500.0,50.0,2001.0,덕영대로1681번길,다가구,37.2480919,127.0753141,14,14,1031,11,3,27,0,,0,,0,,1,77.0,2,146.0,15,36,15,11.0,1,158.0,1.0,84.0,20.0,10.0,덕영대로1681번길,1409.090909090909,동향,26,28,48,36,124,98,15.0,1,3
113.0,,115.0,1999.0,매영로415번길,다가구,37.24926384,127.0767878,0,18,1184,21,5,73,0,,2,54.0,0,,1,192.0,1,160.0,15,30,15,70.0,0,,2.0,150.0,18.0,8.0,매영로415번길,,서향,26,2,51,28,110,81,12.0,0,4
17.0,500.0,38.0,2003.0,봉영로1482번길,다가구,37.24532934,127.0665258,5,27,1983,11,2,27,0,,2,172.0,1,172.0,0,,4,20.0,15,23,0,,1,181.0,,,35.0,25.0,봉영로1482번길,1190.909090909091,Unknown,16,9,36,17,145,98,16.0,0,8
20.0,500.0,40.0,2001.0,청명북로7번길,다가구,37.25230411,127.0789528,4,106,2013,48,5,29,0,,2,110.0,2,134.0,1,159.0,0,,12,74,15,37.0,1,186.0,2.0,158.0,30.0,20.0,청명북로7번길,1227.2727272727273,서향,19,0,42,0,99,38,1.0,0,0
26.0,500.0,40.0,2001.0,봉영로1482번길,다가구,37.24532934,127.0665258,5,27,1983,11,2,27,0,,2,172.0,1,172.0,0,,4,20.0,15,23,0,,1,181.0,,,35.0,25.0,봉영로1482번길,1227.2727272727273,Unknown,16,9,36,17,145,98,16.0,0,8
30.0,500.0,44.0,2001.0,청명북로7번길,다가구,37.25230411,127.0789528,4,106,2013,48,5,29,0,,2,110.0,2,134.0,1,159.0,0,,12,74,15,37.0,1,186.0,2.0,158.0,30.0,20.0,청명북로7번길,1300.0,서향,19,0,42,0,99,38,1.0,0,0
32.0,,0.0,2022.0,영통로351번길,다가구,37.25715617,127.0646219,8,42,1184,28,2,70,0,,2,70.0,0,,0,,0,,1,72,6,26.0,0,,0.0,,-1.0,,,,Unknown,0,0,0,0,0,0,,0,2
32.0,,0.0,,영통로351번길,다가구,37.25715617,127.0646219,8,42,1184,28,2,70,0,,2,70.0,0,,0,,0,,1,72,6,26.0,0,,0.0,,-1.0,,,,Unknown,0,0,0,0,0,0,,0,2
25.0,,0.0,2000.0,청명북로,다가구,37.25200089,127.0786442,4,106,2013,48,5,29,0,,2,110.0,2,134.0,1,159.0,0,,12,74,15,37.0,1,186.0,2.0,158.0,30.0,20.0,청명북로7번길,,동향,19,0,42,0,99,38,1.0,0,0
33.0,,50.0,1998.0,덕영대로1681번길,다가구,37.2480919,127.0753141,14,14,1031,11,3,27,0,,0,,0,,1,77.0,2,146.0,15,36,15,11.0,1,158.0,1.0,84.0,20.0,10.0,덕영대로1681번길,,동향,26,28,48,36,124,98,15.0,1,3
26.0,,0.0,2001.0,매영로415번길,다가구,37.24926384,127.0767878,0,18,1184,21,5,73,0,,2,54.0,0,,1,192.0,1,160.0,15,30,15,70.0,0,,2.0,150.0,18.0,8.0,매영로415번길,,서향,26,2,51,28,110,81,12.0,0,4
40.0,500.0,60.0,2001.0,청명로,다가구,37.24870316,127.0795838,0,18,1345,21,5,73,0,,2,54.0,0,,1,192.0,1,160.0,15,30,15,70.0,0,,2.0,150.0,21.0,11.0,청명로,1590.909090909091,서향,21,3,38,14,95,80,10.0,0,2
22.0,500.0,40.0,2001.0,영일로,다가구,37.24791274,127.0754779,14,14,1031,11,3,27,0,,0,,0,,1,77.0,2,146.0,15,36,15,11.0,1,158.0,1.0,84.0,20.0,10.0,덕영대로1681번길,1227.2727272727273,동향,26,28,48,36,124,98,15.0,0,4
43.0,500.0,45.0,2001.0,봉영로1482번길,다가구,37.24532934,127.0665258,5,27,1983,11,2,27,0,,2,172.0,1,172.0,0,,4,20.0,15,23,0,,1,181.0,,,35.0,25.0,봉영로1482번길,1318.181818181818,Unknown,16,9,36,17,145,98,16.0,0,8
23.0,300.0,35.0,2001.0,매영로415번길,다가구,37.24926384,127.0767878,0,18,1184,21,5,73,0,,2,54.0,0,,1,192.0,1,160.0,15,30,15,70.0,0,,2.0,150.0,18.0,8.0,매영로415번길,936.3636363636364,서향,26,2,51,28,110,81,12.0,0,4
23.0,500.0,35.0,2001.0,덕영대로1673번길,다가구,37.24816244,127.0743831,14,14,1031,11,3,27,0,,0,,0,,1,77.0,2,146.0,15,36,15,11.0,1,158.0,1.0,84.0,20.0,10.0,덕영대로1681번길,1136.3636363636365,동향,26,28,48,36,124,98,15.0,0,4
21.0,700.0,45.0,2001.0,청명로59번길,다가구,37.25238872,127.0797521,4,106,2013,48,5,29,0,,2,110.0,2,134.0,1,159.0,0,,12,74,15,37.0,1,186.0,2.0,158.0,30.0,20.0,청명북로7번길,1518.181818181818,서향,19,0,42,0,99,38,1.0,0,0
20.0,200.0,30.0,1999.0,매영로398번길,다가구,37.24891486,127.0750246,14,14,1125,11,3,27,0,,0,,0,,1,77.0,2,146.0,15,36,15,11.0,1,158.0,1.0,84.0,23.0,13.0,매영로398번길,745.4545454545455,동향,21,9,55,33,125,96,16.0,2,3
29.0,500.0,45.0,2000.0,청명북로7번길,단독,37.25230411,127.0789528,4,106,2013,48,5,29,0,,2,110.0,2,134.0,1,159.0,0,,12,74,15,37.0,1,186.0,2.0,158.0,30.0,20.0,청명북로7번길,1318.181818181818,서향,19,0,42,0,99,38,1.0,0,0
21.0,500.0,41.0,2000.0,매영로415번길,다가구,37.24926384,127.0767878,0,18,1184,21,5,73,0,,2,54.0,0,,1,192.0,1,160.0,15,30,15,70.0,0,,2.0,150.0,18.0,8.0,매영로415번길,1245.4545454545455,서향,26,2,51,28,110,81,12.0,0,4
48.0,,63.0,2000.0,청명북로,다가구,37.25200089,127.0786442,4,106,2013,48,5,29,0,,2,110.0,2,134.0,1,159.0,0,,12,74,15,37.0,1,186.0,2.0,158.0,30.0,20.0,청명북로7번길,,동향,19,0,42,0,99,38,1.0,0,0
48.0,,60.0,,청명북로,다가구,37.25200089,127.0786442,4,106,2013,48,5,29,0,,2,110.0,2,134.0,1,159.0,0,,12,74,15,37.0,1,186.0,2.0,158.0,30.0,20.0,청명북로7번길,,동향,19,0,42,0,99,38,1.0,0,0
26.0,500.0,40.0,2000.0,청명남로4번길,다가구,37.25000708,127.0739079,10,22,1276,14,3,61,0,,2,176.0,1,58.0,1,190.0,1,144.0,15,15,15,34.0,1,96.0,3.0,175.0,24.0,14.0,청명남로4번길,1227.2727272727273,서향,17,0,53,24,131,86,16.0,1,4
22.0,,0.0,2002.0,영일로,단독,37.24791274,127.0754779,14,14,1031,11,3,27,0,,0,,0,,1,77.0,2,146.0,15,36,15,11.0,1,158.0,1.0,84.0,20.0,10.0,덕영대로1681번길,,동향,26,28,48,36,124,98,15.0,0,4
34.0,,0.0,2022.0,영통로351번길,다가구,37.25715617,127.0646219,8,42,1184,28,2,70,0,,2,70.0,0,,0,,0,,1,72,6,26.0,0,,0.0,,-1.0,,,,Unknown,0,0,0,0,0,0,,0,2
29.0,,0.0,2022.0,영통로351번길,다가구,37.25715617,127.0646219,8,42,1184,28,2,70,0,,2,70.0,0,,0,,0,,1,72,6,26.0,0,,0.0,,-1.0,,,,Unknown,0,0,0,0,0,0,,0,2
24.0,500.0,40.0,2001.0,반달로,다가구,37.25136983,127.0780484,4,106,1624,48,5,29,0,,2,110.0,2,134.0,1,159.0,0,,12,74,15,37.0,1,186.0,2.0,158.0,31.0,21.0,반달로,1227.2727272727273,남향,27,0,55,0,104,48,8.0,0,0
26.0,,0.0,2001.0,매영로415번길,다가구,37.24926384,127.0767878,0,18,1184,21,5,73,0,,2,54.0,0,,1,192.0,1,160.0,15,30,15,70.0,0,,2.0,150.0,18.0,8.0,매영로415번길,,서향,26,2,51,28,110,81,12.0,0,4
26.0,500.0,40.0,2001.0,청명북로7번길,다가구,37.25230411,127.0789528,4,106,2013,48,5,29,0,,2,110.0,2,134.0,1,159.0,0,,12,74,15,37.0,1,186.0,2.0,158.0,30.0,20.0,청명북로7번길,1227.2727272727273,서향,19,0,42,0,99,38,1.0,0,0
22.0,,0.0,,영통로351번길,다가구,37.25715617,127.0646219,8,42,1184,28,2,70,0,,2,70.0,0,,0,,0,,1,72,6,26.0,0,,0.0,,-1.0,,,,Unknown,0,0,0,0,0,0,,0,2
49.0,,80.0,2022.0,영통로351번길,다가구,37.25715617,127.0646219,8,42,1184,28,2,70,0,,2,70.0,0,,0,,0,,1,72,6,26.0,0,,0.0,,-1.0,,,,Unknown,0,0,0,0,0,0,,0,2
34.0,,0.0,2022.0,영통로351번길,다가구,37.25715617,127.0646219,8,42,1184,28,2,70,0,,2,70.0,0,,0,,0,,1,72,6,26.0,0,,0.0,,-1.0,,,,Unknown,0,0,0,0,0,0,,0,2
24.0,500.0,42.0,2001.0,반달로,다가구,37.25136983,127.0780484,4,106,1624,48,5,29,0,,2,110.0,2,134.0,1,159.0,0,,12,74,15,37.0,1,186.0,2.0,158.0,31.0,21.0,반달로,1263.6363636363635,남향,27,0,55,0,104,48,8.0,0,0
21.0,300.0,42.0,2001.0,청명남로60번길,다가구,37.25444238,127.0775095,15,28,2159,22,5,46,0,,1,103.0,2,111.0,3,111.0,0,,15,66,15,34.0,1,123.0,9.0,84.0,33.0,23.0,청명남로60번길,1063.6363636363635,동향,16,0,43,0,105,22,6.0,1,1
49.0,,55.0,2000.0,청명남로12번길,다가구,37.25082627,127.0747557,10,22,1635,14,3,61,0,,2,176.0,1,58.0,1,190.0,1,144.0,15,15,15,34.0,1,96.0,3.0,175.0,22.0,12.0,청명남로12번길,,서향,20,0,54,9,125,63,16.0,0,3
25.0,,0.0,2001.0,청명북로,다가구,37.25200089,127.0786442,4,106,2013,48,5,29,0,,2,110.0,2,134.0,1,159.0,0,,12,74,15,37.0,1,186.0,2.0,158.0,30.0,20.0,청명북로7번길,,동향,19,0,42,0,99,38,1.0,0,0
24.0,500.0,42.0,2001.0,청명남로4번길,다가구,37.25000708,127.0739079,10,22,1276,14,3,61,0,,2,176.0,1,58.0,1,190.0,1,144.0,15,15,15,34.0,1,96.0,3.0,175.0,24.0,14.0,청명남로4번길,1263.6363636363635,서향,17,0,53,24,131,86,16.0,1,4
17.0,,1.0,2003.0,봉영로1482번길,다가구,37.24532934,127.0665258,5,27,1983,11,2,27,0,,2,172.0,1,172.0,0,,4,20.0,15,23,0,,1,181.0,,,35.0,25.0,봉영로1482번길,,Unknown,16,9,36,17,145,98,16.0,0,8
20.0,500.0,40.0,1999.0,매영로398번길,다가구,37.24891486,127.0750246,14,14,1125,11,3,27,0,,0,,0,,1,77.0,2,146.0,15,36,15,11.0,1,158.0,1.0,84.0,23.0,13.0,매영로398번길,1227.2727272727273,동향,21,9,55,33,125,96,16.0,2,3
50.0,,60.0,1999.0,청명남로50번길,다가구,37.25344537,127.0770957,15,28,2343,22,5,46,0,,1,103.0,2,111.0,3,111.0,0,,15,66,15,34.0,1,123.0,9.0,84.0,29.0,19.0,청명남로50번길,,서향,19,0,49,0,108,32,8.0,0,1
50.0,,25.0,1998.0,영일로,다가구,37.24791274,127.0754779,14,14,1031,11,3,27,0,,0,,0,,1,77.0,2,146.0,15,36,15,11.0,1,158.0,1.0,84.0,20.0,10.0,덕영대로1681번길,,동향,26,28,48,36,124,98,15.0,0,4
14.0,,1.0,2003.0,봉영로1482번길,다가구,37.24532934,127.0665258,5,27,1983,11,2,27,0,,2,172.0,1,172.0,0,,4,20.0,15,23,0,,1,181.0,,,35.0,25.0,봉영로1482번길,,Unknown,16,9,36,17,145,98,16.0,0,8
24.0,500.0,45.0,2001.0,청명북로,다가구,37.25200089,127.0786442,4,106,2013,48,5,29,0,,2,110.0,2,134.0,1,159.0,0,,12,74,15,37.0,1,186.0,2.0,158.0,30.0,20.0,청명북로7번길,1318.181818181818,동향,19,0,42,0,99,38,1.0,0,0
57.0,,35.0,1998.0,청명북로7번길,다가구,37.25230411,127.0789528,4,106,2013,48,5,29,0,,2,110.0,2,134.0,1,159.0,0,,12,74,15,37.0,1,186.0,2.0,158.0,30.0,20.0,청명북로7번길,,서향,19,0,42,0,99,38,1.0,0,0
21.0,500.0,40.0,2001.0,청명북로,다가구,37.25200089,127.0786442,4,106,2013,48,5,29,0,,2,110.0,2,134.0,1,159.0,0,,12,74,15,37.0,1,186.0,2.0,158.0,30.0,20.0,청명북로7번길,1227.2727272727273,동향,19,0,42,0,99,38,1.0,0,0
46.0,,60.0,1998.0,봉영로1482번길,다가구,37.24532934,127.0665258,5,27,1983,11,2,27,0,,2,172.0,1,172.0,0,,4,20.0,15,23,0,,1,181.0,,,35.0,25.0,봉영로1482번길,,Unknown,16,9,36,17,145,98,16.0,0,8
25.0,200.0,24.0,2001.0,봉영로1482번길,다가구,37.24532934,127.0665258,5,27,1983,11,2,27,0,,2,172.0,1,172.0,0,,4,20.0,15,23,0,,1,181.0,,,35.0,25.0,봉영로1482번길,636.3636363636364,Unknown,16,9,36,17,145,98,16.0,0,8
25.0,500.0,41.0,2001.0,청명북로15번길,다가구,37.2532285,127.0791047,4,106,2050,48,5,29,0,,2,110.0,2,134.0,1,159.0,0,,12,74,15,37.0,1,186.0,2.0,158.0,32.0,22.0,청명로77번길,1245.4545454545455,서향,17,0,41,0,102,32,2.0,0,1
30.0,,0.0,,영통로351번길,다가구,37.25715617,127.0646219,8,42,1184,28,2,70,0,,2,70.0,0,,0,,0,,1,72,6,26.0,0,,0.0,,-1.0,,,,Unknown,0,0,0,0,0,0,,0,2
115.0,,120.0,1999.0,매영로393번길,다가구,37.24989093,127.0749981,10,22,1214,14,3,61,0,,2,176.0,1,58.0,1,190.0,1,144.0,15,15,15,34.0,1,96.0,3.0,175.0,26.0,16.0,매영로393번길,,서향,21,0,57,27,124,86,17.0,1,3
40.0,,9.0,2010.0,청명로59번길,단독,37.25238872,127.0797521,4,106,2013,48,5,29,0,,2,110.0,2,134.0,1,159.0,0,,12,74,15,37.0,1,186.0,2.0,158.0,30.0,20.0,청명북로7번길,,서향,19,0,42,0,99,38,1.0,0,0
21.0,500.0,30.0,2001.0,청명로59번길,다가구,37.25238872,127.0797521,4,106,2013,48,5,29,0,,2,110.0,2,134.0,1,159.0,0,,12,74,15,37.0,1,186.0,2.0,158.0,30.0,20.0,청명북로7번길,1045.4545454545455,서향,19,0,42,0,99,38,1.0,0,0
188.0,,0.0,2017.0,영통로501번길,단독,37.26360063,127.0768702,9,50,1207,22,2,97,0,,2,132.0,2,69.0,0,,0,,5,16,15,22.0,1,119.0,0.0,,-1.0,,,,서향,0,0,0,0,0,0,,1,2
59.0,,0.0,2000.0,청명북로7번길,다가구,37.25230411,127.0789528,4,106,2013,48,5,29,0,,2,110.0,2,134.0,1,159.0,0,,12,74,15,37.0,1,186.0,2.0,158.0,30.0,20.0,청명북로7번길,,서향,19,0,42,0,99,38,1.0,0,0
26.0,,20.0,2001.0,청명북로,다가구,37.25200089,127.0786442,4,106,2013,48,5,29,0,,2,110.0,2,134.0,1,159.0,0,,12,74,15,37.0,1,186.0,2.0,158.0,30.0,20.0,청명북로7번길,,동향,19,0,42,0,99,38,1.0,0,0
80.0,,0.0,,청명북로,다가구,37.25200089,127.0786442,4,106,2013,48,5,29,0,,2,110.0,2,134.0,1,159.0,0,,12,74,15,37.0,1,186.0,2.0,158.0,30.0,20.0,청명북로7번길,,동향,19,0,42,0,99,38,1.0,0,0
26.0,300.0,40.0,2001.0,청명북로7번길,다가구,37.25230411,127.0789528,4,106,2013,48,5,29,0,,2,110.0,2,134.0,1,159.0,0,,12,74,15,37.0,1,186.0,2.0,158.0,30.0,20.0,청명북로7번길,1027.2727272727273,서향,19,0,42,0,99,38,1.0,0,0
26.0,300.0,33.0,2000.0,청명로59번길,다가구,37.25238872,127.0797521,4,106,2013,48,5,29,0,,2,110.0,2,134.0,1,159.0,0,,12,74,15,37.0,1,186.0,2.0,158.0,30.0,20.0,청명북로7번길,900.0,서향,19,0,42,0,99,38,1.0,0,0
30.0,,0.0,,청명로,다가구,37.24870316,127.0795838,0,18,1345,21,5,73,0,,2,54.0,0,,1,192.0,1,160.0,15,30,15,70.0,0,,2.0,150.0,21.0,11.0,청명로,,서향,21,3,38,14,95,80,10.0,0,2
29.0,,57.0,2001.0,청명남로4번길,다가구,37.25000708,127.0739079,10,22,1276,14,3,61,0,,2,176.0,1,58.0,1,190.0,1,144.0,15,15,15,34.0,1,96.0,3.0,175.0,24.0,14.0,청명남로4번길,,서향,17,0,53,24,131,86,16.0,1,4
30.0,,0.0,1998.0,청명로,다가구,37.24870316,127.0795838,0,18,1345,21,5,73,0,,2,54.0,0,,1,192.0,1,160.0,15,30,15,70.0,0,,2.0,150.0,21.0,11.0,청명로,,서향,21,3,38,14,95,80,10.0,0,2
24.0,200.0,27.0,2004.0,청명북로,다가구,37.25200089,127.0786442,4,106,2013,48,5,29,0,,2,110.0,2,134.0,1,159.0,0,,12,74,15,37.0,1,186.0,2.0,158.0,30.0,20.0,청명북로7번길,690.909090909091,동향,19,0,42,0,99,38,1.0,0,0
14.0,,0.0,2003.0,봉영로1482번길,다가구,37.24532934,127.0665258,5,27,1983,11,2,27,0,,2,172.0,1,172.0,0,,4,20.0,15,23,0,,1,181.0,,,35.0,25.0,봉영로1482번길,,Unknown,16,9,36,17,145,98,16.0,0,8
14.0,,0.0,2003.0,봉영로1482번길,다가구,37.24532934,127.0665258,5,27,1983,11,2,27,0,,2,172.0,1,172.0,0,,4,20.0,15,23,0,,1,181.0,,,35.0,25.0,봉영로1482번길,,Unknown,16,9,36,17,145,98,16.0,0,8
14.0,,0.0,,봉영로1482번길,다가구,37.24532934,127.0665258,5,27,1983,11,2,27,0,,2,172.0,1,172.0,0,,4,20.0,15,23,0,,1,181.0,,,35.0,25.0,봉영로1482번길,,Unknown,16,9,36,17,145,98,16.0,0,8
60.0,,67.0,2015.0,청명북로,다가구,37.25200089,127.0786442,4,106,2013,48,5,29,0,,2,110.0,2,134.0,1,159.0,0,,12,74,15,37.0,1,186.0,2.0,158.0,30.0,20.0,청명북로7번길,,동향,19,0,42,0,99,38,1.0,0,0
25.0,,11.0,2004.0,청명북로,단독,37.25200089,127.0786442,4,106,2013,48,5,29,0,,2,110.0,2,134.0,1,159.0,0,,12,74,15,37.0,1,186.0,2.0,158.0,30.0,20.0,청명북로7번길,,동향,19,0,42,0,99,38,1.0,0,0
25.0,,0.0,2001.0,청명남로4번길,다가구,37.25000708,127.0739079,10,22,1276,14,3,61,0,,2,176.0,1,58.0,1,190.0,1,144.0,15,15,15,34.0,1,96.0,3.0,175.0,24.0,14.0,청명남로4번길,,서향,17,0,53,24,131,86,16.0,1,4
25.0,,0.0,2001.0,청명남로4번길,단독,37.25000708,127.0739079,10,22,1276,14,3,61,0,,2,176.0,1,58.0,1,190.0,1,144.0,15,15,15,34.0,1,96.0,3.0,175.0,24.0,14.0,청명남로4번길,,서향,17,0,53,24,131,86,16.0,1,4
50.0,500.0,70.0,,청명남로4번길,다가구,37.25000708,127.0739079,10,22,1276,14,3,61,0,,2,176.0,1,58.0,1,190.0,1,144.0,15,15,15,34.0,1,96.0,3.0,175.0,24.0,14.0,청명남로4번길,1772.7272727272727,서향,17,0,53,24,131,86,16.0,1,4
40.0,500.0,57.0,2003.0,청명남로4번길,다가구,37.25000708,127.0739079,10,22,1276,14,3,61,0,,2,176.0,1,58.0,1,190.0,1,144.0,15,15,15,34.0,1,96.0,3.0,175.0,24.0,14.0,청명남로4번길,1536.3636363636365,서향,17,0,53,24,131,86,16.0,1,4
21.0,,0.0,2002.0,매영로425번길,다가구,37.24886123,127.0779064,0,18,1237,21,5,73,0,,2,54.0,0,,1,192.0,1,160.0,15,30,15,70.0,0,,2.0,150.0,27.0,17.0,매영로425번길,,동향,26,6,49,27,103,80,8.0,0,5
20.0,500.0,41.0,1998.0,덕영대로1673번길,다가구,37.24816244,127.0743831,14,14,1031,11,3,27,0,,0,,0,,1,77.0,2,146.0,15,36,15,11.0,1,158.0,1.0,84.0,20.0,10.0,덕영대로1681번길,1245.4545454545455,동향,26,28,48,36,124,98,15.0,0,4
24.0,500.0,43.0,2007.0,청명남로4번길,다가구,37.25000708,127.0739079,10,22,1276,14,3,61,0,,2,176.0,1,58.0,1,190.0,1,144.0,15,15,15,34.0,1,96.0,3.0,175.0,24.0,14.0,청명남로4번길,1281.818181818182,서향,17,0,53,24,131,86,16.0,1,4
36.0,,58.0,2001.0,청명로43번길,단독,37.25122722,127.0804941,4,106,1687,48,5,29,0,,2,110.0,2,134.0,1,159.0,0,,12,74,15,37.0,1,186.0,2.0,158.0,28.0,18.0,청명로43번길,,서향,16,0,37,0,93,45,5.0,0,0
22.0,200.0,27.0,2000.0,덕영대로1681번길,다가구,37.2480919,127.0753141,14,14,1031,11,3,27,0,,0,,0,,1,77.0,2,146.0,15,36,15,11.0,1,158.0,1.0,84.0,20.0,10.0,덕영대로1681번길,690.909090909091,동향,26,28,48,36,124,98,15.0,1,3
50.0,,55.0,2000.0,봉영로1482번길,다가구,37.24532934,127.0665258,5,27,1983,11,2,27,0,,2,172.0,1,172.0,0,,4,20.0,15,23,0,,1,181.0,,,35.0,25.0,봉영로1482번길,,Unknown,16,9,36,17,145,98,16.0,0,8
23.0,500.0,44.0,2001.0,청명북로,다가구,37.25200089,127.0786442,4,106,2013,48,5,29,0,,2,110.0,2,134.0,1,159.0,0,,12,74,15,37.0,1,186.0,2.0,158.0,30.0,20.0,청명북로7번길,1300.0,동향,19,0,42,0,99,38,1.0,0,0
30.0,500.0,48.0,1998.0,덕영대로1673번길,다가구,37.24816244,127.0743831,14,14,1031,11,3,27,0,,0,,0,,1,77.0,2,146.0,15,36,15,11.0,1,158.0,1.0,84.0,20.0,10.0,덕영대로1681번길,1372.7272727272727,동향,26,28,48,36,124,98,15.0,0,4
22.0,500.0,41.0,2001.0,청명남로50번길,다가구,37.25344537,127.0770957,15,28,2343,22,5,46,0,,1,103.0,2,111.0,3,111.0,0,,15,66,15,34.0,1,123.0,9.0,84.0,29.0,19.0,청명남로50번길,1245.4545454545455,서향,19,0,49,0,108,32,8.0,0,1
20.0,500.0,40.0,2001.0,청명로43번길,다가구,37.25122722,127.0804941,4,106,1687,48,5,29,0,,2,110.0,2,134.0,1,159.0,0,,12,74,15,37.0,1,186.0,2.0,158.0,28.0,18.0,청명로43번길,1227.2727272727273,서향,16,0,37,0,93,45,5.0,0,0
59.0,,0.0,2022.0,영통로351번길,다가구,37.25715617,127.0646219,8,42,1184,28,2,70,0,,2,70.0,0,,0,,0,,1,72,6,26.0,0,,0.0,,-1.0,,,,Unknown,0,0,0,0,0,0,,0,2
40.0,500.0,60.0,2001.0,청명로21번길,다가구,37.24987045,127.0791242,0,18,1556,21,5,73,0,,2,54.0,0,,1,192.0,1,160.0,15,30,15,70.0,0,,2.0,150.0,25.0,15.0,청명로21번길,1590.909090909091,동향,23,0,46,9,97,70,9.0,0,0
57.0,,0.0,1998.0,청명남로4번길,다가구,37.25000708,127.0739079,10,22,1276,14,3,61,0,,2,176.0,1,58.0,1,190.0,1,144.0,15,15,15,34.0,1,96.0,3.0,175.0,24.0,14.0,청명남로4번길,,서향,17,0,53,24,131,86,16.0,1,4
21.0,500.0,39.0,2001.0,청명남로50번길,다가구,37.25344537,127.0770957,15,28,2343,22,5,46,0,,1,103.0,2,111.0,3,111.0,0,,15,66,15,34.0,1,123.0,9.0,84.0,29.0,19.0,청명남로50번길,1209.090909090909,서향,19,0,49,0,108,32,8.0,0,1
59.0,,0.0,2022.0,영통로351번길,다가구,37.25715617,127.0646219,8,42,1184,28,2,70,0,,2,70.0,0,,0,,0,,1,72,6,26.0,0,,0.0,,-1.0,,,,Unknown,0,0,0,0,0,0,,0,2
22.0,500.0,43.0,2000.0,매영로398번길,다가구,37.24891486,127.0750246,14,14,1125,11,3,27,0,,0,,0,,1,77.0,2,146.0,15,36,15,11.0,1,158.0,1.0,84.0,23.0,13.0,매영로398번길,1281.818181818182,동향,21,9,55,33,125,96,16.0,2,3
26.4,300.0,39.0,2001.0,청명북로7번길,다가구,37.25230411,127.0789528,4,106,2013,48,5,29,0,,2,110.0,2,134.0,1,159.0,0,,12,74,15,37.0,1,186.0,2.0,158.0,30.0,20.0,청명북로7번길,1009.0909090909092,서향,19,0,42,0,99,38,1.0,0,0
36.0,,0.0,2001.0,봉영로1492번길,다가구,37.24579719,127.0668252,5,27,1983,11,2,27,0,,2,172.0,1,172.0,0,,4,20.0,15,23,0,,1,181.0,,,35.0,25.0,봉영로1482번길,,Unknown,16,9,36,17,145,98,16.0,1,8
49.0,,67.0,2000.0,영일로21번길,다가구,37.2500458,127.0760096,0,18,1207,21,5,73,0,,2,54.0,0,,1,192.0,1,160.0,15,30,15,70.0,0,,2.0,150.0,19.0,9.0,영일로21번길,,동향,26,0,57,24,118,78,14.0,0,2
21.0,500.0,40.0,2004.0,청명남로50번길,다가구,37.25344537,127.0770957,15,28,2343,22,5,46,0,,1,103.0,2,111.0,3,111.0,0,,15,66,15,34.0,1,123.0,9.0,84.0,29.0,19.0,청명남로50번길,1227.2727272727273,서향,19,0,49,0,108,32,8.0,0,1
55.0,,50.0,2001.0,청명북로7번길,다가구,37.25230411,127.0789528,4,106,2013,48,5,29,0,,2,110.0,2,134.0,1,159.0,0,,12,74,15,37.0,1,186.0,2.0,158.0,30.0,20.0,청명북로7번길,,서향,19,0,42,0,99,38,1.0,0,0
26.0,500.0,50.0,2001.0,청명로21번길,다가구,37.24987045,127.0791242,0,18,1556,21,5,73,0,,2,54.0,0,,1,192.0,1,160.0,15,30,15,70.0,0,,2.0,150.0,25.0,15.0,청명로21번길,1409.090909090909,동향,23,0,46,9,97,70,9.0,0,0
98.0,,32.0,2000.0,청명북로,다가구,37.25200089,127.0786442,4,106,2013,48,5,29,0,,2,110.0,2,134.0,1,159.0,0,,12,74,15,37.0,1,186.0,2.0,158.0,30.0,20.0,청명북로7번길,,동향,19,0,42,0,99,38,1.0,0,0
20.0,200.0,25.0,2000.0,매영로415번길,다가구,37.24926384,127.0767878,0,18,1184,21,5,73,0,,2,54.0,0,,1,192.0,1,160.0,15,30,15,70.0,0,,2.0,150.0,18.0,8.0,매영로415번길,654.5454545454545,서향,26,2,51,28,110,81,12.0,0,4
23.0,500.0,44.0,2000.0,청명로59번길,다가구,37.25238872,127.0797521,4,106,2013,48,5,29,0,,2,110.0,2,134.0,1,159.0,0,,12,74,15,37.0,1,186.0,2.0,158.0,30.0,20.0,청명북로7번길,1300.0,서향,19,0,42,0,99,38,1.0,0,0
69.0,,85.0,2001.0,청명로77번길,다가구,37.25351842,127.078502,15,28,2050,22,5,46,0,,1,103.0,2,111.0,3,111.0,0,,15,66,15,34.0,1,123.0,9.0,84.0,32.0,22.0,청명로77번길,,서향,17,0,41,0,102,32,2.0,0,1
60.0,,67.0,2015.0,청명북로,다가구,37.25200089,127.0786442,4,106,2013,48,5,29,0,,2,110.0,2,134.0,1,159.0,0,,12,74,15,37.0,1,186.0,2.0,158.0,30.0,20.0,청명북로7번길,,동향,19,0,42,0,99,38,1.0,0,0
58.0,,78.0,1998.0,청명로77번길,다가구,37.25351842,127.078502,15,28,2050,22,5,46,0,,1,103.0,2,111.0,3,111.0,0,,15,66,15,34.0,1,123.0,9.0,84.0,32.0,22.0,청명로77번길,,서향,17,0,41,0,102,32,2.0,0,1
83.0,,50.0,1998.0,청명남로4번길,단독,37.25000708,127.0739079,10,22,1276,14,3,61,0,,2,176.0,1,58.0,1,190.0,1,144.0,15,15,15,34.0,1,96.0,3.0,175.0,24.0,14.0,청명남로4번길,,서향,17,0,53,24,131,86,16.0,1,4
25.0,500.0,40.0,2002.0,봉영로1492번길,다가구,37.24579719,127.0668252,5,27,1983,11,2,27,0,,2,172.0,1,172.0,0,,4,20.0,15,23,0,,1,181.0,,,35.0,25.0,봉영로1482번길,1227.2727272727273,Unknown,16,9,36,17,145,98,16.0,1,8
25.0,,0.0,2001.0,매영로415번길,다가구,37.24926384,127.0767878,0,18,1184,21,5,73,0,,2,54.0,0,,1,192.0,1,160.0,15,30,15,70.0,0,,2.0,150.0,18.0,8.0,매영로415번길,,서향,26,2,51,28,110,81,12.0,0,4
57.0,,73.0,1998.0,덕영대로1673번길,다가구,37.24816244,127.0743831,14,14,1031,11,3,27,0,,0,,0,,1,77.0,2,146.0,15,36,15,11.0,1,158.0,1.0,84.0,20.0,10.0,덕영대로1681번길,,동향,26,28,48,36,124,98,15.0,0,4
20.0,,0.0,,봉영로1482번길,단독,37.24532934,127.0665258,5,27,1983,11,2,27,0,,2,172.0,1,172.0,0,,4,20.0,15,23,0,,1,181.0,,,35.0,25.0,봉영로1482번길,,Unknown,16,9,36,17,145,98,16.0,0,8
25.0,,0.0,2001.0,청명남로50번길,다가구,37.25344537,127.0770957,15,28,2343,22,5,46,0,,1,103.0,2,111.0,3,111.0,0,,15,66,15,34.0,1,123.0,9.0,84.0,29.0,19.0,청명남로50번길,,서향,19,0,49,0,108,32,8.0,0,1
21.0,200.0,24.0,2001.0,청명로59번길,다가구,37.25238872,127.0797521,4,106,2013,48,5,29,0,,2,110.0,2,134.0,1,159.0,0,,12,74,15,37.0,1,186.0,2.0,158.0,30.0,20.0,청명북로7번길,636.3636363636364,서향,19,0,42,0,99,38,1.0,0,0
29.26,500.0,45.0,1999.0,매영로415번길,다가구,37.24926384,127.0767878,0,18,1184,21,5,73,0,,2,54.0,0,,1,192.0,1,160.0,15,30,15,70.0,0,,2.0,150.0,18.0,8.0,매영로415번길,1318.181818181818,서향,26,2,51,28,110,81,12.0,0,4
24.0,500.0,41.0,2000.0,반달로,다가구,37.25136983,127.0780484,4,106,1624,48,5,29,0,,2,110.0,2,134.0,1,159.0,0,,12,74,15,37.0,1,186.0,2.0,158.0,31.0,21.0,반달로,1245.4545454545455,남향,27,0,55,0,104,48,8.0,0,0
20.0,500.0,43.0,2001.0,영일로21번길,단독,37.2500458,127.0760096,0,18,1207,21,5,73,0,,2,54.0,0,,1,192.0,1,160.0,15,30,15,70.0,0,,2.0,150.0,19.0,9.0,영일로21번길,1281.818181818182,동향,26,0,57,24,118,78,14.0,0,2
20.0,,0.0,2000.0,봉영로1482번길,다가구,37.24532934,127.0665258,5,27,1983,11,2,27,0,,2,172.0,1,172.0,0,,4,20.0,15,23,0,,1,181.0,,,35.0,25.0,봉영로1482번길,,Unknown,16,9,36,17,145,98,16.0,0,8
26.0,500.0,40.0,2001.0,청명북로7번길,다가구,37.25230411,127.0789528,4,106,2013,48,5,29,0,,2,110.0,2,134.0,1,159.0,0,,12,74,15,37.0,1,186.0,2.0,158.0,30.0,20.0,청명북로7번길,1227.2727272727273,서향,19,0,42,0,99,38,1.0,0,0
28.0,,0.0,2000.0,매영로393번길,다가구,37.24989093,127.0749981,10,22,1214,14,3,61,0,,2,176.0,1,58.0,1,190.0,1,144.0,15,15,15,34.0,1,96.0,3.0,175.0,26.0,16.0,매영로393번길,,서향,21,0,57,27,124,86,17.0,1,3
22.0,200.0,28.0,2001.0,청명남로50번길,다가구,37.25344537,127.0770957,15,28,2343,22,5,46,0,,1,103.0,2,111.0,3,111.0,0,,15,66,15,34.0,1,123.0,9.0,84.0,29.0,19.0,청명남로50번길,709.090909090909,서향,19,0,49,0,108,32,8.0,0,1
25.0,,0.0,2002.0,봉영로1492번길,단독,37.24579719,127.0668252,5,27,1983,11,2,27,0,,2,172.0,1,172.0,0,,4,20.0,15,23,0,,1,181.0,,,35.0,25.0,봉영로1482번길,,Unknown,16,9,36,17,145,98,16.0,1,8
26.0,200.0,32.0,2000.0,청명남로50번길,다가구,37.25344537,127.0770957,15,28,2343,22,5,46,0,,1,103.0,2,111.0,3,111.0,0,,15,66,15,34.0,1,123.0,9.0,84.0,29.0,19.0,청명남로50번길,781.8181818181819,서향,19,0,49,0,108,32,8.0,0,1
20.0,500.0,39.0,,청명로43번길,다가구,37.25122722,127.0804941,4,106,1687,48,5,29,0,,2,110.0,2,134.0,1,159.0,0,,12,74,15,37.0,1,186.0,2.0,158.0,28.0,18.0,청명로43번길,1209.090909090909,서향,16,0,37,0,93,45,5.0,0,0
30.5,500.0,37.0,2000.0,청명남로50번길,다가구,37.25344537,127.0770957,15,28,2343,22,5,46,0,,1,103.0,2,111.0,3,111.0,0,,15,66,15,34.0,1,123.0,9.0,84.0,29.0,19.0,청명남로50번길,1172.7272727272727,서향,19,0,49,0,108,32,8.0,0,1
31.0,,0.0,2001.0,봉영로1482번길,단독,37.24532934,127.0665258,5,27,1983,11,2,27,0,,2,172.0,1,172.0,0,,4,20.0,15,23,0,,1,181.0,,,35.0,25.0,봉영로1482번길,,Unknown,16,9,36,17,145,98,16.0,0,8
22.0,500.0,43.0,2001.0,청명북로,다가구,37.25200089,127.0786442,4,106,2013,48,5,29,0,,2,110.0,2,134.0,1,159.0,0,,12,74,15,37.0,1,186.0,2.0,158.0,30.0,20.0,청명북로7번길,1281.818181818182,동향,19,0,42,0,99,38,1.0,0,0
36.0,,0.0,2001.0,봉영로1492번길,다가구,37.24579719,127.0668252,5,27,1983,11,2,27,0,,2,172.0,1,172.0,0,,4,20.0,15,23,0,,1,181.0,,,35.0,25.0,봉영로1482번길,,Unknown,16,9,36,17,145,98,16.0,1,8
23.0,,40.0,2000.0,청명북로,다가구,37.25200089,127.0786442,4,106,2013,48,5,29,0,,2,110.0,2,134.0,1,159.0,0,,12,74,15,37.0,1,186.0,2.0,158.0,30.0,20.0,청명북로7번길,,동향,19,0,42,0,99,38,1.0,0,0
21.0,,0.0,2001.0,청명남로50번길,다가구,37.25344537,127.0770957,15,28,2343,22,5,46,0,,1,103.0,2,111.0,3,111.0,0,,15,66,15,34.0,1,123.0,9.0,84.0,29.0,19.0,청명남로50번길,,서향,19,0,49,0,108,32,8.0,0,1
16.0,300.0,34.0,1998.0,청명남로4번길,다가구,37.25000708,127.0739079,10,22,1276,14,3,61,0,,2,176.0,1,58.0,1,190.0,1,144.0,15,15,15,34.0,1,96.0,3.0,175.0,24.0,14.0,청명남로4번길,918.181818181818,서향,17,0,53,24,131,86,16.0,1,4
24.0,500.0,42.0,2002.0,청명로77번길,다가구,37.25351842,127.078502,15,28,2050,22,5,46,0,,1,103.0,2,111.0,3,111.0,0,,15,66,15,34.0,1,123.0,9.0,84.0,32.0,22.0,청명로77번길,1263.6363636363635,서향,17,0,41,0,102,32,2.0,0,1
20.0,,0.0,2001.0,청명남로50번길,다가구,37.25344537,127.0770957,15,28,2343,22,5,46,0,,1,103.0,2,111.0,3,111.0,0,,15,66,15,34.0,1,123.0,9.0,84.0,29.0,19.0,청명남로50번길,,서향,19,0,49,0,108,32,8.0,0,1
24.0,300.0,37.0,2000.0,청명북로7번길,다가구,37.25230411,127.0789528,4,106,2013,48,5,29,0,,2,110.0,2,134.0,1,159.0,0,,12,74,15,37.0,1,186.0,2.0,158.0,30.0,20.0,청명북로7번길,972.7272727272727,서향,19,0,42,0,99,38,1.0,0,0
22.9,300.0,36.0,2001.0,청명로77번길,다가구,37.25351842,127.078502,15,28,2050,22,5,46,0,,1,103.0,2,111.0,3,111.0,0,,15,66,15,34.0,1,123.0,9.0,84.0,32.0,22.0,청명로77번길,954.5454545454544,서향,17,0,41,0,102,32,2.0,0,1
34.0,,55.0,2001.0,봉영로1482번길,단독,37.24532934,127.0665258,5,27,1983,11,2,27,0,,2,172.0,1,172.0,0,,4,20.0,15,23,0,,1,181.0,,,35.0,25.0,봉영로1482번길,,Unknown,16,9,36,17,145,98,16.0,0,8
24.0,,16.0,2000.0,청명로59번길,다가구,37.25238872,127.0797521,4,106,2013,48,5,29,0,,2,110.0,2,134.0,1,159.0,0,,12,74,15,37.0,1,186.0,2.0,158.0,30.0,20.0,청명북로7번길,,서향,19,0,42,0,99,38,1.0,0,0
20.0,300.0,40.0,1999.0,청명남로4번길,다가구,37.25000708,127.0739079,10,22,1276,14,3,61,0,,2,176.0,1,58.0,1,190.0,1,144.0,15,15,15,34.0,1,96.0,3.0,175.0,24.0,14.0,청명남로4번길,1027.2727272727273,서향,17,0,53,24,131,86,16.0,1,4
22.11,300.0,32.0,2003.0,봉영로1492번길,다가구,37.24579719,127.0668252,5,27,1983,11,2,27,0,,2,172.0,1,172.0,0,,4,20.0,15,23,0,,1,181.0,,,35.0,25.0,봉영로1482번길,881.8181818181819,Unknown,16,9,36,17,145,98,16.0,1,8
27.0,,0.0,2000.0,봉영로1492번길,다가구,37.24579719,127.0668252,5,27,1983,11,2,27,0,,2,172.0,1,172.0,0,,4,20.0,15,23,0,,1,181.0,,,35.0,25.0,봉영로1482번길,,Unknown,16,9,36,17,145,98,16.0,1,8
20.0,300.0,32.0,2000.0,청명북로7번길,다가구,37.25230411,127.0789528,4,106,2013,48,5,29,0,,2,110.0,2,134.0,1,159.0,0,,12,74,15,37.0,1,186.0,2.0,158.0,30.0,20.0,청명북로7번길,881.8181818181819,서향,19,0,42,0,99,38,1.0,0,0
27.0,500.0,42.0,1998.0,영일로,다가구,37.24791274,127.0754779,14,14,1031,11,3,27,0,,0,,0,,1,77.0,2,146.0,15,36,15,11.0,1,158.0,1.0,84.0,20.0,10.0,덕영대로1681번길,1263.6363636363635,동향,26,28,48,36,124,98,15.0,0,4
25.0,,0.0,2001.0,매영로415번길,다가구,37.24926384,127.0767878,0,18,1184,21,5,73,0,,2,54.0,0,,1,192.0,1,160.0,15,30,15,70.0,0,,2.0,150.0,18.0,8.0,매영로415번길,,서향,26,2,51,28,110,81,12.0,0,4
45.0,,60.0,1998.0,덕영대로1681번길,다가구,37.2480919,127.0753141,14,14,1031,11,3,27,0,,0,,0,,1,77.0,2,146.0,15,36,15,11.0,1,158.0,1.0,84.0,20.0,10.0,덕영대로1681번길,,동향,26,28,48,36,124,98,15.0,1,3
25.0,200.0,30.0,2001.0,청명북로,다가구,37.25200089,127.0786442,4,106,2013,48,5,29,0,,2,110.0,2,134.0,1,159.0,0,,12,74,15,37.0,1,186.0,2.0,158.0,30.0,20.0,청명북로7번길,745.4545454545455,동향,19,0,42,0,99,38,1.0,0,0
23.0,300.0,39.0,2001.0,청명로59번길,다가구,37.25238872,127.0797521,4,106,2013,48,5,29,0,,2,110.0,2,134.0,1,159.0,0,,12,74,15,37.0,1,186.0,2.0,158.0,30.0,20.0,청명북로7번길,1009.0909090909092,서향,19,0,42,0,99,38,1.0,0,0
38.0,,60.0,2000.0,봉영로1482번길,단독,37.24532934,127.0665258,5,27,1983,11,2,27,0,,2,172.0,1,172.0,0,,4,20.0,15,23,0,,1,181.0,,,35.0,25.0,봉영로1482번길,,Unknown,16,9,36,17,145,98,16.0,0,8
23.0,500.0,28.0,2001.0,청명로59번길,다가구,37.25238872,127.0797521,4,106,2013,48,5,29,0,,2,110.0,2,134.0,1,159.0,0,,12,74,15,37.0,1,186.0,2.0,158.0,30.0,20.0,청명북로7번길,1009.090909090909,서향,19,0,42,0,99,38,1.0,0,0
25.0,,0.0,2002.0,봉영로1492번길,단독,37.24579719,127.0668252,5,27,1983,11,2,27,0,,2,172.0,1,172.0,0,,4,20.0,15,23,0,,1,181.0,,,35.0,25.0,봉영로1482번길,,Unknown,16,9,36,17,145,98,16.0,1,8
22.0,500.0,32.0,2001.0,봉영로1482번길,다가구,37.24532934,127.0665258,5,27,1983,11,2,27,0,,2,172.0,1,172.0,0,,4,20.0,15,23,0,,1,181.0,,,35.0,25.0,봉영로1482번길,1081.818181818182,Unknown,16,9,36,17,145,98,16.0,0,8
24.0,500.0,40.0,1998.0,덕영대로1673번길,다가구,37.24816244,127.0743831,14,14,1031,11,3,27,0,,0,,0,,1,77.0,2,146.0,15,36,15,11.0,1,158.0,1.0,84.0,20.0,10.0,덕영대로1681번길,1227.2727272727273,동향,26,28,48,36,124,98,15.0,0,4
25.0,500.0,40.0,2001.0,봉영로1482번길,다가구,37.24532934,127.0665258,5,27,1983,11,2,27,0,,2,172.0,1,172.0,0,,4,20.0,15,23,0,,1,181.0,,,35.0,25.0,봉영로1482번길,1227.2727272727273,Unknown,16,9,36,17,145,98,16.0,0,8
20.0,500.0,39.0,2001.0,청명로43번길,다가구,37.25122722,127.0804941,4,106,1687,48,5,29,0,,2,110.0,2,134.0,1,159.0,0,,12,74,15,37.0,1,186.0,2.0,158.0,28.0,18.0,청명로43번길,1209.090909090909,서향,16,0,37,0,93,45,5.0,0,0
20.0,500.0,38.0,2001.0,청명로43번길,다가구,37.25122722,127.0804941,4,106,1687,48,5,29,0,,2,110.0,2,134.0,1,159.0,0,,12,74,15,37.0,1,186.0,2.0,158.0,28.0,18.0,청명로43번길,1190.909090909091,서향,16,0,37,0,93,45,5.0,0,0
24.0,500.0,32.0,2001.0,봉영로1482번길,다가구,37.24532934,127.0665258,5,27,1983,11,2,27,0,,2,172.0,1,172.0,0,,4,20.0,15,23,0,,1,181.0,,,35.0,25.0,봉영로1482번길,1081.818181818182,Unknown,16,9,36,17,145,98,16.0,0,8
27.0,,0.0,2000.0,봉영로1492번길,다가구,37.24579719,127.0668252,5,27,1983,11,2,27,0,,2,172.0,1,172.0,0,,4,20.0,15,23,0,,1,181.0,,,35.0,25.0,봉영로1482번길,,Unknown,16,9,36,17,145,98,16.0,1,8
20.0,,0.0,2001.0,청명남로50번길,단독,37.25344537,127.0770957,15,28,2343,22,5,46,0,,1,103.0,2,111.0,3,111.0,0,,15,66,15,34.0,1,123.0,9.0,84.0,29.0,19.0,청명남로50번길,,서향,19,0,49,0,108,32,8.0,0,1
23.0,,0.0,1999.0,청명로59번길,다가구,37.25238872,127.0797521,4,106,2013,48,5,29,0,,2,110.0,2,134.0,1,159.0,0,,12,74,15,37.0,1,186.0,2.0,158.0,30.0,20.0,청명북로7번길,,서향,19,0,42,0,99,38,1.0,0,0
24.0,500.0,46.0,2003.0,청명남로50번길,다가구,37.25344537,127.0770957,15,28,2343,22,5,46,0,,1,103.0,2,111.0,3,111.0,0,,15,66,15,34.0,1,123.0,9.0,84.0,29.0,19.0,청명남로50번길,1336.3636363636365,서향,19,0,49,0,108,32,8.0,0,1
23.09,500.0,44.0,2001.0,영일로,다가구,37.24791274,127.0754779,14,14,1031,11,3,27,0,,0,,0,,1,77.0,2,146.0,15,36,15,11.0,1,158.0,1.0,84.0,20.0,10.0,덕영대로1681번길,1300.0,동향,26,28,48,36,124,98,15.0,0,4
21.0,300.0,30.0,2001.0,봉영로1482번길,다가구,37.24532934,127.0665258,5,27,1983,11,2,27,0,,2,172.0,1,172.0,0,,4,20.0,15,23,0,,1,181.0,,,35.0,25.0,봉영로1482번길,845.4545454545455,Unknown,16,9,36,17,145,98,16.0,0,8
103.0,,44.0,1999.0,청명로59번길,다가구,37.25238872,127.0797521,4,106,2013,48,5,29,0,,2,110.0,2,134.0,1,159.0,0,,12,74,15,37.0,1,186.0,2.0,158.0,30.0,20.0,청명북로7번길,,서향,19,0,42,0,99,38,1.0,0,0
28.0,500.0,42.0,2000.0,덕영대로1673번길,다가구,37.24816244,127.0743831,14,14,1031,11,3,27,0,,0,,0,,1,77.0,2,146.0,15,36,15,11.0,1,158.0,1.0,84.0,20.0,10.0,덕영대로1681번길,1263.6363636363635,동향,26,28,48,36,124,98,15.0,0,4
31.2,500.0,41.0,2000.0,청명남로50번길,다가구,37.25344537,127.0770957,15,28,2343,22,5,46,0,,1,103.0,2,111.0,3,111.0,0,,15,66,15,34.0,1,123.0,9.0,84.0,29.0,19.0,청명남로50번길,1245.4545454545455,서향,19,0,49,0,108,32,8.0,0,1
26.0,500.0,39.0,2001.0,매영로425번길,다가구,37.24886123,127.0779064,0,18,1237,21,5,73,0,,2,54.0,0,,1,192.0,1,160.0,15,30,15,70.0,0,,2.0,150.0,27.0,17.0,매영로425번길,1209.090909090909,동향,26,6,49,27,103,80,8.0,0,5
44.0,,30.0,2010.0,영통로351번길,다가구,37.25715617,127.0646219,8,42,1184,28,2,70,0,,2,70.0,0,,0,,0,,1,72,6,26.0,0,,0.0,,-1.0,,,,Unknown,0,0,0,0,0,0,,0,2
18.0,500.0,40.0,2002.0,청명남로4번길,다가구,37.25000708,127.0739079,10,22,1276,14,3,61,0,,2,176.0,1,58.0,1,190.0,1,144.0,15,15,15,34.0,1,96.0,3.0,175.0,24.0,14.0,청명남로4번길,1227.2727272727273,서향,17,0,53,24,131,86,16.0,1,4
23.0,200.0,28.0,2000.0,청명로59번길,다가구,37.25238872,127.0797521,4,106,2013,48,5,29,0,,2,110.0,2,134.0,1,159.0,0,,12,74,15,37.0,1,186.0,2.0,158.0,30.0,20.0,청명북로7번길,709.090909090909,서향,19,0,42,0,99,38,1.0,0,0
18.0,500.0,40.0,2000.0,영일로,다가구,37.24791274,127.0754779,14,14,1031,11,3,27,0,,0,,0,,1,77.0,2,146.0,15,36,15,11.0,1,158.0,1.0,84.0,20.0,10.0,덕영대로1681번길,1227.2727272727273,동향,26,28,48,36,124,98,15.0,0,4
24.0,500.0,40.0,2001.0,청명남로12번길,다가구,37.25082627,127.0747557,10,22,1635,14,3,61,0,,2,176.0,1,58.0,1,190.0,1,144.0,15,15,15,34.0,1,96.0,3.0,175.0,22.0,12.0,청명남로12번길,1227.2727272727273,서향,20,0,54,9,125,63,16.0,0,3
21.0,700.0,45.0,2001.0,청명로59번길,다가구,37.25238872,127.0797521,4,106,2013,48,5,29,0,,2,110.0,2,134.0,1,159.0,0,,12,74,15,37.0,1,186.0,2.0,158.0,30.0,20.0,청명북로7번길,1518.181818181818,서향,19,0,42,0,99,38,1.0,0,0
